qid,question_text
0,Which country the director of film Lilli'S Marriage is from?
1,"What is the place of birth of the director of film I Love, You Love?"
2,Where was the place of death of the director of film Gold And The Woman?
3,What is the place of birth of the director of film Lăutarii?
4,What nationality is Archduke Leopold Salvator Of Austria's father?
5,Where was the director of film Father And The Boys born?
6,Where did the composer of film Onappudava die?
7,Where was the place of death of Naïma Ben Ali's husband?
8,What nationality of the company that published Prague Papers On The History Of International Relations?
9,Where does the director of film Triple Agent work at?
10,What is the award that the director of film Footy Legends won?
11,Where was the place of death of the director of film Basta Guardarla?
12,Where was the director of film Mister Scarface born?
13,Where does the director of film Love In The Afternoon (1972 Film) work at?
14,When did the director of film The General Line die?
15,What is the cause of death of Joan Of England (1335–1348)'s mother?
16,"Where was the place of death of Engelbert I, Count Of Berg's father?"
17,When did Cezaria Jędrzejewiczowa's father die?
18,What is the place of birth of the director of film My Country'S Wings?
19,Where does the director of film Gallopin' Gals work at?
20,Who is the spouse of the performer of song Burnin' Up (Faith Evans Song)?
21,Where did the director of film Walkover (Film) graduate from?
22,Where was the place of death of Ankhesenamun's mother?
23,What is the place of birth of the director of film Hikikomori: Tokyo Plastic?
24,What is the place of birth of the director of film Thrilling Youth?
25,What is the place of birth of the director of film The Death Dance?
26,What nationality is Noemie Fox's mother?
27,Who is the father of the director of film Red 2 (Film)?
28,Which country the performer of song What You Need From Me is from?
29,Where was the director of film Alaska.De born?
30,What is the date of death of Timothy Shriver's father?
31,When did Prince Alexander Romanov's father die?
32,Where did Saw Thanda's husband die?
33,What is the place of birth of the composer of song Bullet (Misfits Song)?
34,Where was the place of death of the director of film Girl Loves Boy?
35,Where was the director of film Tremors 4: The Legend Begins born?
36,What is the place of birth of Hibbert Newton Binney's father?
37,"Which country Maria Of Portugal, Duchess Of Viseu's mother is from?"
38,Who is the spouse of the director of film The Deserter'S Wife?
39,What nationality is Phintys's father?
40,"When did Albert Ii, Prince Of Monaco's mother die?"
41,What is the place of birth of Lorenza Agoncillo's mother?
42,What nationality is Isabelle Coutant-Peyre's husband?
43,Where did Elizabeth Tudor (1492–1495)'s mother die?
44,What is the place of birth of David Lee Child's wife?
45,"When is Philip Ii, Margrave Of Baden-Baden's mother's birthday?"
46,What is the place of birth of Marie De Valois's father?
47,Where was the place of death of the director of film Las Tecnologías Pesqueras?
48,Who is the spouse of the performer of song Cien Años?
49,Which award the director of film Jo Jeeta Wohi Sikandar received?
50,What nationality is the director of film Astronauts Gone Wild?
51,Where was the husband of Emibai Jinnah born?
52,Where was the wife of Francis I Rákóczi born?
53,Where was the director of film Pay Box Adventure born?
54,Where does the director of film Academy Of Doom work at?
55,What is the place of birth of the performer of song Slow Down (Lacy J. Dalton Song)?
56,What is the place of birth of the director of film Blues Metropolitano?
57,Where was the place of death of Johanna Sibylla Of Hanau-Lichtenberg's mother?
58,Who is the spouse of the director of film Ann Carver'S Profession?
59,When is Bakaffa's father's birthday?
60,Where was the place of burial of the performer of song Honky-Tonk Man?
61,What is the award that the director of film Hyderabad Blues 2 got?
62,What is the award that the performer of song The Attitude Song won?
63,Where was the director of film Sju Svarta Be-Hå born?
64,Where was the place of death of the director of film The Beautiful Otero?
65,Where was the director of film Nights In Andalusia born?
66,What is the place of birth of the performer of song Changed It?
67,"When did Edmund Grey, 1St Earl Of Kent's father die?"
68,When was the company that published The Miscellany News founded?
69,Where did the director of film Out Of The Fog (1919 Film) die?
70,What is the place of birth of Áine Furey's father?
71,When was Gerald Drummond (Athlete)'s father born?
72,Which country the director of film Sarah Silverman: Jesus Is Magic is from?
73,What is the place of birth of the composer of film Tana (Film)?
74,"Where was the mother of Theresa Of Portugal, Queen Of León born?"
75,What nationality is the director of film No Tomorrow (Film)?
76,Where did the director of film The Black Star (Film) die?
77,Where was the performer of song Oceania (Song) born?
78,"When did Leka, Crown Prince Of Albania (Born 1982)'s mother die?"
79,Where was the place of death of Christiane Eberhardine Of Brandenburg-Bayreuth's husband?
80,Who is the spouse of the director of film Bangla Bachao?
81,"Where was the place of death of Sir James Abercrombie, 1St Baronet's father?"
82,Where did Nello Rosselli's mother die?
83,What nationality is Ilghazi's father?
84,What nationality is Urania Mella Serrano's father?
85,What is the place of birth of the director of film Clowning Around?
86,Where was the place of burial of Yakov Dzhugashvili's mother?
87,What is the place of birth of Amy Ashwood Garvey's husband?
88,Where was the husband of Princess Alexandra Of Anhalt born?
89,Where was the place of burial of Dexter King's mother?
90,Which country Psusennes I's father is from?
91,"Where was the place of death of Humphrey Stafford, Earl Of Stafford's father?"
92,What nationality is the director of film Cuidado Con Las Imitaciones?
93,Where did Bartolomeo Zaccaria's father die?
94,"Which country Dorothea Of Denmark, Duchess Of Mecklenburg's father is from?"
95,When is Gomes Echigues's father's birthday?
96,When was the company that published National Contest Journal founded?
97,What is the place of birth of the director of film The Great Awakening (Film)?
98,Where was the director of film Hold That Girl born?
99,Where was the performer of song Stranded (Agnes Carlsson Song) born?
100,Where did the composer of film Mama'S Boy study?
101,Where did the director of film Asunto Terminado die?
102,Where did the director of film Oh! This Bavaria! die?
103,"When did Richard De Clare, 6Th Earl Of Gloucester's mother die?"
104,What nationality is the director of film Enfantasme?
105,What is the place of birth of the director of film Halo 4: Forward Unto Dawn?
106,When was the director of film Ika Hands born?
107,Who is the father of the director of film Magic Hunter?
108,Where did Humphry Sibthorp (Botanist)'s father study?
109,Where was the director of film The Poll Diaries born?
110,When was Joseph-Édouard Perrault's father born?
111,Where did Eric Hung's father die?
112,Where did Elżbieta Szydłowiecka's father die?
113,What is the place of birth of the director of film 911 Nightmare?
114,What is the place of birth of the director of film Requirements To Be A Normal Person?
115,Where did William Neville (Poet)'s father die?
116,Where was the composer of film Post Master born?
117,"When did John Of Luxembourg, Count Of Soissons's father die?"
118,Where was the husband of Mary Pat Christie born?
119,Where was the place of death of Abu'L-Hasan Ali Ibn Al-Ikhshid's father?
120,Where did the creator of The Muppets On Puppets study?
121,What is the date of death of Princess Lalla Nuzha Of Morocco's mother?
122,Where was the place of burial of Bülbül Hatun's husband?
123,What is the place of birth of Patricia Kennedy Lawford's father?
124,Where was the performer of song My Own Kind Of Hat born?
125,What nationality is the director of film The Devil'S Advocate (1977 Film)?
126,Where was the father of Stephan Henrik Barratt-Due born?
127,What is the date of birth of Benjamin Kendrick Pierce's father?
128,Where did Edward Eversfield's father study?
129,"Where did Adolph Of Cleves, Lord Of Ravenstein's mother die?"
130,Where did the director of film Barry (1949 Film) die?
131,What is the place of birth of Empress Xu (Ming Dynasty)'s husband?
132,When did Lothair Ii's mother die?
133,"What is the date of death of Philibert I, Duke Of Savoy's mother?"
134,Who is the child of the performer of song La Voix (Song)?
135,What is the place of birth of the director of film El Calavera?
136,Which country Agga Mahethi Of Pagan's husband is from?
137,What is the date of death of the composer of film Ben-Hur (1959 Film)?
138,What is the place of birth of Abdul-Aziz Bin Muhammad's father?
139,Where did the director of film Camille (1915 Film) die?
140,What is the date of death of the director of film The Picture Of Dorian Grey (1915 Film)?
141,Where was the director of film Highway Dragnet born?
142,What is the place of birth of the director of film Jeremy Scott: The People'S Designer?
143,"Where was the place of burial of William Nevill, 4Th Earl Of Abergavenny's father?"
144,Where does the director of film Around A Small Mountain work at?
145,What nationality is the director of film The Tower Of Lies?
146,"What nationality is the performer of song Daddy, Come Home?"
147,Where was the place of death of the director of film Holiday In Tyrol?
148,When is Louis Charles De La Trémoille's father's birthday?
149,What is the place of birth of the director of film Beowulf & Grendel?
150,Where was the place of burial of Maurice De Saxe's father?
151,What is the place of birth of the director of film Arabian Love?
152,"Where was the composer of song Oh Boy, Oh Boy, Oh Boy! born?"
153,What is the date of death of Thomas Henty's father?
154,Where was the place of death of the director of film Killer'S Kiss?
155,When was the director of film I Want Someone To Eat Cheese With born?
156,Where was the father of Ștefan I. Nenițescu born?
157,What is the place of birth of Hilda González De Duhalde's husband?
158,Which country Marcus (Son Of Basiliscus)'s father is from?
159,Where does Jean David-Weill's father work at?
160,What is the date of death of Catherine Of Guelders's father?
161,Who is the spouse of the editor of magazine Camera Notes?
162,"When did Philipp, Duke Of Saxe-Merseburg-Lauchstädt's father die?"
163,Where was the place of death of the director of film Lady Paname?
164,What nationality of the company that published Game Developer (Magazine)?
165,Where did the director of film Free Lips die?
166,What is the place of birth of the director of film Fortunella (Film)?
167,Where does the director of film Cursed For Gold work at?
168,Which country the composer of film Brecha (2009 Film) is from?
169,Where does William Goodfellow (Executive)'s wife work at?
170,Who is the spouse of the director of film Shaadi Ka Laddoo?
171,"Where did Edward, 2Nd Duke Of York's father die?"
172,Where was the director of film Trouble Sleeping (Film) born?
173,Who is the mother of the director of film Death Of A Corrupt Man?
174,Where was the mother of Christiane Of Saxe-Merseburg born?
175,What is the place of birth of Jean Galli De Bibiena's father?
176,What is the date of birth of Thoby Stephen's father?
177,Where was the place of death of Archie Pitt's wife?
178,Who is the father of the founder of university Gujarat Vidyapith?
179,What nationality is Lois Neilson's husband?
180,Who is the spouse of the performer of song Scandinavian Skies?
181,Which country Luitgard (Frankish Queen)'s husband is from?
182,What nationality is Giorgos Xylouris's father?
183,What is the place of birth of the director of film Chinnari Mutha?
184,"Where was the place of death of Geoffrey Plantagenet, Count Of Anjou's wife?"
185,When did Floris Of Montmorency's mother die?
186,"When did Joanna, Duchess Of Durazzo's father die?"
187,What is the place of birth of Tatiana Schlossberg's mother?
188,Where did the composer of song That Certain Feeling die?
189,What nationality is the director of film Three Little Twirps?
190,"Where did Philip I, Count Of Schaumburg-Lippe's father die?"
191,Where was the father of Horatio Powys born?
192,Where did the composer of film Pepo (Film) die?
193,What is the date of death of Æthelmær The Stout's father?
194,Where did the director of film Holiday Affair die?
195,What is the place of birth of Princess Margaretha Of Saxony's mother?
196,When did the composer of film Through A Glass Darkly (Film) die?
197,Where was the place of death of Sisowath Kossamak's husband?
198,"What is the date of death of John Browne, 1St Marquess Of Sligo's father?"
199,Who is the spouse of the director of film Macadam Stories?
200,Which country the director of film A Man Called Hero is from?
201,What nationality is the director of film They Call It Love?
202,What nationality is Saw Hnaung Of Sagaing's husband?
203,"When did Frances Vane, Marchioness Of Londonderry's father die?"
204,Where did the composer of song Let'S Call The Whole Thing Off die?
205,"What is the date of death of William Annesley, 3Rd Earl Annesley's father?"
206,"What is the date of birth of Henry Prittie, 2Nd Baron Dunalley's father?"
207,Who is the spouse of the performer of song Neurotic Society (Compulsory Mix)?
208,What is the date of death of Yuan Qigui's husband?
209,What is the place of birth of the director of film The White Terror (Film)?
210,What nationality is the composer of film White Horse Inn (1948 Film)?
212,Where was the place of death of Magnus Ii Of Norway's father?
213,Where was the director of film Top Of The Form (Film) born?
214,Who is the spouse of the director of film Rodney Steps In?
215,"What is the date of death of George Waldegrave, 5Th Earl Waldegrave's mother?"
216,When was Ting-Xing Ye's husband born?
217,What nationality is the performer of song Harabo Toke?
218,Where did Aphareus (Writer)'s father die?
219,What nationality is the director of film El Día Que Me Quieras (1935 Film)?
220,What is the place of birth of Hatheburg Of Merseburg's husband?
221,Which country the director of film Witchville is from?
222,When did the director of film Women'S Games die?
223,Who is the father of the founder of university University Of Göttingen?
224,What is the place of birth of Minnie Cumnock Blodgett's husband?
225,Why did Maria Vladimirovna Of Staritsa's father die?
226,When is Octavius Vernon Harcourt's father's birthday?
227,What is the date of birth of the founder of Mcgraw Electric?
228,Which country Anna Jagiellon's mother is from?
229,What nationality is Francesca Von Habsburg's husband?
230,When did William Ii Crispo's father die?
231,Where was the director of film 33 Scenes From Life born?
232,Where was the director of film Pistol Whipped born?
233,Where was the place of death of the director of film Women'S Club (1956 Film)?
234,Where was the father of Pierre Brissaud born?
235,What is the place of birth of the director of film Crime By Night?
236,Where was the director of film Mohawk (2017 Film) born?
237,Where was the wife of Lev Karakhan born?
238,Who is the spouse of the director of film Mcdull: Me & My Mum?
239,Who is the mother of the director of film Bad Company (1995 Film)?
240,Who is the mother of the director of film Dalida (2017 Film)?
241,What nationality is Maria Anna Vasa's mother?
242,What nationality is Gianfrancesco Gonzaga (1446–1496)'s mother?
243,"What nationality is the performer of song Papa, Can You Hear Me??"
244,Where was the place of death of the founder of Interval Research Corporation?
245,What is the place of birth of Claudia Augusta's mother?
246,Where was the performer of song Yayo (Lana Del Rey Song) born?
247,Where did John M. Olin's father die?
248,Which country the director of film Our Emden is from?
249,Where was the composer of song Unravel born?
250,What is the date of birth of the director of film Axolotl Overkill?
251,"Which country Thomas Lyon-Bowes, Lord Glamis's father is from?"
252,What is the place of birth of the director of film Technotise: Edit & I?
253,When did Princess Stéphanie Of Monaco's mother die?
254,Which country Nicole Briscoe's husband is from?
255,Where was the place of death of the director of film Girl In The Headlines?
256,Where did Theodore Salisbury Woolsey's father study?
257,Who was the teacher of the composer of song Prometheus (Art Song)?
258,What is the place of birth of Princess Anne Of Löwenstein-Wertheim-Freudenberg's husband?
259,Where was the father of Duchess Maria Dorothea Of Württemberg born?
260,Where was the director of film Medal Of Honor (Film) born?
261,Where was the place of death of the director of film Circle Of The Sun?
262,Where was the place of death of the director of film Spangles (1926 Film)?
263,Where does the director of film Man At Bath work at?
264,Which country the performer of song Latin Moon is from?
265,Where was the father of Tony Bettenhausen Jr. born?
266,Where did the director of film Back Long Ago die?
267,What is the place of birth of Sextus Barbour's father?
268,Where was the husband of Margaret Lloyd George born?
269,What nationality is the director of film Fix (Film)?
270,Who is the spouse of the performer of song Hold On (Rosanne Cash Song)?
271,Where did the performer of song I Can Sing A Rainbow die?
272,Where did the director of film Late Night (Film) study?
273,What is the place of birth of the director of film Nammoora Raja?
274,Where does George Charles Wallich's father work at?
275,"What is the place of birth of the director of film Smile, Brother, Smile?"
276,What is the place of birth of the performer of song Good Time Charlie'S Got The Blues?
277,Where was the performer of song Jump (Julia Michaels Song) born?
278,Where was the director of film Code Name: The Cleaner born?
279,What is the place of birth of the founder of university Catholic University In Erbil?
280,Where did Louis Of Nassau's mother die?
281,Where was the director of film Inconceivable (2008 Film) born?
282,Where was the father of Edward The Exile born?
283,Where did the director of film Bangalore Naatkal graduate from?
284,Where was the place of burial of Cleopatra Of Jerusalem's husband?
285,When was Otto Iii Van Holland's father born?
286,What is the place of birth of the director of film Pages Of Life (Film)?
287,Where was the father of Baw Ngan-Mohn born?
288,Where did Tekla Chemabwai's husband study at?
289,Where did Francis W. Rockwell's father study?
290,Where did Pilar Del Río's husband die?
291,Who is the father of the director of film Sources Of Life?
292,Where did the director of film Akcja Pod Arsenałem graduate from?
293,Where did M. K. Muthu's father die?
294,When did Princess Pauline Of Saxe-Weimar-Eisenach's husband die?
295,Which country the creator of Pirate Master is from?
296,"What is the place of birth of John Penn (""The American"")'s father?"
297,Where did the director of film The Woman In The Hall study?
298,Where was the place of burial of the director of film The Tunnel (1933 German-Language Film)?
299,Where did Elisabeth Zu Fürstenberg's husband die?
300,Where was the place of death of the director of film L'Attore Scomparso?
301,What nationality is the singer of Pre (Band)?
302,"Where did Albert V, Prince Of Anhalt-Dessau's father die?"
303,Where was the director of film Nothing Funny born?
304,Who is the father of the director of film Santa Claus Is A Stinker?
305,Where did Jessie Benton Frémont's father study?
306,What is the place of birth of Melanie Tem's husband?
307,"What is the date of birth of Richard Onslow, 3Rd Baron Onslow's father?"
308,What nationality is Zainab Sultan Begum's husband?
309,What is the place of birth of the composer of song Marilyn Monroe (Nicki Minaj Song)?
310,"Where did Evelyn Cecil, 1St Baron Rockley's father graduate from?"
311,Where was the place of death of Julia Minor (Sister Of Caesar)'s mother?
312,Where was the place of death of the director of film Joan Of Arc At The Stake?
313,Which award the director of film Mithunam (2012 Film) received?
314,Where did the director of film The House Of Bernarda Alba (1982 Film) die?
315,Where did Eugene S. Pulliam's father die?
316,What nationality is Margaret Of Hereford's mother?
317,What is the place of birth of Jamie Campbell (Documentary Filmmaker)'s wife?
318,Where was the director of film An Hour Before Dawn born?
319,What is the place of birth of Karin Stoltenberg's husband?
320,Where was the place of death of Alexander Carl Otto Westphal's father?
321,What is the place of birth of the director of film The Gentle Art Of Burglary?
322,What is the place of birth of the director of film The Strange Case Of Angelica?
323,What is the date of death of Polemon Ii Of Pontus's mother?
324,Where was the father of Muhammad Al-Nasir born?
325,What nationality is the performer of song Dear Sing Sing?
326,Where did the director of film Riders Of The Plains die?
328,What nationality is Haydar Mirza Safavi's father?
329,Where was the director of film Actrius born?
330,"Where was the husband of Isabella Of Castile, Duchess Of York born?"
331,Where was the father of Alexei Antonovich Of Brunswick born?
332,Where did Lewis Of Luxembourg's father die?
333,What is the date of birth of the performer of song Près De Moi?
334,What is the place of birth of the vocalist of Qui (Band) who joined the band in 2006?
335,Where did the composer of film Edavazhiyile Poocha Minda Poocha die?
336,Where was the place of death of Shin Hpa Of Pagan's husband?
337,What is the place of birth of Hind Bint Hamad Bin Khalifa Al-Thani's mother?
338,Where was the place of burial of Mirza Shah Abbas's father?
339,Where was the place of death of the composer of song A String Of Pearls (Song)?
340,What is the place of birth of the director of film The Venice Project?
341,Where does the director of film The Marquise Of O (Film) work at?
342,What is the place of birth of the director of film A Night In Venice (1953 Film)?
343,Where was the place of burial of Aleksandra Marianna Wiesiołowska's father?
344,When was Princess Maria Anna Of Saxony (1799–1832)'s husband born?
345,"What is the date of death of George Montagu, 6Th Earl Of Sandwich's father?"
346,What is the place of birth of K. T. Rama Rao's father?
347,Who is the father of the director of film The Cup (1999 Film)?
348,Where was the performer of song Her Strut born?
349,"What nationality is Amadeus Viii, Duke Of Savoy's mother?"
350,Where does Michael Reagan's mother work at?
351,"When did Joachim I, Prince Of Anhalt-Dessau's father die?"
352,What is the place of birth of the composer of film Somewhere In Time (Film)?
353,What nationality is the composer of film The Merry Monahans?
354,Where was the director of film The Private Life Of Cinema born?
355,What is the date of birth of Allegra Byron's mother?
356,"Where was the place of death of Ermengol Iii, Count Of Urgell's father?"
357,Which country the director of film Freakdog is from?
358,Where did Carlos Bee's father die?
359,Where did the director of film Der Schuß Durchs Fenster die?
360,Who is the mother of the director of film My Other Husband?
361,What is the date of birth of Alfonso Fadrique's father?
362,Where was the director of film Bewitching Kisses born?
363,When did Prince John Konstantinovich Of Russia's mother die?
364,"What is the date of birth of Magnus I, Duke Of Mecklenburg's mother?"
365,What is the date of death of Euphemia Of Münsterberg's father?
366,Where was the director of film The Fake Emir born?
367,Where was the place of death of the director of film The Silent Battle?
368,Where did Bouchard Iv Of Avesnes's father die?
369,"When did Robert, Count Of Burgundy's mother die?"
370,What nationality is the composer of film The Charming Young Lady (Film)?
371,Who is the spouse of the director of film Barefoot In The Park (Film)?
372,Where was the mother of Francis Ii Of France born?
373,What nationality is Arinjaya Chola's father?
374,What is the place of birth of the director of film White Vengeance?
375,What is the place of birth of the director of film Raid Dingue?
376,Where does the director of film Podokkhep work at?
377,Where was the place of death of John Jones (Ojibwa Chief)'s father?
378,What is the place of birth of the performer of song All Neon Like?
379,What is the place of birth of the founder of Meteomedia Ag?
380,When was the performer of song I'Ll Be A Bachelor 'Til I Die born?
381,Where was the director of film The Ladies Club born?
382,Where did the director of film The Escapist (2002 Film) study?
383,Where was the director of film Naked Violence (Film) born?
384,Where was the place of burial of Henry Sellon Boneval Latrobe's father?
385,Where was the director of film The Green Fog born?
386,Where did the director of film Battle Taxi die?
387,Where was the place of death of Helen Of Sweden (12Th Century)'s husband?
388,Which country the director of film Renegade Force is from?
389,"Where did Marie I De Coucy, Countess Of Soissons's husband die?"
390,Where was the husband of Joanna Elisabeth Of Holstein-Gottorp born?
391,"Where was the place of burial of Elizabeth Boleyn, Countess Of Wiltshire's husband?"
392,Who is the mother of the director of film La Cage Aux Folles 3: The Wedding?
393,Who is the spouse of the director of film Beautiful Mexico?
394,Where did the director of film The Picture Of Dorian Gray (1945 Film) graduate from?
395,Where was the director of film Taras Bulba (1924 Film) born?
396,Where was the place of burial of the director of film The Alamo (1960 Film)?
397,Where was the father of Deneys Reitz born?
398,When did Cristina Rodríguez (Noble)'s father die?
399,"Where was the place of death of William De Warenne, 2Nd Earl Of Surrey's father?"
400,Where did the director of film This World Made Itself; Myth And Infrastructure; Dreaming Of Lucid Living graduate from?
401,What is the place of birth of the director of film Dívka V Modrém?
402,Where does Eigil Helland-Hansen's father work at?
403,What is the place of birth of the director of film Makkaliralavva Mane Thumba?
404,Who is the father of the performer of song Instant Pleasure (Song)?
405,What nationality is the composer of film An Ideal Husband (1947 Film)?
406,Where does Vanessa Trump's husband work at?
407,What is the place of birth of the performer of song Thru Your Phone?
408,What is the date of death of Euphrosyne (9Th Century)'s mother?
409,"What is the date of death of Louis Ii, Count Palatine Of Zweibrücken's wife?"
410,Where was the place of death of Dmitri Sheremetev's father?
411,What is the place of birth of Nell Arthur's husband?
412,Where did the director of film Love Unto Waste study?
413,When was Sophie Charlotte Of Württemberg's father born?
414,What is the place of birth of the performer of song S.O.S. (Ola Song)?
415,Where does the composer of film The Top Of His Head work at?
416,Where was the director of film Los Motivos De Luz born?
417,Where was the father of Alexander Tom Cussons born?
418,Where was the place of death of the director of film Mr. Justice Raffles (Film)?
419,Who is the spouse of the director of film Love Between The Raindrops?
420,Which country Padmavati (Wife Of Ashoka)'s husband is from?
421,What is the place of birth of the director of film Charley'S Aunt (1925 Film)?
422,"What is the date of death of Philip, Count Of Egmont's father?"
423,"Where was the father of Victor Amadeus, Prince Of Anhalt-Bernburg born?"
424,Where was the director of film The Chair (Film) born?
425,"What nationality is Sophia I, Abbess Of Gandersheim's mother?"
426,"What is the date of birth of Catherine Of Foix, Countess Of Candale's mother?"
427,What nationality is Julia Parker (Astrologer)'s husband?
428,Where was the director of film Belle Toujours born?
429,Who is the father of the composer of film Durval Discos?
430,When was Prince Nikolai Of Denmark's mother born?
431,What nationality is Al-Aziz Uthman's father?
432,Where was the father of Emilio Azcárraga Milmo born?
433,What is the cause of death of performer of song Blues Run The Game?
434,Where does Valerie Pitts's husband work at?
435,What is the date of death of Edsel Ford Ii's father?
436,Which country the director of film Autumn Moon is from?
437,What is the place of birth of the director of film The Party Animal?
438,Where did the director of film Darra (Film) graduate from?
439,Where was the place of death of Temulin's father?
440,What is the date of death of the composer of film The V.I.P.S (Film)?
441,Where did Jewel Taylor's husband study at?
442,"Which country Albertine, Baroness Staël Von Holstein's father is from?"
443,Where did Eigil Helland-Hansen's father study?
444,What is the place of birth of Kai Linnilä's wife?
445,"When was Henry Fitzgerald-De Ros, 21St Baron De Ros's father born?"
446,What is the date of birth of Teddy Hart's father?
447,"What is the date of death of Leopold, Prince Of Hohenzollern's father?"
448,What is the place of birth of the director of film And The Spring Comes?
449,Where was the place of burial of Lady Philippa Stewart's mother?
450,When was Susanna Hall's father born?
451,What nationality is the performer of song You Can?
452,Where did the director of film Hurricane At Pilgrim Hill die?
453,Where was the husband of Bushra Bibi born?
454,Which country Eugen D'Albert's wife is from?
455,What is the place of birth of Maria Alexandrovna (Marie Of Hesse)'s father?
456,What is the place of birth of the director of film The Man Without A Face?
457,What nationality is Caroline Of Hesse-Homburg's father?
458,Where does Charles Patin's father work at?
459,Where was the place of burial of Amun-Her-Khepeshef's mother?
460,Where was the place of death of the composer of film Manhunt In The City?
461,"When did Stephen Moore, 2Nd Earl Mount Cashell's father die?"
462,"Where was the place of burial of John De Ferrers, 1St Baron Ferrers Of Chartley's father?"
463,Where was the mother of Marie Henriette Of Austria born?
464,Where was the director of film Inside The Walls Of Folsom Prison born?
465,Who is the spouse of the director of film Aladdin Aur Jadui Chirag?
466,Who is the spouse of the director of film Sweet Lies (Film)?
467,"When did Charles Powlett, 2Nd Baron Bayning's father die?"
468,Which country the director of film Nemesis 3: Prey Harder is from?
469,What is the place of birth of the director of film Der König Von Kreuzberg?
470,Where does the director of film Looking For Hortense work at?
471,"Which country Luís Of Portugal, Duke Of Beja's mother is from?"
472,"Which country Anne Lennard, Countess Of Sussex's father is from?"
473,What is the place of birth of the director of film A Lady Of Quality (1913 Film)?
474,Which country the director of film The Military Man is from?
475,What is the date of death of Rikky Von Opel's father?
476,Where was the place of burial of the director of film Maiden'S Cheek?
477,Where was the director of film Ronnie Rocket born?
478,When was Karl-Konstantin Von Habsburg's father born?
479,Where was the father of Prince Hashem Bin Abdullah born?
480,What is the award that the director of film Margaret Atwood: Once In August received?
481,Where does the director of film Made In U.S.A. (1987 Film) work at?
482,When did Mary Willing Byrd's father die?
483,When is Alfred V. Du Pont's father's birthday?
484,What is the date of death of Tsarevna Catherine Ivanovna Of Russia's mother?
485,"What is the place of birth of Albrecht Vii, Count Of Schwarzburg-Rudolstadt's father?"
486,Where does the director of film The Skin Game (1921 Film) work at?
487,Where did the director of film Alexander The Great (1956 Film) die?
488,Where did the director of film Search And Destroy (1995 Film) study?
489,What is the place of birth of Sverre Krogh Sundbø's mother?
490,What is the place of birth of the performer of song Dip (Song)?
491,What is the place of birth of the director of film Tremors 3: Back To Perfection?
492,What is the place of birth of the director of film The Company'S In Love?
493,Where was the place of death of Hedwig Of Masovia's father?
494,Who is the mother of the performer of song Sword Of Damocles (Rufus Wainwright Song)?
495,What is the date of death of Zita Of Bourbon-Parma's father?
496,Where was the place of death of Edsel Ford's father?
497,Where was the director of film Guns And Roses (2012 Film) born?
498,What is the cause of death of Pauline Robinson Bush's father?
499,Where was the director of film Ashok (Film) born?
500,Where was the director of film Wise Girl (Film) born?
501,Where was the place of death of the director of film Scugnizzi?
502,Where does the director of film All For Love (2012 Film) work at?
503,Where did Isaac B. Desha's father die?
504,Where was the director of film Pervirella born?
505,What is the place of birth of the director of film Head Against The Wall?
506,Where was the husband of Maude Smith born?
507,Where was the place of death of Princess Luise Of Anhalt-Bernburg's mother?
508,When is Victoria De Marichalar Y Borbón's father's birthday?
509,Where was the place of burial of Hedwig Of Nordgau's husband?
510,What is the place of birth of the director of film The Fighting Hombre?
511,"When is John Dalrymple, 12Th Earl Of Stair's father's birthday?"
512,Where did the composer of song L'Horizon Chimérique die?
514,"What is the date of death of Raoul I Of Brienne, Count Of Eu's father?"
515,What is the place of birth of the director of film The King'S Romance?
516,What is the place of birth of the director of film Swedenhielms?
517,Which award the director of film Ang Padrino won?
518,What is the place of birth of the director of film Melancholie Der Engel?
519,Where did the director of film Nanon (1938 Film) die?
520,What nationality is John Sigismund Vasa's mother?
521,"Where was the place of burial of Margaret Clifford, Countess Of Cumberland's father?"
522,What nationality of the company that published The Seer (Periodical)?
523,Which country Şehzade Ömer Hilmi's father is from?
524,What is the place of birth of Thomas Tidholm's wife?
525,What is the place of birth of the director of film Outside The Wall (Film)?
526,What nationality is Wang Shen'Ai's father?
527,Which country Benjamin Pierce Cheney Jr.'s wife is from?
528,Where was the composer of song Hallelujah! (Gospel Song) born?
529,Where was the director of film The Big Animal born?
530,Where was the place of death of Dale Berra's father?
531,"When did William Hay, 17Th Earl Of Erroll's father die?"
532,What is the date of birth of Aleksander Oinas's wife?
533,What nationality is Azam Jah's father?
534,What nationality is Antiochus Ix Cyzicenus's father?
535,Who is the father of the performer of song Alan Freeman Days?
536,What is the date of death of Loe Thai's father?
537,Where was the director of film Pretty Smart born?
538,What is the place of birth of the composer of film Naayudamma?
539,Where was the performer of song Netflix (Song) born?
540,What nationality is the director of film Öndög?
541,"What is the date of death of Ferdinand, Prince Of Solms-Braunfels's father?"
542,When did Princess Alexandra Of Saxe-Coburg And Gotha's mother die?
543,What is the award that the director of film Yo También Tengo Fiaca received?
544,Which country the founder of St James Holdings is from?
545,"Where was the director of film Eros, O Deus Do Amor born?"
546,Where was the place of burial of Stephen Binney's father?
547,Which country the director of film The Taming Of The Snood is from?
548,Where was the husband of Suzanne Curchod born?
549,What is the place of birth of Oliver Penrose's father?
550,What nationality is Margaretha Van Mechelen's husband?
551,Where did Ermengarde Of Limburg's husband die?
552,What is the place of birth of Kévin Ledanois's father?
553,Where was the director of film American Swing born?
554,Where did Marie-Thérèse Houphouët-Boigny's husband die?
555,When did Manuel De Sica's mother die?
556,"Where did Margaret, Marchioness Of Namur's mother die?"
557,Where was the place of death of the director of film The Palace Of Angels?
558,Where did the director of film Investment (Film) study?
559,Which country the performer of song Right To Dream is from?
560,What nationality is the director of film Armless?
561,Where does Miriam Adelson's husband work at?
562,What is the place of birth of the director of film The Criminal (1926 Film)?
563,Where was the director of film The Swedish Nightingale (Film) born?
564,Who is the spouse of the director of film Ito: A Diary Of An Urban Priest?
565,What is the place of birth of Aleksey Greig's father?
566,What nationality is the director of film Let'S Dance (2009 Film)?
567,"When did William I, Duke Of Brunswick-Lüneburg's father die?"
568,When did Marzuban Ibn Muhammad's father die?
569,Who is the spouse of the director of film The Net 2.0?
570,What is the place of birth of the director of film The Great Citizen?
571,Which country Eleanor Fitzalan's husband is from?
572,Where was the husband of Katherine De Stafford born?
573,Which country Agatha (Wife Of Samuel Of Bulgaria)'s husband is from?
574,What is the place of birth of Princess Amalia Of Saxe-Weimar-Eisenach's husband?
575,What nationality is Andrew Balding's father?
576,Why did the director of film Port Of Seven Seas die?
577,Who is the father of the composer of song I Miss You (Miley Cyrus Song)?
578,Where did the director of film Balls Out (2014 Film) graduate from?
579,What is the place of birth of the director of film The Keeping Room?
580,What is the place of birth of the performer of song Yo No Tengo Nah?
581,What nationality is Geodeung Of Geumgwan Gaya's mother?
582,Why did the performer of song Song To The Siren (Tim Buckley Song) die?
583,Who is the spouse of the director of film Where Mountains Float?
584,Where was the director of film All My Lenins born?
585,Where was the place of burial of the director of film Juke Girl?
586,Where did John Hancock (Australian Businessman)'s mother graduate from?
587,Where did the composer of song Nice Work If You Can Get It (Song) die?
588,"Where did Frederick, Hereditary Prince Of Baden-Durlach's father die?"
589,Where was the place of death of the director of film Down In The Delta?
590,Which country the director of film Desire Inc. is from?
591,Which award the performer of song Watch Me Do got?
592,Where was the place of death of the director of film The Captain From Köpenick (1956 Film)?
593,Where did the performer of song Words Of Love die?
594,When did Guglielma Pallavicini's mother die?
595,Where did Mary Tappan Wright's husband study at?
596,Where was the director of film Redhead (1962 Film) born?
597,What is the place of birth of the director of film Alice: A True Story?
598,Where was the father of Princess Isabella Of Bavaria born?
599,Who is the mother of the director of film Zoolander 2?
600,What nationality is Edward Randolph's father?
601,When did Prince Gustav Of Thurn And Taxis (1848–1914)'s father die?
602,Where was the father of Auguste Pierre Chouteau born?
603,What nationality is the performer of song Mimi (Song)?
604,Who founded the company that published Weekly Asahi Geinō?
605,Where was the director of film Aylwin (Film) born?
606,Where was the place of death of the director of film Youth Of Chopin?
607,What is the place of birth of Rosalie Von Rauch's father?
608,What is the place of birth of the director of film Prostitution (1963 Film)?
609,Where was the place of death of the performer of song I'Ll Come Running Back To You?
610,Where was the father of Elizabeth Richeza Of Poland born?
611,What nationality is the composer of song Invercargill March?
612,What is the date of death of Prince Moulay Hicham Of Morocco's father?
613,Where was the place of death of Brigham Smoot's father?
614,Where was the performer of song Thirty Days (Chuck Berry Song) born?
615,Which country the director of film Tommy Tricker And The Stamp Traveller is from?
616,What is the date of birth of James Bruce Lockhart's father?
617,Where was the director of film See Naples And Die born?
618,Which country the director of film Queen Of Blood (2014 Film) is from?
619,What nationality is the performer of song Lover Not A Fighter?
620,Where was the director of film Sweet Lies (Film) born?
621,What is the date of death of the composer of film Caminito De Gloria?
622,Where was the place of death of Christiane Vulpius's husband?
623,Where was the place of death of Nancy Kassebaum's father?
624,"Are the bands Eleventh Dream Day and The Los Dos Bros, from the same country?"
625,"Which film came out earlier, The Relentless Four or The Asphyx?"
626,"Which film was released more recently, L'Enfant Roi or Abba Aa Hudugi?"
627,"Who lived longer, A.-M. Julien or Ernst Zu Münster?"
628,"Who was born later, Bobbie Hagelin or Pier Duilio Puccetti?"
629,"Who was born first, Thomas Rolfe or Roger Miret?"
630,"Which film was released more recently, Behind Locked Doors or Crossing Delancey?"
631,"Which film was released first, Thrill Kill Jack In Hale Manor or Outing Riley?"
632,Was Olivier De Kersauson or Noel Forbes Humphreys born first?
633,"Who died first, Louis-René De Caradeuc De La Chalotais or Hermann Friedrich Graebe?"
634,Are The Marriage Of William Ashe (1921 Film) and Ad Astra (Film) both from the same country?
635,"Which film came out earlier, Hard Core Logo or Wolves Of The Street?"
636,"Who is older, Gerald Polley or Adolph Braeckeveldt?"
637,"Which film came out earlier, Mio In The Land Of Faraway or I Could Never Be Your Woman?"
638,"Which film was released more recently, Tom At The Farm or Tunisian Victory?"
639,"Which film came out first, The Devil'S Tomb or Especially On Sunday?"
640,"Who died later, Saeed Nafisi or Wilhelm Knechtel?"
641,"Which song was released earlier, Come And See Me or Hanging On To Nothing?"
642,"Who is younger, Guy Arvely Dolsin or Altuğ Çelikbilek?"
643,Are The Buttercup Chain and Happy Is The Bride both from the same country?
644,"Who was born earlier, Gareth Mclearnon or Jenny Ulving?"
645,Are Manga Railway Station and Sidki Railway Station both located in the same country?
646,"Which film was released first, Kill Command or The Romanovs: An Imperial Family?"
647,"Did the bands The Dirty Youth and Poacher (Band), originate from the same country?"
648,"Which album came out first, Steal Hear or Hazırım?"
649,"Did the movies Our Own and Bury Me Behind The Baseboard, originate from the same country?"
650,Was D. A. Powell or Marvin Miller born first?
651,"Which film was released more recently, Scrap Heaven or Twelve Miles Out?"
652,"Which album came out first, Your Body Above Me or We'Re Here With You?"
653,Are Geneviève Pettersen and Edward Peghin from the same country?
654,Did Cooper K. Watson and Jimmy Van Ostrand have the same nationality?
655,"Which film was released earlier, Ek Var Piyu Ne Malva Aavje or Lennon Or Mccartney?"
656,"Who was born first, Emmanuel Goffi or Mariano Pasini?"
657,Was David Fennario or Peter Emanuel Falck born first?
658,Who was born first out of Petko Todorov and Hugo Aufderbeck?
659,"Which film was released more recently, The 7Th Hunt or Gair Kanooni?"
660,"Who died later, Abbye ""Pudgy"" Stockton or Giuseppe Drugman?"
661,"Are The Eyes, The Mouth and Sugar & Spice from the same country?"
662,"Who is older, Ken Bastida or Jargalsaikhany Chuluunbat?"
663,"Which film was released more recently, Radio Tekee Murron or Bahala Chennagide?"
664,"Are the movies Je Suis Né D'Une Cigogne and La Chair De L'Orchidée, from the same country?"
665,"Which film was released more recently, The Adventures Of Barry Mckenzie or Alien Thunder?"
666,"Which film was released first, The Tiger Hunter or Departure Of A Grand Old Man?"
667,Are Cerro Barroso and Chacraraju located in the same country?
668,"Which film was released earlier, Beauty And The Bastard or Crazy On The Outside?"
669,Are Murder In The Big House and The Nuthouse (Film) both from the same country?
670,"Which film came out first, Hotel Der Toten Gäste or The Relative Of His Excellency?"
671,"Which one was established first, Martin'S Potato Chips or Cdv Software?"
672,"Who is older, Marius Mitu or Bea Palya?"
673,"Which film was released earlier, Beavis And Butt-Head Do America or Voyage Of The Rock Aliens?"
674,Were Roscoe Wilmeth and William Elwood Steckler from the same country?
675,Are William David O'Brien and Bob Galvin of the same nationality?
676,Are Salla Huancane and Ichhu Rutuna located in the same country?
677,"Which magazine was published first, Boutique Design or The Print Collector'S Quarterly?"
678,Do Pat Dewine and Daniel Anthony Hart share the same nationality?
679,Are Sheykhian Mari and Surog Charmil both located in the same country?
680,"Which one was established first, Myferrylink or Cressi-Sub?"
681,"Which film was released more recently, Love The Beast or Myn Bala?"
682,"Are both Talovka (Selo), Republic Of Buryatia and Troinka located in the same country?"
683,Were Kyle Wiltjer and Christopher T. Russell from the same country?
684,"Which film was released first, Eternal Theater or Bell Of Purity Temple?"
685,"Who was born earlier, Juan José Cuevas García or Massimiliano Soldani Benzi?"
686,"Which film was released more recently, Toolbox Murders or I Met You In Naples?"
687,"Who was born first, Hannah Cohen or André Sollie?"
688,"Who is younger, Meisam Mostafa-Jokar or Samuel Minturn Peck?"
689,"Which film was released earlier, Memphis Cathouse Blues or Death Bed: The Bed That Eats?"
690,"Which album was released more recently, Veliki Prezir (Album) or Everything Remains (As It Never Was)?"
691,Are Gary Ramey and William Hector Mcmillan from the same country?
692,"Who is younger, Francesco Lepre or Matteo Furlan?"
693,"Which film came out first, Ma And Pa Kettle On Vacation or Operation Amsterdam?"
694,"Which film was released earlier, The Grocer'S Son or Terror Of The Steppes?"
695,"Which film was released earlier, Cloud Dancer or Ingmar'S Inheritance?"
696,Was Laetitia Du Couëdic or Daniel Périgaud born first?
697,"Which film came out first, The Colour Of Your Lips or H. M. Pulham, Esq.?"
698,Do Sherry Ball and Gordon William Hanson have the same nationality?
699,"Which film came out earlier, Scooby-Doo! Shaggy'S Showdown or House On Willow Street?"
700,"Who lived longer, Pablo Riccheri or Nevil Shute?"
701,Were Franco Godoy and Lucina Von Der Heyde from the same country?
702,"Are both high schools, St. Patrick'S High School (Ottawa) and Columbia-Montour Area Vocational-Technical School, located in the same country?"
703,"Who is older, Des Clohessy or Walterina Markova?"
704,"Do the movies Beyond The Reach and Mondovino, originate from the same country?"
705,"Who was born first, Alberto Varela or Raymond Birt?"
706,"Which film was released more recently, The White Planet or The Glass Sphinx?"
707,"Are both mountains, Pizzo Della Croce and Geierwand, located in the same country?"
708,"Who died later, Claude Bramall Burgess or Karl Neukirch?"
709,"Which film was released first, Venmegam or Red Lines?"
710,"Do the movies The Christian Licorice Store and The Crime Of Korea, originate from the same country?"
711,Are Ten Thousand Dollars For A Massacre and Pleasure (1931 Film) from the same country?
712,Are both I Am Because We Are and Our Man Flint from the same country?
713,"Which film was released earlier, The Ballad Of Immortal Joe or Horse Hare?"
714,"Which film was released first, Ranokhetro or Blood And Black Lace?"
715,Are both John Stevens (Victoria Cricketer) and Chloe Shorten from the same country?
716,"Who died earlier, Claire Parker or Chauncey Brewer Sabin?"
717,"Who was born first, Luis Antonio Ramírez Pineda or Weimar Marcos Rodrigues?"
718,"Who lived longer, Ludovico Sabbatini or Marcelino Manuel Da Graça?"
719,"Which film came out first, The Happy Life or King Arthur Was A Gentleman?"
720,"Which film was released more recently, Torrente 2: Misión En Marbella or The Heart Of New York (Film)?"
721,Do Paul Wiggins and Gary Day (Politician) have the same nationality?
722,"Who is older, Werner Jaegerhuber or Peter Skellern?"
723,"Which film came out earlier, Les Saignantes or Irumbu Pookkal?"
724,Are Fernando Luis Ribas Dominicci Airport and Arapahoe Municipal Airport both located in the same country?
725,"Which film came out first, Demolition University or Kumiko, The Treasure Hunter?"
726,Are A Land Imagined and The Story Of A Three-Day Pass both from the same country?
727,"Who was born later, Alena Stolzová or Ibrahim Al-Saqqar?"
728,Was Shakila or Øyvind Leonhardsen born first?
729,Are Puka Punchu (Puno) and Yaritani (Peru) located in the same country?
730,"Who was born first, Enzo Corigliano or Song Dong-Hwan?"
731,"Who was born earlier, Jean-Louis Le Loutre or Regine Schumann?"
732,"Who is older, Esko Tommola or Hughes De Beaumont?"
733,"Which film was released first, On Body And Soul or Pearl Lust?"
734,"Which film was released first, The Beginning Or The End or Hold Back The Night?"
735,"Which film was released earlier, The Battle Of Algiers or Carib Gold?"
736,"Which album came out earlier, The Decline And Fall Of Heavenly or Alphagene?"
737,"Which film came out earlier, Frits And Freddy or Far From Men?"
738,"Who died first, Frederick Williams-Taylor or Maurino Richton?"
739,"Which film was released first, Ee Sanje or Zorawar?"
740,Does Eddie Murray (Rugby League) have the same nationality as Henry Talbot (Photographer)?
741,"Who was born earlier, Ola Stunes Isene or Ruby Helder?"
742,"Which film was released earlier, Swept From The Sea or Aa Naluguru?"
743,"Which film was released more recently, Eager Bodies or We Dive At Dawn?"
744,"Who was born later, Chung Yoo-Suk or Ole Kristian Kjølholdt?"
745,Are Puka Puka (Chumbivilcas) and Inka Pirqa both located in the same country?
746,Are Le Roi Des Champs-Élysées and Honoré De Marseille from the same country?
747,"Which film has more directors, Two Evil Eyes or The Marquise Of Clermont?"
748,"Who was born later, Raju Rahikwar or Guy Lagorce?"
749,Do John Amyas Alexander and Albert Seward share the same nationality?
750,"Who is younger, Lorenzo Zazzeri or Eliška Krásnohorská?"
751,"Who lived longer, John Chilton or Andrzeja Górska?"
752,"Are both stations, Chaman Railway Station and Najkot Railway Station, located in the same country?"
753,"Which film was released earlier, What I Have Written or È Arrivato Mio Fratello?"
754,"Who was born first, Wycliffe Juma or Nicolas Borodine?"
755,"Which film came out first, Forgotten Pills or Why Does Herr R. Run Amok??"
756,"Which film was released first, Sunyo Je Kol or Nilavu?"
757,"Which film was released first, F.T.A. or Circus Of Fear?"
758,Are What Every Woman Learns and The Guns (Film) from the same country?
759,"Which film came out first, My Happy Family or Lieberman In Love?"
760,"Do the movies Boogie (2008 Film) and Weekend With My Mother, originate from the same country?"
761,"Which film was released earlier, Holy Land Hardball or Three Missing Links?"
762,"Which song was released first, L'Histoire D'Une Fée, C'Est... or I Can Change (Lcd Soundsystem Song)?"
763,Who was born first out of Darius Reynaud and Muhammad Qasim Khan?
764,"Which film was released more recently, Silent Action or Yelling To The Sky?"
765,"Which film was released first, Gang War In Naples or Robot Jox?"
766,"Who was born later, María Elena Torres Baltazar or Joan Bray?"
767,"Which film was released first, Sons Of Ram or To Play Or To Die?"
768,"Who was born first, Carole Richert or Larrie Londin?"
769,"Which film was released more recently, Red Sien or Meet Him And Die?"
770,Was Tom Duponchelle or Kwak Jung-Wook born first?
771,"Which film was released earlier, Inventing The Abbotts or Fighting Coast Guard?"
772,"Who is younger, Sergio Carossio or Angus Loughran?"
773,"Who was born later, Hans Georg Nägeli or Thibaut Duval?"
774,Are Bob Lurtsema and Dirk Wittenborn of the same nationality?
775,"Which magazine came out first, Progetto Babele or Murray'S Magazine?"
776,"Who is older, Augusto Gama or Saleh Al-Dawod?"
777,Are The Other Half (2016 Film) and Spy Kids 2: The Island Of Lost Dreams from the same country?
778,"Who was born later, Hendrik Sumendap or Danny Bryant?"
779,"Who was born first, Christa Faust or Zainol Fadzi Paharudin?"
780,"Who is younger, Mike Ratledge or Kim Ji-Sun?"
781,"Who was born later, Martin Anthamatten or Jan-Lennard Struff?"
782,"Which film came out earlier, I Love You Rosa or Pyar Ka Bandhan?"
783,"Who was born later, Slavko Kvaternik or Marguerite Deval?"
784,"Are both mountains, Poncione Della Marcia and Plattenhörner, located in the same country?"
785,"Which film was released first, A Little Bit Zombie or Carolyn Of The Corners?"
786,"Who is older, John Curtiss Underwood or John Benson Brooks?"
787,"Which film came out first, Miss Charity or The Appaloosa?"
788,Are Makhaleng River and Mdloti River both located in the same country?
789,"Who lived longer, Russ Prior or Robert Von Zimmermann?"
790,Was Kanwar Saheb or Dr. Alban born first?
791,"Which film was released earlier, Porinju Mariam Jose or Love Yoou Soniye?"
792,"Which film was released first, A Conspiracy Of Faith or Flirting In The Air?"
793,"Who lived longer, Charles Berkeley, 2Nd Earl Of Berkeley or Ismael Blas Rolón Silvero?"
794,"Which film was released first, Lantouri or Maytime In Mayfair?"
795,"Are both villages, Little Rock Village and Jamal Beyg, located in the same country?"
796,"Are Elsah, Illinois and Chah-E Puzeh, Tabas both located in the same country?"
797,Are Gare D'Ailly-Sur-Somme and Gare D'Aurillac located in the same country?
798,"Who is older, Arnold Carl Johansen or Walter Lafferty?"
799,"Which film came out earlier, Diary For My Mother And Father or The Story Of Gilbert And Sullivan?"
800,"Who lived longer, Gustav Philipp Mörl or Giuseppe Diotti?"
801,"Which film was released more recently, The Devil'S Rock or The Flyboys (Film)?"
802,"Who lived longer, Amos Tuck or Hans Döbrich?"
803,Are Bernardo Ruiz and Gertrudis Gómez De Avellaneda from the same country?
804,"Which magazine came out first, Sri Ramakrishna Vijayam or Tait'S Edinburgh Magazine?"
805,"Which film was released earlier, August Underground'S Penance or Vasantha Raagam?"
806,"Which film came out first, Bad Man'S River or Legend Of Dinosaurs & Monster Birds?"
807,Are both Tiffany Jones (Film) and Trent'S Last Case (1920 Film) from the same country?
808,"Which film was released earlier, A Gun In Each Hand or Direction Lourdes?"
809,Do Kreesha Turner and Samantha Jo share the same nationality?
810,Did Ted Byfield and Josie Alice Quart have the same nationality?
811,"Which film was released earlier, Soaked In Bleach or Schneeland?"
812,Are Geordie (Film) and The Last Target both from the same country?
813,"Who lived longer, Jean Grémillon or Ángel Recasens?"
815,"Which film came out earlier, The Artist And The Model or Pájaro Loco?"
816,"Who was born later, Marián Andrej Pacák or Louis Panet?"
817,"Which film was released earlier, Yohan: The Child Wanderer or A Nightmare On Elm Street 4: The Dream Master?"
818,Are Jan Bondeson and Eric Ericson both from the same country?
819,"Who was born later, Mory Correa or Odd Narud?"
820,"Are Monarchy (Band) and Kitty, Daisy & Lewis from the same country?"
821,"Who was born first, François D'Escoubleau De Sourdis or Caroline Hazard?"
822,"Which album was released first, Gold And Green or Songs Of Leonard Cohen?"
823,"Which film was released first, A Romance Of Seville or Pirates Of The Sky?"
824,"Did the movies The Bond Boy and Mad Dogs And Englishmen (Film), originate from the same country?"
825,"Did the movies American Boyfriends and La Forteresse (Film), originate from the same country?"
826,"Who died later, Bernardo Ibáñez or George K. Sanderson?"
827,"Who was born first, Branislav Kačina or Mehmet Ali Talat?"
828,Are Marufabad and Nasamkhrali both located in the same country?
829,"Who is younger, Zhang Lifang or Lalengzama Vangchhia?"
830,"Do the movies Little Bitches and Moving Out (Film), originate from the same country?"
831,"Which film was released more recently, The Price Of Success or Rechipo?"
832,Are The Railway Man (Film) and Hitchin' Posts from the same country?
833,Are The Keeper Of The Bees (1935 Film) and God'S Ears both from the same country?
834,"Which film was released first, Briton And Boer or Flaming Frontiers?"
835,"Which film was released earlier, My Wife'S Best Friend or 5 Days Of War?"
836,"Which one was established first, Colt'S Manufacturing Company or Banco Azteca?"
837,"Who lived longer, José González Ganoza or Sir Walter Boyd, 1St Baronet?"
838,"Are both St Patrick'S Church, Yungaburra and Malvern Presbyterian Church located in the same country?"
839,Was Sammy Hagar or Renaud Garcia-Fons born first?
840,Was Louise Of Hesse-Kassel or Viktor Šiljeg born first?
841,Do Charles Defodon and Maëva Charbonnier share the same nationality?
842,Are Alexander Tilloch Galt and Al Strachan from the same country?
843,"Who was born first, Lady Tatiana Mountbatten or Peter Štih?"
844,"Who died earlier, Richard Carlson (Author) or Robert Digby, 1St Baron Digby?"
845,"Which film has more directors, F.B.I. Frog Butthead Investigators or Invisible Strangler?"
846,Are Vivicca Whitsett and Pepa (Rapper) from the same country?
847,"Which film came out first, The Magic Of Belle Isle or Krishnarjuna?"
848,"Are Cheshmeh Shirin, Arsanjan and Kemperi both located in the same country?"
849,"Which film was released more recently, Walking A Tightrope or Convicted Woman?"
850,Are both Bismarck (1914 Film) and 205 – Room Of Fear from the same country?
851,"Are both rivers, Claro River (Lower Tietê River) and Cabixi River, located in the same country?"
852,"Which film was released first, Ryan'S Daughter or A Day At The Museum?"
853,"Which film came out earlier, The Godfather Part Iii or The Life And Hard Times Of Guy Terrifico?"
854,Are Specimen (Band) and The Bangles both from the same country?
855,"Which film was released more recently, Vincent Wants To Sea or The Time To Die?"
856,"Who was born earlier, Ariadna Tudel Cuberes or Karen L. Valihura?"
857,"Who died earlier, Fritz Darges or John Tiptoft, 1St Earl Of Worcester?"
858,"Which film was released earlier, Dharma Karma or Sometimes Aunt Martha Does Dreadful Things?"
859,"Which film was released more recently, Sabar Uparey or Women & Men: Stories Of Seduction?"
860,"Who has a wider scope of profession, Anne Castles or Colin Will?"
861,Are Morassa and Mamati located in the same country?
862,"Which film was released more recently, The Love God? or Under The Pavement Lies The Strand?"
863,"Who is younger, Ebtissam Mohamed or Beekman Du Barry?"
864,"Did the bands The Medic Droid and The Womenfolk, originate from the same country?"
865,"Who died later, Marcel Dassault or Leopoldo Alfredo Bravo?"
866,Were Alan Stephenson Boyd and Charles Grandison Finney of the same nationality?
867,"Who was born first, John Beach or Gordon Persons?"
868,"Which film was released earlier, The Color Of Time or Sri Naga Shakthi?"
869,"Which film came out first, Ndoto Za Elibidi or Madonna: Truth Or Dare?"
870,"Which film came out earlier, A Slave Of Love or Remorse, A Story Of The Red Plague?"
871,"Are both airports, Angoon Seaplane Base and Siwo Airport, located in the same country?"
872,Does Frederick Samuel Fish have the same nationality as Beatrix Tugendhut Gardner?
873,"Who was born first, Patrik Lácha or Brad Booth?"
874,"Which film was released first, Ndoto Za Elibidi or Zero Dark Thirty?"
875,"Who lived longer, Johann Adolf Of Saxe-Gotha-Altenburg or Jules Brunet?"
876,"Which film was released earlier, Before I Disappear or Pravachakan?"
877,Are both Bowling Green State University College Of Education And Human Development and Central Institute Of Buddhist Studies located in the same country?
878,"Which film was released earlier, Schlußakkord or Bettler Gmbh?"
879,"Who died earlier, Alessio Perilli or Harry G. Day?"
880,Are Breville and Jakab Industries both located in the same country?
881,Are both On A Magical Night and The Mongols (Film) from the same country?
882,Was Eugene J. Watts or Patricia Mcbride born first?
883,"Are both St. Mary'S School, Patiala and Apeejay Education Society located in the same country?"
884,"Did the movies Across The Sea Of Time and Monsignor (Film), originate from the same country?"
885,"Which film was released more recently, The Way He Looks or Voices Of Desire?"
886,Are both Ugashik Bay Airport and Hanford Municipal Airport located in the same country?
887,"Which film came out first, A Girl'S Folly or The Original Latin Kings Of Comedy?"
888,"Are both movies, Crossing The Line 2: The New Face Of Anti-Semitism On Campus and Buffalo Soldiers (2001 Film), from the same country?"
889,"Which album came out earlier, Tha Carter Iii or Rings Around The World?"
890,"Which film came out first, The Pyrammmid or Revolt Of The Praetorians?"
891,"Which song came out first, Dinosaur (Kesha Song) or It'S Here?"
892,"Who is younger, Kathryn Thomas or Ole Bjørnmose?"
893,Was Joe Ollmann or Abdón Cifuentes born first?
894,"Who died later, Henry Norrström or Wilford Bacon Hoggatt?"
895,"Which film was released first, The First 9½ Weeks or Christmas In Tattertown?"
896,"Which film was released more recently, El Profesor Patagónico or Tales From The Organ Trade?"
897,"Who died later, Carmelo Pace or Jackie Curtis?"
898,"Which film was released earlier, Junior Mandrake or La Tour Montparnasse Infernale?"
899,Are Samantha Betts and Simon Devitt of the same nationality?
900,Are Pukayuq and Huacaypaca both located in the same country?
901,"Which film came out first, School Spirit or The Chekist?"
902,Are By The Grace Of God (Film) and A Texas Steer from the same country?
903,"Which film was released first, Copkiller or Lumumba, La Mort D'Un Prophète?"
904,Do Cale Keable and Jim Gerard share the same nationality?
905,"Which film came out earlier, Le Coeur À L'Ouvrage or The Law And The Woman?"
906,"Which film came out first, Go Inside To Greet The Light or Kann Sivanthaal Mann Sivakkum?"
907,"Which film was released first, Yesterday Was A Lie or Tie Malé Výlety?"
908,"Are both stations, Mingzhu Railway Station and Changzhou North Railway Station, located in the same country?"
909,"Which film was released first, Dinner For Schmucks or Morgan, The Pirate?"
910,"Were Jack Robertson (Footballer, Born 1902) and Peter Levy (Cinematographer) of the same nationality?"
911,"Which film was released more recently, Phantom Thunderbolt or The Giant Of Metropolis?"
912,"Are both mountains, Kunturwasa and Yerupaja Chico, located in the same country?"
913,"Who died later, Ernst Heinrich Karl Von Dechen or Lee Kyung-Hwan?"
914,Are both Mill Run (South Branch Potomac River) and Kalgan River located in the same country?
915,"Who was born first out of Amol Redij and Philip Yorke, 3Rd Earl Of Hardwicke?"
916,"Who was born earlier, Fana Kochovska or Michael Gurstein?"
917,"Which film came out first, Goodbye To Language or Prem Granth?"
918,"Which film was released more recently, I Mostri or Portrait Of A Bookstore As An Old Man?"
919,Are Cecil Pearce and Jackson Bird both from the same country?
920,"Which one was established first, Cebu Water or Faw-Volkswagen?"
921,Do Thomas Wykes (Chronicler) and Robert Simpson (Meteorologist) have the same nationality?
922,"Which film was released more recently, Aami or Bitch Slap?"
923,"Which film was released more recently, Fraternity Vacation or The Striker With Number 9?"
924,"Do the movies Girl On The Loose and S For Sex, S For Secret, originate from the same country?"
925,Are Escola Superior De Propaganda E Marketing and Federal University Of Abc both located in the same country?
926,"Who lived longer, Albert Kellogg or Johann Jakob Schalch?"
927,"Who lived longer, Mignon Mclaughlin or Gottfried Baist?"
928,"Who was born later, Arthur Watkin or Alessandro Sperduti?"
929,"Which film came out earlier, Indradhanura Chhai or The Death Of Black King?"
930,"Who is older, Les Briley or Jean Charles Carbone?"
931,"Which film came out earlier, The Remains Of Nothing or Crime In The Streets?"
932,"Who lived longer, Ole Arntzen or Harry Albert Willis?"
933,"Which film was released first, College Coach or Los Últimos Días?"
934,"Who has a wider scope of profession, Dunois Master or Dawn Fraser?"
935,"Are the movies The Hatton Garden Job and Carry On Cleo, from the same country?"
936,"Which magazine was founded first, Racing Toward Diversity or Lo Scolaro?"
937,"Which film was released more recently, One Note At A Time or Cattive Ragazze?"
938,Do William J. Boarman and Tomas Sinisalo share the same nationality?
939,"Who lived longer, Stefan Henze or Omar Rayo?"
940,Are both Devils Rope Barbed Wire Museum and Museum Of Primitive Art And Culture located in the same country?
941,Did Louis Le Prince (Composer) and Léonce Jore share the same nationality?
942,"Which film was released first, Prisioneros De Una Noche or The Wandering Swordsman?"
943,"Are both businesses, Google and Banco De Ponce, located in the same country?"
944,Are both Make-Up (1937 Film) and Lover'S Prayer from the same country?
945,Who was born first out of Roy Folkman and Zakariya Souleymane?
946,Was Giulio Cavallari or Peter Patasi born first?
947,"Which film was released earlier, Joey Breaker or Sex With A Stranger?"
948,"Which film was released more recently, Fatal Lady or Every Blessed Day?"
949,Are Supercapitalist and Brick And Mirror from the same country?
950,Are both From Bedrooms To Billions and Strictly Illegal from the same country?
951,"Which film was released first, 99 And 44/100% Dead or Forbidden Music?"
952,"Did the movies Afraid Of The Dark and Smiley (2012 Film), originate from the same country?"
953,"Which film was released first, Once At Midnight or Lady In The Death House?"
954,"Who is older, Manuel Antonio or Wilfred Macdonald?"
955,"Who is younger, Louis Héctor Leroux or Ann Flood?"
956,"Who is younger, Orpha-F. Deveaux or Simon May?"
957,"Which film was released earlier, The Little Convict or Office Romance?"
958,"Which film came out first, The Keys To The House or Rémi Sans Famille?"
959,Are Churchill Island and Brisk Island located in the same country?
960,"Who lived longer, Miljenko Hrkać or William Chopin?"
961,Are Fire In Hell and The Tiger: An Old Hunter'S Tale from the same country?
962,"Which film came out earlier, Chaplinesque, My Life And Hard Times or Evil Streets?"
963,Was Kayrat Tuntekov or Friedrich Ihn born first?
964,"Who was born later, Annet Schaap or Jason Harmon?"
965,Are both The Pledge (Film) and Mother Of George from the same country?
966,"Who was born first, William L. Holland or Dale Vince?"
967,Are both Achim Stoia and Elena Horvat from the same country?
968,"Are both lakes, Crystal Lake (Polk County, Minnesota) and Lake Kiskissink, located in the same country?"
969,"Which film was released earlier, Striporama or The World And His Wife?"
970,"Are the bands Clamtones and The Black Skirts, from the same country?"
971,"Which film came out first, The Path Of Torment or Find A Place To Die?"
972,"Who is younger, Yusuke Imai or David Readman?"
973,"Who is older, Alan Dugdale or James Conmee?"
974,"Which film came out first, The Greatest Thing In Life or Den Of Lions?"
975,"Who is younger, Stéphane Tissot or Jarmo Mäkinen?"
976,Are Ch'Alla Quta and Laram Quta (Sud Yungas) located in the same country?
977,"Which film was released first, An Acceptable Loss or Douro, Faina Fluvial?"
978,Are Jaguaribe River and Uaçá River both located in the same country?
979,"Which film was released more recently, Chanakya Shapatham or Somewhere In Sonora?"
980,"Who lived longer, Antoine Joseph Jobert De Lamballe or James Henry Dickey Henderson?"
981,Was Demetrious Cox or István Görgényi born first?
982,"Who is older, Mickaël Castejon or Alejandro Scopelli?"
983,"Which album was released first, The Oak Ridge Boys Have Arrived or Beans And Fatback?"
984,"Which film was released earlier, Beatrice Wood: Mama Of Dada or Natürlich Die Nelli?"
985,"Which album was released more recently, God'S Gift or The Moon Is Down (Album)?"
986,Are Izaute and Smagne located in the same country?
987,Who is Christina Of Salm's father-in-law?
988,Who is Badi-Al Zaman Mirza Safavi's mother-in-law?
989,Who is the paternal grandfather of Samsam Al-Dawla?
990,Who is the father-in-law of Mary Dudley?
991,"Who is Charles Willoughby, 10Th Baron Willoughby Of Parham's paternal grandmother?"
992,"Who is the paternal grandfather of James Fitzgerald, 8Th Earl Of Desmond?"
993,Who is Countess Ferdinande Henriette Of Stolberg-Gedern's maternal grandfather?
994,Who is Grand Duchess Natalya Alexeyevna Of Russia (1714–1728)'s mother?
995,Who is Charlotte Of Schaumburg-Lippe's father?
996,"Who is Archduke Karl Pius Of Austria, Prince Of Tuscany's father?"
997,Who is the maternal grandfather of Guigues Vii Of Viennois?
998,Who is the paternal grandfather of Baha Al-Dawla?
999,Who is Harriet Hemings's maternal grandfather?
1000,"Who is Frederick, Prince Of Hohenzollern's maternal grandmother?"
1001,Who is the husband of Teresa Pàmies?
1002,"Who is the father of Henri D'Orléans, Duke Of Aumale?"
1003,"Who is the paternal grandfather of Charles Howard, 7Th Earl Of Suffolk?"
1004,"Who is Lionel Sackville-West, 3Rd Baron Sackville's child-in-law?"
1005,"Who is the father-in-law of Elizabeth Hervey, Countess Of Bristol?"
1006,Who is Archduchess Isabella Clara Of Austria's father-in-law?
1007,Who is the maternal grandfather of Princess Amalie Of Saxony?
1008,Who is John Corvinus's paternal grandfather?
1009,Who is the father of Stephen V Of Hungary?
1010,Who is the mother-in-law of Louise Of Mecklenburg-Güstrow?
1011,Who is Tsugphud Namgyal's paternal grandfather?
1012,Who is the paternal grandfather of Mariamne (Daughter Of Herod Agrippa)?
1013,"Who is Eustace Iii, Count Of Boulogne's uncle?"
1014,"Who is Geoffrey Iii, Count Of Perche's paternal grandfather?"
1015,"Who is Henry Raspe, Landgrave Of Thuringia's paternal grandfather?"
1016,Who is the paternal grandmother of Shiban?
1017,Who is the maternal grandfather of Vyacheslav Yaroslavich?
1018,Who is Balian Of Ibelin (1240–1302)'s paternal grandfather?
1019,Who is the paternal grandmother of Lewis Of Luxembourg?
1020,Who is Antiochus Iii Of Commagene's maternal grandfather?
1021,Who is Rudolph De Trafford's paternal grandmother?
1022,Who is the father-in-law of Countess Palatine Elisabeth Auguste Sofie Of Neuburg?
1023,Who is Carl Rustad's father?
1024,Who is the sibling-in-law of Vladimir Kovalevsky (Paleontologist)?
1025,Who is the paternal grandfather of Taj Al-Dawla?
1026,Who is Siemowit Vi Of Płock's paternal grandfather?
1027,"Who is Blanche Of Navarre, Queen Of France's maternal grandfather?"
1028,"Who is James Stewart, 1St Duke Of Richmond's paternal grandfather?"
1029,Who is Cedda's paternal grandfather?
1030,Who is Vivian Dandridge's sibling-in-law?
1031,Who is Cecilia Maria De Candia's father?
1032,Who is Mary Fielding Smith's grandchild?
1033,"Who is John Tuchet, 6Th Baron Audley's paternal grandfather?"
1034,"Who is George Ii, Prince Of Waldeck And Pyrmont's paternal grandfather?"
1035,Who is Robert Vere Buxton's paternal grandfather?
1036,Who is Pepin Of Herstal's paternal grandfather?
1037,"Who is Ernest Ii, Duke Of Saxe-Coburg And Gotha's mother-in-law?"
1038,Who is the paternal grandfather of Princess Tatiana Of Sayn-Wittgenstein-Berleburg?
1039,Who is John Palaiologos (Son Of Andronikos Ii)'s maternal grandfather?
1040,"Who is William Hedges-White, 3Rd Earl Of Bantry's paternal grandfather?"
1041,Who is Princess Elizabeth Of Greece And Denmark's maternal grandfather?
1042,Who is the paternal grandmother of Maud De Clare?
1043,"Who is the paternal grandmother of John Ii Of Luxembourg, Count Of Ligny?"
1044,Who is Lulach's maternal grandfather?
1045,Who is the paternal grandfather of Uskhal Khan Tögüs Temür?
1046,Who is Mugain's mother-in-law?
1047,Who is Malin Berghagen's father?
1048,Who is the maternal grandmother of Sophia Desta?
1049,Who is Harith Ibn Harb's paternal grandfather?
1050,Who is Nawrahta Of Kanni's uncle?
1051,Who is the paternal grandfather of Sultan Al-Dawla?
1052,Who is Elisabeth Raiser's paternal grandfather?
1053,Who is the maternal grandfather of Suddha Dibyaratana?
1054,Who is the paternal grandfather of Trịnh Doanh?
1055,"Who is Hermann, Prince Of Hohenlohe-Langenburg's paternal grandfather?"
1056,"Who is the paternal grandfather of Euphemia Ii, Countess Of Ross?"
1057,Who is Helena Of Oświęcim's paternal grandfather?
1058,Who is the paternal grandfather of Pierce Somerset Butler?
1059,"Who is John Fitzgerald, 4Th Earl Of Desmond's uncle?"
1060,"Who is Infante Alfonso, Duke Of Calabria's paternal grandfather?"
1061,Who is Charles Xiii Of Sweden's paternal grandfather?
1062,Who is the mother-in-law of Queen Sindeok?
1063,Who is the father of Vulfetrude?
1064,Who is the mother of Jean Kennedy Smith?
1065,Who is the maternal grandmother of Gian Galeazzo Visconti?
1066,Who is the father of Marie Charlotte De La Trémoille?
1067,"Who is John Lyon, 3Rd Lord Glamis's paternal grandfather?"
1068,Who is the paternal grandfather of King Zhao Of Wei?
1069,Who is the stepfather of Lorenzo Strozzi?
1070,"Who is the paternal grandmother of Louis, Count Of Verdun?"
1071,Who is Infanta Isabel Fernanda Of Spain's mother?
1072,Who is the mother-in-law of Hüma Hatun?
1073,Who is the paternal grandfather of Bruno Ii Von Berg?
1074,"Who is the paternal grandmother of Henry Iv, Count Of Luxembourg?"
1075,Who is William Stanley (Battle Of Bosworth)'s sibling-in-law?
1076,Who is Teriimaevarua Iii's paternal grandmother?
1077,Who is James Roosevelt Roosevelt's sibling-in-law?
1078,Who is the paternal grandmother of Sigrid Of Sweden (1566–1633)?
1079,"Who is the paternal grandfather of John, Count Of Saint-Pol?"
1080,Who is Alexis Lichine's stepchild?
1081,Who is the paternal grandfather of Władysław I Herman?
1082,Who is the father-in-law of Ove Aunli?
1083,Who is the paternal grandmother of Infanta Amalia Of Spain?
1084,"Who is Alexander Lyon, 2Nd Lord Glamis's paternal grandfather?"
1085,"Who is the paternal grandfather of John I, Count Of La Marche?"
1086,"Who is the father-in-law of John Ernest, Duke Of Saxe-Eisenach?"
1087,Who is the paternal grandfather of Prince Carl Christian Of Hohenzollern?
1088,Who is Siemowit Of Dobrzyń's paternal grandmother?
1089,Who is Bernard Of Niemodlin's paternal grandfather?
1090,Who is Salin Mibaya's maternal grandmother?
1091,Who is Ingeborg Of Holstein's maternal grandfather?
1092,Who is the paternal grandfather of Zainal Rashid Al-Mu'Adzam Shah I Of Kedah?
1093,"Who is William I, Count Of Burgundy's father?"
1094,Who is Princess Florestine Of Monaco's paternal grandmother?
1095,"Who is the paternal grandfather of Hastings Russell, 12Th Duke Of Bedford?"
1096,"Who is Joan De Beauchamp, Countess Of Ormond's father-in-law?"
1097,Who is Henry (Vii) Of Germany's paternal grandmother?
1098,"Who is the paternal grandfather of Sir William Monson, 4Th Baronet?"
1099,"Who is the paternal grandfather of Charles Colmore Grant, 7Th Baron De Longueuil?"
1100,"Who is Luísa, Duchess Of Cadaval's paternal grandmother?"
1101,Who is the paternal grandfather of Isabella Of Ibelin (Died 1315)?
1102,Who is the maternal grandfather of Amaury De Montfort (Died 1241)?
1103,Who is Adriana Of Nassau-Dillenburg's maternal grandfather?
1104,"Who is Philip, Prince Of Anhalt-Köthen's paternal grandfather?"
1105,"Who is the father-in-law of Helena Palaiologina, Despotess Of Serbia?"
1106,Who did Philip Carteret Frs marry?
1107,"Who is Maud Of Gloucester, Countess Of Chester's father-in-law?"
1108,Who is the father of Jakobea Of Baden?
1109,Who is Dorelia Mcneill's father-in-law?
1110,"Who is Francesco Maria Ruspoli, 6Th Prince Of Cerveteri's paternal grandfather?"
1111,Who is Donald Ferlys Wilson Baden-Powell's paternal grandfather?
1112,Who is Wang Xijie's father-in-law?
1113,"Who is Albert Iii, Prince Of Anhalt-Zerbst's paternal grandfather?"
1114,"Who is William Ii, Prince Of Nassau-Dillenburg's paternal grandfather?"
1115,Who is John Of Hesse-Braubach's co-husband?
1116,Who is Princess Auguste Of Bavaria (1875–1964)'s mother-in-law?
1117,Who is Princess Hermine Of Waldeck And Pyrmont's paternal grandmother?
1118,Who is Yujiulü Doulun's paternal grandfather?
1119,Who is the paternal grandfather of Johann Nicolaus Bach?
1120,Who is Inthaphom's uncle?
1121,Who is Madansinhji's paternal grandfather?
1122,"Who is the father of Charles, Duke Of Durazzo?"
1123,Who is Adélaïde Of France (1732–1800)'s maternal grandfather?
1124,"Who is Richard, Son Of William The Conqueror's paternal grandfather?"
1125,Who is Marcus Antonius Creticus's father-in-law?
1126,Who is the maternal grandmother of Princess Louise Of Belgium?
1127,"Who is the maternal grandmother of Infante Francisco De Paula, Duke Of Cádiz?"
1128,"Who is the paternal grandmother of David Pigot (Cricketer, Born 1929)?"
1129,Who is the paternal grandfather of Naja Rosa?
1130,Who is Infante Gabriel Of Spain's paternal grandfather?
1131,"Who is the paternal grandmother of Ian Leslie, 21St Earl Of Rothes?"
1132,Who is the grandchild of Kujō Yoshitsune?
1133,"Who is James Cecil, 6Th Earl Of Salisbury's paternal grandfather?"
1134,"Who is the father-in-law of Philibert I, Duke Of Savoy?"
1135,Who is Richard De Montfort's paternal grandfather?
1136,Who is the wife of James Corrigan?
1137,Who is Landgravine Marie Louise Of Hesse-Kassel's maternal grandfather?
1138,Who is the mother of Infante Antonio Pascual Of Spain?
1139,Who is the paternal grandfather of Catherine Of Masovia?
1140,"Who is Princess Marilène Of Orange-Nassau, Van Vollenhoven's mother-in-law?"
1141,Who is Archduke Ludwig Viktor Of Austria's maternal grandfather?
1142,Who is the father of Emperor Taizong Of Song?
1143,"Who is Guitier, Count Of Rethel's maternal grandmother?"
1144,Who is the sibling-in-law of John Richard Parker?
1145,"Who is Edward De Vere, 17Th Earl Of Oxford's paternal grandfather?"
1146,Who is the paternal grandfather of Mihr-Un-Nissa Begum?
1147,"Who is the paternal grandfather of Prince Charles Louis, Duke Of Chartres?"
1148,Who is the father of Nicu Ceaușescu?
1149,"Who is John De Mowbray, 4Th Duke Of Norfolk's paternal grandfather?"
1150,Who is Henry I Of Cyprus's maternal grandmother?
1151,"Who is Sir William Lowther, 1St Baronet, Of Marske's paternal grandfather?"
1152,Who is Christopher Cornford's maternal grandfather?
1153,Who is the paternal grandfather of King Gong Of Chu?
1154,Who is the father-in-law of Empress Liu E?
1155,Who is the paternal grandfather of Irina Paley?
1156,Who is the paternal grandfather of Zhengde Emperor?
1157,Who is Mahmut Of Karaman's paternal grandfather?
1158,Who is Pan Shu's father-in-law?
1159,Who is Arati Ankalikar-Tikekar married to?
1160,Who is Louis D'Albret's mother?
1161,Who is Konrad Januszowic's maternal grandmother?
1162,Who is Hongxi Emperor's paternal grandfather?
1163,"Who is Prince Eugenio, Duke Of Genoa's father?"
1164,Who is Mahisente Habte Mariam's mother-in-law?
1165,Who is the father-in-law of Duke William Of Mecklenburg-Schwerin?
1166,Who is the paternal grandfather of Princess Elisabeth Of Waldeck And Pyrmont?
1167,"Who is the paternal grandfather of Sir John Hamilton-Dalrymple, 5Th Baronet?"
1168,Who is the maternal grandmother of Anna Of Württemberg?
1169,Who is the maternal grandfather of Frederick Of Saxony (Teutonic Knight)?
1170,Who is Princess Thyra Of Denmark (1880–1945)'s maternal grandmother?
1171,Who is the paternal grandfather of Elizabeth Wolley?
1172,Are the directors of films The Edifying And Joyous Story Of Colinot and Cold Moon both from the same country?
1173,"Which film has the director born earlier, God'S Gift To Women or The Gay Nighties?"
1174,"Which film has the director died later, Spencer'S Mountain or I Tabù N. 2?"
1175,"Which film has the director who died later, Ridin' Pretty or How Strange To Be Named Federico?"
1176,"Which film has the director who died later, His Last Haul or The Falcon In San Francisco?"
1177,Do both films King Uncle and Kanyaka (Film) have the directors from the same country?
1178,"Which film has the director who is older, The Gentle Sex or The Searchers?"
1179,"Which film has the director who is older than the other, Tarnation (2003 Film) or The Prince'S Manuscript? "
1180,"Which film has the director who is older, La Recta Provincia or Tag Til Marked I Fjordby?"
1181,"Which film has the director born first, Le Droit À La Vie or Little Monsters (2019 Film)?"
1182,Do both directors of films Old School New School and Midnight (1922 Film) share the same nationality?
1183,"Which film has the director died later, As Good As Married or Plucking The Daisy?"
1184,"Which film whose director was born first, He Is Charming or Men Without Wings?"
1185,"Which film whose director is younger, Train Without A Timetable or Johnny Guitar?"
1186,"Which film has the director who is older, The Battle Of El Alamein (Film) or Love'S Greatest Mistake?"
1187,"Which film has the director died first, The Company'S In Love or Punyakoti?"
1188,"Which film has the director who is older than the other, Berserk! or The Adventures Of Captain Hasswell? "
1189,"Which film has the director who is older than the other, Mektoub or Sail A Crooked Ship? "
1190,"Which film has the director born later, The Boss And The Worker or Claire'S Knee?"
1191,"Which film has the director died first, Il Diavolo Sulle Colline or Red Pearls?"
1192,"Which film has the director who is older than the other, A Man Of Mayfair or First Love Unlimited? "
1193,"Which film has the director who was born later, Dead Man'S Letters or The Dance Of Death (1967 Film)?"
1194,"Which film has the director died first, Bílá Spona or A Night At Earl Carroll'S?"
1195,"Which film whose director is younger, Three'S A Crowd (1927 Film) or Holiday'S End?"
1196,"Which film has the director who died first, Another Language or Les Tontons Flingueurs?"
1197,"Which film has the director who died later, Don'T Ever Leave Me or Her Own Free Will?"
1198,"Which film has the director who died later, Her Country'S Call or How Moscha Came Back?"
1199,"Which film has the director died earlier, Black Belly Of The Tarantula or Devil On Deck?"
1200,"Which film has the director died earlier, Not My Sister or La Prima Notte Di Quiete?"
1201,"Which film has the director who was born earlier, Face Of A Fugitive or Cage Of Gold?"
1202,"Which film has the director who is older, Abbott And Costello In The Foreign Legion or Der Schuß Durchs Fenster?"
1203,"Which film has the director who was born earlier, I Love You, Daddy or Chanakya Chandragupta?"
1204,Do both films: A Chorus Line (Film) and Mokey have the directors from the same country?
1205,"Which film whose director was born first, No Man'S Range or The Ring (1985 Film)?"
1206,"Which film whose director is younger, Don'T Lean Out The Window or Survival Of The Dead?"
1207,"Which film has the director born earlier, A Sunday In September or The Hidden Way?"
1208,"Which film has the director born later, Ragazzi Del Juke-Box or Kuduz?"
1209,"Which film whose director is younger, Ingrid – Die Geschichte Eines Fotomodells or South Of Rio?"
1210,"Which film has the director who is older, Hangman'S Knot or Last Foxtrot In Burbank?"
1211,"Which film has the director who died later, 5 Rifles or Undercover Blues?"
1212,"Which film has the director who died later, Eyes Of Youth or The Vagabond Prince?"
1213,"Which film has the director who died later, The Fair Barbarian or Vortex, The Face Of Medusa?"
1214,"Which film has the director who died earlier, Shoot-Out At Medicine Bend or A Song Is Born?"
1215,Do both directors of films Diagnosis: Death and The Unbelievable Truth (Film) share the same nationality?
1216,"Which film has the director born earlier, The King Of England Will Not Pay or Outlaws Of The Orient?"
1217,"Which film has the director who died first, Haiducii (Film) or My Wife'S Best Friend?"
1218,Are director of film Ward No.7 and director of film Family Katta from the same country?
1219,"Which film has the director who was born later, Goya Or The Hard Way To Enlightenment or Sins Of Rome?"
1220,Are both directors of films Spione and Five Million Look For An Heir from the same country?
1221,"Which film has the director who was born later, Carmen, Baby or The Little Gypsy?"
1222,"Which film whose director is younger, Private Information or My Family'S Beautiful!?"
1223,Are director of film The Girl In The Sneakers and director of film Long Pants both from the same country?
1224,"Which film has the director who was born later, A Snitch In Time or Uma Aventura No Tempo?"
1225,Are the directors of films Sword Of The Empire and Seven Guns For Timothy both from the same country?
1226,"Which film has the director who was born earlier, Gendernauts or I Am Guilty?"
1227,"Which film whose director is younger, Dallas 362 or Revenge Of The Barbarians?"
1228,"Which film whose director is younger, It'S All True: Based On An Unfinished Film By Orson Welles or Prisoner Of The Night (Film)?"
1229,"Which film has the director who is older, Paris 36 or On The Milky Road?"
1230,"Which film has the director died earlier, Ethnic Notions or Gordon Of Ghost City?"
1231,"Which film whose director was born first, Naked Hearts or Spring Storms?"
1232,"Which film has the director born earlier, Frankenstein 90 or Messenger Of Death?"
1233,"Which film whose director is younger, Once Upon A Time In The Woods or Party Husband?"
1234,"Which film whose director was born first, Sechs Schwedinnen Im Pensionat or The Hawks And The Sparrows?"
1235,"Which film has the director who died first, Did A Good Man Die? or The Last Of The Knucklemen?"
1236,"Which film has the director who was born first, Raiders Of Red Gap or A Day Of Fury?"
1237,"Which film has the director born earlier, Tlayucan or Spaceways?"
1238,"Which film whose director is younger, Dagudu Moothalu or Port Of Seven Seas?"
1239,"Which film has the director who died later, The Great Man'S Lady or La Belle Américaine?"
1240,"Which film whose director is younger, Three Maxims or The Cynic, The Rat And The Fist?"
1241,"Which film whose director is younger, The Devil'S Pass Key or La Bella Di Lodi?"
1242,"Which film has the director who died earlier, Il Contratto or The Fiddler Of Florence?"
1243,"Which film has the director who died earlier, There'S That Woman Again or Hoodwink (1981 Film)?"
1244,"Which film has the director died first, Raiders Of Red Gap or A Day Of Fury?"
1245,"Which film has the director who is older than the other, A Dangerous Woman (1993 Film) or Emmy Of Stork'S Nest? "
1246,"Which film has the director who died later, Bad Subject or Making Babies?"
1247,"Which film has the director died earlier, A Day With The Devil or 5 År – Som Vi Så Dem?"
1248,"Which film whose director was born first, The Snake Brothers or Olympus Has Fallen?"
1249,"Which film whose director is younger, Orfeu or Love Is On The Air?"
1250,"Which film has the director who died later, Laughing At Trouble or The Train For Venice?"
1251,"Which film has the director who was born earlier, Kenny & Company or A Little Life-Opera?"
1252,"Which film whose director is younger, Showdown At Boot Hill or The Walls Of Hell?"
1253,"Which film has the director died earlier, The Suit (2003 Film) or L'Eroe Sono Io?"
1254,"Which film has the director born later, The Unguarded Hour or Racing Romance?"
1255,"Which film has the director died later, Happy Mother'S Day, Love George or Captain Eddie?"
1256,"Which film has the director born earlier, The Belle Of Broadway or Count Varenne'S Lover?"
1257,"Which film has the director died earlier, Remember The Day or Cast Up By The Sea?"
1258,"Which film has the director who died later, Slums Of Berlin or Cserepek?"
1259,"Which film has the director died earlier, Poslíček Lásky or John Meade'S Woman?"
1260,"Which film has the director born first, Bay Of Angels or Main Street To Broadway?"
1261,Are director of film Susanna Whipped Cream and director of film Le Salamandre both from the same country?
1262,"Which film has the director died earlier, The Bitter Tears Of Petra Von Kant or The Beloved Of His Highness?"
1263,"Which film has the director who is older than the other, Queen Of The Mob or L'Affittacamere? "
1264,"Which film has the director who died later, The World Apart or What Happened To Rosa?"
1265,"Which film has the director who was born first, Who'S Your Brother? or The Night Won'T Talk?"
1266,"Which film has the director who died later, Waiting For The Hearse or The Seventh Sword?"
1267,"Which film has the director died first, Köpekler Adası or Twisted Mistress?"
1268,Are the directors of both films Girl Slaves Of Morgana Le Fay and The Woman With Closed Eyes from the same country?
1269,"Which film has the director born later, Bartleby En Coulisses or The Perfect Specimen?"
1270,"Which film has the producer who was born earlier, The Save The Children Fund Film or Time Out Of Mind (2014 Film)?"
1271,"Which film has the director who was born first, Subway To The Stars or O-Kay For Sound?"
1272,"Which film has the director born earlier, The Under Dog (Film) or Dr. Kildare'S Crisis?"
1273,"Do both films, The Greater Woman and Tender Comrade, have the directors who are from the same country?"
1274,Do both films The Dust Of Naples and Col Cuore In Gola have the directors that share the same nationality?
1275,"Do both films, Trapeze (Film) and The Nude Bomb, have the directors who are from the same country?"
1276,"Which film has the director born later, Sara Dar Dah Daghigh-Eh or It Happened In Hollywood?"
1277,"Which film has the director born first, Au-Delà Des Lois Humaines or Palindromes (Film)?"
1278,"Which film has the director who was born first, Swabhimana or Mission Allahu Akbar?"
1279,"Which film has the director died later, Storm Center or Man, Woman And Wife?"
1280,"Which film whose director is younger, Slums Of Berlin or Phantom India?"
1281,"Do both films, Outpost Of The Mounties and Dracula 2000, have the directors who are from the same country?"
1282,"Which film whose director was born first, Tout De Suite Maintenant or The Haunted House Of Horror?"
1283,"Which film has the director who was born later, Wedding In Paris or All For Free?"
1284,"Which film has the director who is older than the other, Journey Back To Youth or Hope Floats? "
1285,"Which film has the director who was born later, Huras or Nuvvante Naakishtam?"
1286,"Which film has the director died later, Other People'S Relatives or In Old Cheyenne (1941 Film)?"
1287,"Which film whose director is younger, Running For Grace or Irulum Oliyum?"
1288,"Do both films, Amuck! and Sole Nudo, have the directors who are from the same country?"
1289,"Which film has the director who was born later, Three Kinds Of Heat or Stop The Wedding?"
1290,"Which film has the director who died earlier, Lure Of The Islands or Crooked Straight?"
1291,"Which film has the director who was born later, Achena Prem or The Death Kiss?"
1292,"Which film has the director who was born first, The Latin Immigrant or Racing Lady?"
1293,"Which film has the director born earlier, The Amnesiac or Night Parade?"
1294,"Are both director of film Stay Away, Joe and director of film Blood Thirst from the same country?"
1295,"Which film has the director who died later, The Mysterious Princess or Shanghai Story?"
1296,Are both directors of films The Little Napoleon and Black Gravel from the same country?
1297,"Which film has the director who was born later, Chronicle Of A Homicide or Death Goes North?"
1298,"Which film has the director born first, Muž, Který Stoupl V Ceně or Valdez Is Coming?"
1299,"Which film has the director born later, The Fighting Demon or Blood Of The Losers?"
1300,"Which film has the director who is older than the other, The Secret Witness or Mentioned In Confidence? "
1301,"Which film has the director who was born first, Slunce, Seno, Jahody or To Sleep With Anger?"
1302,"Which film has the director born later, Robert Rylands' Last Journey or That Royle Girl?"
1303,"Which film has the director born earlier, Idols Of The Radio or Solos En La Madrugada?"
1304,"Which film has the director who is older, Shootin' For Love or The Other Life Of Captain Contreras?"
1305,Are director of film Cocktails (Film) and director of film Buddy Hutchins from the same country?
1306,"Which film has the director died later, Begrijpt U Nu Waarom Ik Huil? or We Faw Down?"
1307,Do both films: L'Ultimo Travestimento and Nazi Love Camp 27 have the directors from the same country?
1308,"Which film whose director was born first, Crimen A Las Tres or The Working Class Goes To Heaven?"
1309,"Which film has the director who was born first, Where The Boys Are '84 or Dekha Pyar Tumhara?"
1310,Are both director of film Any Man'S Death and director of film The House Opposite (1931 Film) from the same country?
1311,Are director of film Fantastic Beasts And Where To Find Them (Film) and director of film Sioux City (Film) both from the same country?
1312,"Which film has the director who died later, Captain Fury or Mama Runs Wild?"
1313,"Which film whose director is younger, The Lame Gentleman or Splendor In The Grass?"
1314,"Which film has the director who was born earlier, Pod Banderą Miłości or World In My Corner?"
1315,"Which film has the director who was born earlier, Nearly A Nasty Accident or The General'S Fiancée?"
1316,"Which film has the director who was born later, Know Your Men or Perdonami!?"
1317,"Which film whose director is younger, Enemy Agents Meet Ellery Queen or Sirivantha?"
1318,"Which film has the director died earlier, Solange Leben In Mir Ist or Gang Bullets?"
1319,"Which film whose director was born first, 45 Fathers or The Intended?"
1320,"Which film has the director who died first, The People Vs. Larry Flynt or Manila In The Claws Of Light?"
1321,"Which film has the director died first, Choice Of Arms or Non Perdiamo La Testa?"
1322,Are the directors of films Sordid Lives and Empire Of The Wolves both from the same country?
1323,"Which film has the director who is older than the other, Made In Ash or Every Saturday Night? "
1324,"Which film has the director who was born earlier, Saatchya Aat Gharat or The Wanton Of Spain?"
1325,"Which film has the director born first, The King'S Pirate or Trauma (1993 Film)?"
1326,"Which film has the director who died later, Good Morning, Little Countess or Vogue La Galère?"
1327,"Which film has the director who died earlier, Long Vacations Of 36 or Mother Joan Of The Angels?"
1328,"Which film has the director born later, My Own Private Idaho or Lucignolo?"
1329,"Which film has the director who died first, Harry And Tonto or Fortunat?"
1330,"Which film has the director who was born earlier, Toto In Paris or The Railroad Man?"
1331,"Which film has the director who was born later, Life Is A Long Quiet River or Peruvazhiyambalam?"
1332,Are the directors of both films Open Tee Bioscope and Bambaiwali from the same country?
1333,"Are both director of film Germany, Year Zero and director of film Cross Shot from the same country?"
1334,"Which film has the director died first, Tucson Raiders or Vai Que É Mole?"
1335,Do both films My Father'S Happy Years and Hungarian Rhapsody (1979 Film) have the directors from the same country?
1336,"Which film has the director born first, The Bong Connection or The Whole Shootin' Match?"
1337,"Which film has the director who died first, Suwanda Denuna Jeewithe or Mary Jane'S Pa?"
1338,"Which film has the director born later, Jungle Ka Jawahar or Frankenstein'S Daughter?"
1339,"Which film has the director born later, The Jackhammer Massacre or License To Wed?"
1340,"Which film has the director who died later, The More The Merrier or Sleep, My Love?"
1341,"Which film has the director who died first, Tex And The Lord Of The Deep or Henry Goes Arizona?"
1342,"Which film has the director who is older than the other, A Wrong Way To Love or Ever Since We Love? "
1343,Are director of film Faults (Film) and director of film Fair Exchange (Film) both from the same country?
1344,"Which film whose director is younger, Sheriff Of Redwood Valley or Welcome To Woop Woop?"
1345,"Which film has the director who was born earlier, César And Rosalie or Beatrice (1987 Film)?"
1346,"Which film has the director who was born later, Oklahoma Justice or See This Movie?"
1347,"Which film has the director died earlier, The Man With The Glass Eye or His Buddy'S Wife?"
1348,"Which film whose director is younger, Geethaanjali or Karwan-E-Hayat?"
1349,"Which film has the director who is older than the other, Circus Ramudu or My Left Foot? "
1350,"Which film has the director died earlier, The Olsen Gang Goes Crazy or The Corbett-Fitzsimmons Fight?"
1351,"Which film has the director born later, Men Suddenly In Love or Unearthly Stranger?"
1352,"Which film has the director born earlier, Helluva Good Luck or The Last House On The Beach?"
1353,"Which film has the director born first, Lust And Revenge or Ambush Trail?"
1354,"Which film has the director born earlier, Charley One-Eye or A Glimpse Of Paradise?"
1355,"Which film has the director born later, A Nearly Decent Girl or Monte Carlo Or Bust!?"
1356,"Which film has the director who died earlier, Blast-Off Girls or Emperor Of The North Pole?"
1357,Do both films Toto In Paris and The Railroad Man have the directors from the same country?
1358,"Which film has the director died later, Marriage In Name Only or Mille Chilometri Al Minuto!?"
1359,"Which film has the director born first, Betrayal From The East or The Magnificent Beast?"
1360,Do both films: Mr. Arkadin and Kick-Ass 2 (Film) have the directors from the same country?
1361,"Which film whose director is younger, I Was A Student At Heidelberg or Deadly Eyes?"
1362,"Which film has the director died first, Fools For Scandal or Melody Of Murder?"
1363,"Which film has the director who died later, Toto Tours Italy or The Savage Is Loose?"
1364,"Which film has the director who was born later, Kris Mataram or A Peasant On A Bicycle?"
1365,"Which film has the director who died earlier, Bandits Of El Dorado or Secret Svensson?"
1366,"Which film has the director born later, Way...Way Out or The Biggest Show On Earth?"
1367,"Which film has the director who was born earlier, Docking The Boat or Harlan County, Usa?"
1368,"Which film has the director who died earlier, How Dark The Nights Are On The Black Sea or La Carapate?"
1369,Do both films Three Men From Texas and Je Suis Un Sentimental have the directors from the same country?
1371,"Which film whose director was born first, El Lazarillo De Tormes or Balyasakhi?"
1372,"Which film has the director who died earlier, Everything'S Ducky or Karthika (Film)?"
1373,"Which film has the director who was born earlier, Presidential Reunion or Mukha Chithram?"
1374,"Do both films, English (2018 Film) and Demonic Toys, have the directors who are from the same country?"
1375,"Which film has the director who was born later, Ripkin or Aaj Ki Baat?"
1376,"Which film has the director who is older than the other, The Devil'S Backbone or Backyard Dogs? "
1377,Are director of film The Beast In The Cellar and director of film Rulers Of The Sea from the same country?
1378,Are both directors of films La Morte Vivante and Stranger On Horseback from the same country?
1379,"Which film has the director born earlier, Get Crazy or Ruggles Of Red Gap?"
1380,"Which film has the director who died later, Love, Honor And Oh-Baby! or I Cover The Underworld?"
1381,"Which film has the director who was born earlier, The Devil'S Chaplain or The Liar (1961 Film)?"
1382,"Which film has the director who was born later, Speed Walking or Gie?"
1383,"Which film whose director is younger, L'Ultimo Amante or Are You Listening? (Film)?"
1384,"Which film has the director died first, The Mystic or The Hasty Heart?"
1385,"Which film has the director born first, Italia-Germania 4-3 or My Bodyguard?"
1386,Are both director of film Anna (2019 Film) and director of film The Road To Jenin from the same country?
1387,"Which film has the director born later, Kuei-Mei, A Woman or Hi Diddle Diddle?"
1388,"Which film has the director who is older than the other, To-Day or The Reluctant Hero? "
1389,"Which film has the director who died earlier, The Woman With The Orchid or Helicopter Canada?"
1390,"Which film has the director who was born earlier, The Blackmailers or Re-Animator?"
1391,"Which film has the director who was born later, Alice Of Wonderland In Paris or The Roundabouts Of Handsome Karl?"
1392,"Which film whose director was born first, La Desconocida or September Nights?"
1393,"Which film has the director who is older than the other, Kanchana Sita or Ghost Of The China Sea? "
1394,"Which film has the director who was born earlier, The True Story Of Eskimo Nell or Flame Of Stamboul?"
1395,"Which film has the director born first, Picture Brides or My Brother Jonathan?"
1396,"Which film has the director who died later, Wake Up And Live or Affairs Of Cappy Ricks?"
1397,"Which film has the director born earlier, The Korean Wedding Chest or True To The Navy?"
1398,"Which film has the director who died earlier, Thedi Vandha Mappillai or Jet Storm?"
1399,"Which film has the director who died earlier, The Undercover Woman or Way Of A Gaucho?"
1400,"Which film has the director who was born later, The Devil And Miss Jones or The Man In The Funny Suit?"
1401,"Which film has the director born first, Mum'S Guest or One True Thing?"
1402,"Which film has the director who died later, Let'S Live Again or The Charm School (Film)?"
1403,"Which film has the director who is older than the other, The Sensual Man or Rogue Cop? "
1404,"Which film has the director died earlier, No, No, Nanette (1930 Film) or What'S Your Husband Doing??"
1405,"Which film whose director is younger, The Condemned or Mr. Chedworth Steps Out?"
1406,"Which film has the director died first, Red Sundown or Suvarna Sethuve?"
1407,"Which film whose director is younger, Khoon Ka Khoon or Idaho Transfer?"
1408,Are the directors of films The Princess In A Nightrobe and Amira & Sam both from the same country?
1409,Are director of film Captain Fracasse (1940 Film) and director of film Sexycop from the same country?
1410,"Which film has the director who was born first, Hills Of Hate or Creepshow?"
1411,"Which film has the director who died later, Lukket Avdeling or Three Hearts For Julia?"
1412,"Which film whose director is younger, I Enjoy The World With You or Fear On Trial?"
1413,"Which film whose director is younger, Appointment With Murder or Big Business Girl?"
1414,"Which film whose director is younger, Venus Of Venice or The Caper Of The Golden Bulls?"
1415,Do director of film Simha Jodi and director of film The Pauper Millionaire share the same nationality?
1416,"Which film whose director is younger, Hôtel Du Nord or Down In 'Arkansaw'?"
1417,"Which film has the director who is older than the other, Once Upon A Time In America or Aashrayam? "
1418,"Which film has the director died first, Her Adventurous Night or Lola Montès?"
1419,"Which film has the director born first, Lawless Valley or L'Inhumaine?"
1420,"Which film has the director who was born first, Adventures Of A Taxi Driver or Catch Me If You Can?"
1421,Do both films Deadbeat At Dawn and Fly Away Home have the directors from the same country?
1422,"Which film has the director born later, Gene Autry And The Mounties or Sunday'S Illness?"
1423,"Which film has the director born first, The Mysterious Mr. Davis or Queen X?"
1424,Are the directors of both films Won In The Clouds and I Died A Thousand Times from the same country?
1425,"Which film whose director is younger, Before The Bat'S Flight Is Done or Agar Tum Na Hote?"
1426,"Which film has the director who was born later, Bloody Moon or Hot Tamale?"
1427,"Which film has the director who was born earlier, The Red Eagle or Vishukkani?"
1428,"Which film has the director who was born later, Cyclone Fury or Heads I Win, Tails You Lose?"
1429,"Which film has the director born later, El Extraño Viaje or Life Begins With Love?"
1430,"Which film has the director died earlier, Ghutan or Confessions Of A Window Cleaner?"
1431,"Do both films, Afrika (Film) and Man From The Deep River, have the directors who are from the same country?"
1432,"Which film has the director born first, A.P.E.X. or Quax In Africa?"
1433,"Which film has the director who died later, Dumb Dicks or Joe Palooka In Triple Cross?"
1434,Do both directors of films Frisk (Film) and The Vessel (Film) share the same nationality?
1435,"Which film has the director who is older than the other, The Flowers Of War or Tan De Repente? "
1436,"Which film has the producer who is older, The Seventh Victim or Baby Face Morgan?"
1437,"Which film has the director who is older, Regarding Henry or Robot Overlords?"
1438,"Which film has the director who was born later, Love, Summer And Music or The Spaniard'S Curse?"
1439,"Which film has the director who was born later, L'Eclisse or A Matter Of Morals?"
1440,"Which film has the director born first, Camere Da Letto or Mr. Perrin And Mr. Traill?"
1441,"Which film has the director who was born first, Sidewalks Of New York (2001 Film) or America As Seen By A Frenchman?"
1442,Are both directors of films Kill Me Three Times and Give And Take (Film) from the same country?
1443,"Which film has the director who died earlier, Aldri Annet Enn Bråk or True Confessions (Film)?"
1444,"Which film has the director who died later, Who'S The Man? or Check And Double Check?"
1445,"Which film has the director who is older, Senseless or Peões?"
1446,"Which film has the director who died later, Telefono Rosso or Four Hours To Kill!?"
1447,Do both films Happiness Of Three Women and Percy (1925 Film) have the directors from the same country?
1448,"Which film whose director was born first, Paid Back or Painted Angels?"
1449,"Which film has the director died earlier, Face Of A Fugitive or Ramachaari?"
1450,"Which film whose director is younger, A Joke Of Destiny or Whispering Smith Speaks?"
1451,"Which film has the director who is older, Road To Singapore or Melodies Of Vera Quarter?"
1452,Do both films Rain Man and Ping Pong Playa have the directors from the same country?
1453,"Which film has the director born first, Who Is Without Sin or Lost In The Suburbs?"
1454,"Which film whose director is younger, Ooh... Diese Ferien or Rogue Of The Range?"
1455,"Which film has the director who is older, L'Eclisse or Tell It To Sweeney?"
1456,"Which film has the director who was born earlier, Adam'S Rib or Thendral Veesum?"
1457,"Which film has the director who died first, Wild Horse Rodeo or The Desert Island?"
1458,"Which film has the director who is older, D@Bbe or The Curse Of The Jade Scorpion?"
1459,"Which film has the director who was born later, Walkover (Film) or Terry Tate: Office Linebacker?"
1460,"Which film has the director born first, Tiger Fangs or The Hours Of Love?"
1461,Do both films Shelter (2014 Film) and The Singing Detective (Film) have the directors from the same country?
1462,Do director of film Born American and director of film The White Raven (1998 Film) share the same nationality?
1463,"Which film whose director is younger, Cold Prey or Crime Scenes?"
1464,"Which film has the director died later, Sailor'S Luck or Lutaru Lalna?"
1465,"Which film has the director died first, My Husband'S Getting Married Today or The Hunting Of The Hawk?"
1466,Are director of film Dark River (2017 Film) and director of film Mahler (Film) from the same country?
1467,"Which film has the director who died earlier, Pure As A Lily or Dizzy Doctors?"
1468,"Which film has the director who died first, Invisible Ghost or Africa Texas Style?"
1469,"Which film has the director died earlier, La Cérémonie or Who Is The Guilty??"
1470,Are both directors of films At War In The Diamond Fields and 3 Godfathers (1948 Film) from the same country?
1471,Are both directors of films Coupe De Ville (Film) and Cold Weather from the same country?
1472,"Which film whose director is younger, Fear And Sand or The Cure For Love?"
1473,"Which film has the director who was born first, La Bella Antonia, Prima Monica E Poi Dimonia or The Commune?"
1474,"Which film has the director who is older than the other, I As In Icarus or Move Over, Darling? "
1475,"Which film has the director born later, Brutti Di Notte or Bir Türk'E Gönül Verdim?"
1476,"Which film has the director who died first, Hridayame Sakshi or Mofturi 1900?"
1477,"Which film has the director born later, La Soif De L'Or or Forelsket I København?"
1478,"Which film has the director born later, The Eagle'S Claw or America Abbayi?"
1479,"Which film has the director died later, Fugitives For A Night or Chinese In Paris?"
1480,"Which film has the director who is older than the other, Lemming (Film) or Hunger For Love? "
1481,"Which film has the director born earlier, Me First (Film) or My Lady'S Garter?"
1482,"Which film has the director born later, House Of Blackmail or Taxi Zum Klo?"
1483,Do both films Levity (Film) and I Come With The Rain have the directors that share the same nationality?
1484,"Which film has the director died later, Dahleez or The Lights Of Buenos Aires?"
1485,"Which film has the director died first, The Vein or Judgment Deferred?"
1486,"Which film has the director who died later, Return Of The Ewok or Rattle Of A Simple Man?"
1487,"Which film has the director born first, Fighting With Buffalo Bill or Steelyard Blues?"
1488,"Which film has the director born earlier, Cumbres De Hidalguía or Extraordinary Mission?"
1489,"Which film has the director who was born first, Texas Gun Fighter or What Will People Say??"
1490,"Which film has the director died later, Entede Bhanta or Weighed But Found Wanting?"
1491,"Which film has the director who died earlier, Flying Pat or Pension Mimosas?"
1492,"Which film whose director is younger, Last Feelings or The Dog Who Stopped The War?"
1493,Do both directors of films Rich And Strange and The Sunset Legion have the same nationality?
1494,"Which film has the director who is older than the other, The Children Of The Feud or Indiana Jones And The Temple Of Doom? "
1495,"Which film has the director who is older, 24/7: The Passion Of Life or Krishnan Love Story?"
1496,"Which film has the director who died later, Blazing The Overland Trail or Come On Marines!?"
1497,"Which film has the director who is older than the other, One Brief Summer or His Guardian Auto? "
1498,"Which film has the director born later, Ladro Lui, Ladra Lei or Blow Job (Soffio Erotico)?"
1499,Are the directors of both films Pretty Foe and Goin' Coconuts from the same country?
