qid,question_text
0,Which network subsidiary broadcasts the weeknight evening news show in part named after the network that aired Crowd Rules?
1,What is the size ranking of the continent where Palmer Land is found?
2,When did the drinking age become 19 in the state where The Great Outdoors takes place?
3,How old do you have to be to drink with a parent in the state where Lars and the Real Girl takes place?
4,In what time period did the Muslim conquest of the place where the Sahara is located on a map take place?
5,What is the work of civil defence in the richest country in Africa?
6,Who plays the artiste for Stay for Awhile in the movie I Can Only Imagine?
7,How many Americans live in the country where AS Momekano is based?
8,What county contains the city where Emil Marschalk von Ostheim was born?
9,The mosaic in the church in the location of Hagia Sophia is known as what?
10,In which county is the city where Biedman is located?
11,Who was the performer of Get Into You in Home and Away?
12,What happened in country having Al-Serkal during the cold war?
13,Who wrote the national anthem of the country that released Wekande Walauwa?
14,In which county was Scratch born?
15,What is the city where Giovanni Buonconsiglio was born an instance of?
16,What part of the country that includes bevercotes did the pilgrims come from?
17,Who was the piano player in the series of which He That Believeth in Me is an episode?
18,How did the main subject of State of the Union address rank Switzerland's economy?
19,Who came up with the name for the fried chicken chain associated with the state where Cayce is located?
20,What is the current official currency in the country where Darla Pacheco was born?
21,When was Liang Ji's country divided into spheres of influence?
22,Who is the 2018 minister of Mundaje's state?
23,"In 2018, who scored the most goals in the competition that the FIFA Confederations Cups is considered a warm-up for?"
24,Who is the current prime minister of the country Gourie Cave is located?
25,What body water is the owner of Auestadion located or next to?
26,what is the population of williston in the state containing Morton County?
27,When was John Staples Harriott's employer established in India?
28,Who plays the creator of Sunflowers in Doctor Who?
29,Who created the show Fabian Brandner is a character on?
30,Where is the place Glamara is part of located in the UK?
31,What is the climate like in the city where Sea Nymph left for sailing?
32,What county shares a border with the county where Wethersfield Township is located?
33,In which district of the country where Malagawatch is located can LaHave be found?
34,What region is the city where Robert Tuttle Morris died located?
35,The Haystacks are seen in what UK county?
36,The singer of River wrote Thinking Out Loud for who?
37,What is the highest point in the state where WPMR-LP is located?
38,What percent of the population is Christian in the West African country whose capital is Abuja?
39,When did the birthplace of Ganju Lama become an Indian state?
40,What's the David Bowie song co-written by the writer of God?
41,Who is the Minister of Defense in the country where Kariba Dam is located?
42,In which direction would you travel to reach Southampton from the city connected to it by rail?
43,what song did the performer who sings Let the River Run with Eminem write for Justin Bieber?
44,"When did Anne Fitzalan-Howard, Duchess of the state Kenninghall is located, die?"
45,"As of the 2017 election, who was in charge of the country where the village of Dragovita is located?"
46,How many times have the Dodgers been beat by the sports team Craig Dahl was a member of?
47,what is the current official currency in Raymond Gause's country of citizenship?
48,Where is the rainforest located in the U.S. territory where the Tibes Indigenous Ceremonial Center is found?
49,Where did the Dakota tribe live in the state whose capitol is St. Paul?
50,Of what church is the Diocese of the birthplace of Meehan Bonnar?
51,When did the author of A Philosophical View of Reform die?
52,What is the hockey club in the city where the Holyrood estate is located?
53,What continent is the country encompassing Luahoko located?
54,What day did Balloon Kid's publisher release the new systems?
55,What is the continental limit of the continent where Jacobsen Head is located?
56,"When did the country that continued to manage its own religious and regional political affairs while under Mongol rule, become part of Qing China?"
57,What is the average income in the county containing the community of Vincent Landing?
58,Who is the leader of opposition in Welton Irie's country of citizenship?
59,When did the iPhone 6s Plus of the SK8 developer come out?
60,Who is the White Nights director's sibling?
61,What municipality is the city CFLT-FM is located a part of?
62,"In 1823, what emperor was overthrown in the country that the US bought land from in the Gadsden Purchase?"
63,What region is the SMA Negeri 68 of the city where Djatikoesoemo died located in?
64,Where is the new island forming in the state where the twinned administrative body operates in the Okinawa Prefecture?
65,What race was the majority of the population of the country Paya Lebar is from?
66,"When did the country where the village of Clonbrook is located, become a member of CARICOM?"
67,what is the size of the continent the Kvaevenutane Peaks are located in?
68,Who was the top man where Sante Cattaneo died?
69,Who is the president of the country where Stephen Worgu is a citizen?
70,What percentage was the country where Bermúdez is located?
71,When did the performer of Baby Grand play at Shea Stadium?
72,When was free education introduced in the country where Robin Tampoe was born?
73,When was the Muslim conquest of the area where the screening was prevented?
74,Who is charge of the city where Pietro Gnocchi died?
75,What is the birthplace of the writer of the song Say You Won't Let Go?
76,When does monsoon season occur in the city where Krishna Levy was born?
77,What is the administrative territory where Russell Maliphant's place of birth is found?
78,"Prior to the Euro, what was the currency in the country where TEHO originated?"
79,Who made Liang Congjie's birthplace his capital?
80,"During the Karabakh war, how many people died as a result of the fighting between Armenia and the country where the village of Qurbanəfəndi is located?"
81,Who was pivotal in the US actions that led to the annexation of what today is the state where Magnum PI is filmed?
82,"At June 1985's Consumer Electronics Show, on what date did the publisher of EarthBound unveil its new systems?"
83,What are the nationality and profession of the man with the highest assist in UCL history?
84,"What institution was established for management development, in the country that the entertainer Harrysong is from?"
85,Who wrote the pledge of allegiance for the country where a Bahamas Ministry of Tourism and Aviation operates?
86,What show helped launch the career of the Blown Away performer?
87,Who was fathered by the singer on Recorded as Jerry Landis?
88,What new residential powers did Dale Cooper's employer have?
89,In what language was the film whose title describes getting a kiss from a person who starred in The Hoodlum?
90,Who is the spouse of the original singer of My Way?
91,What is the population of Utica in the state where Kelly Round Barn is located?
92,What is the salary of the governor in the state Harrah's Casino Tunica is located?
93,"In the country that includes Al-Damiri, when was the wheel first used?"
94,Who is the spouse of the performer of the album Kati Simveni?
95,When did the writer who liked to visit Cheshire Cheese and the Prospect of Whitby pen his last work?
96,When was the first attempt of a coup in the capital city of the democratic republic of the Congo?
97,What is the language of the film A Kiss from the producer of Less Than the Dust?
98,Who was in charge of the country beaten at the Battle of Kosovo?
99,Where is the university related to Ian Ballantine located?
100,Clayton is located in this county in the state where the Glick-Sower House is located.
101,Humboldt Peak in the state where Medical Center of the Rockies is located is part of what mountain range?
102,"What was the release date of Flatline, by the performer of Turn to You?"
103,What is the rank of the GDP of the country in Africa whose capital is Abuja?
104,Where are the San Juan Mountains in the state William Hanna was born?
105,Since what time has the iPod manufacturer remained profitable?
106,Who is the general treasurer of the state Mike Cerrone was born in?
107,Where do the large A380 go after transfer to the birthplace of Jean-René Saulière?
108,"Who was the screenwriter of the film about, and titled after, the place of death of Te-ongsi Sirijunga Xin Thebe?"
109,When did the iPhone 6 by the developer of Proapp come out?
110,Who won the 2018 election in the country known for Nasi kerabu?
111,Who does vocals on Money by the band that performed Up the Khyber?
112,Whose father performed #9 Dream?
113,What's the population of the Florida county where the city of South Pasadena is located?
114,Where is the coach from the owner of The Venue at UCF going?
115,What is the name of the river that runs through the city encompassing Children Without?
116,Who was in charge of the city where August Bloedner died?
117,What time is considered the Modern Period in the country Gukhwappang is from?
118,"Who did the 49ers, from the city where Time After Time was filmed, lose to in Super Bowl XLVII?"
119,What is the mean income in Belvedere Island's county?
120,Who was the manager when the team that employed Ryan Bertrand won Champion's League?
121,"What county houses the community of Robinson, in the state where Tom Harkin was from?"
122,What was the school Al Hutchinson attended originally called?
123,Who led the US movement to take over the island where Arnond Vongvanij was born?
124,What is a language spoken by the director of Thalattu Ketkuthamma?
125,How old do you have to be to buy a handgun in the state where the 49ers quarterback went to college?
126,What is the record label for the artist who sang Take Good Care of My Baby in 1961?
127,Who does the performer of Nothin' to Die For play in Country Strong?
128,What did Goring believe the U-109 operator would gain with further support?
129,When does monsoon season end in the state William Hanna was born?
130,What act abolished slavery throughout the empire that distributed a new vocabulary during the Crimean War?
131,What is the passport issuing authority in the country Duhulu Malak is from?
132,The Shady Grove in the same state as Waukee High School is present in what county?
133,In which county of the state where the majority of sweet corn is grown is Shady Grove?
134,How did the Japanese win the country where Nan-ao is located?
135,"Who was the song ""Something For"", by the same artist as the song ""I Need You"", written for?"
136,Who was in charge of Remo Bertoni's birthplace?
137,What network first aired the show presenting Fabian Brandner?
138,Who owns Interstate 95 in the state where Awashonks lives?
139,Who is the mayor of Oklahoma's largest city?
140,What subject was studied in the city where Ammo Baba was born?
141,Where did Chopin live with his family in the city where Jan Romer died?
142,"Who did the actor who was Aslan's voice in Narnia, play in Star Wars?"
143,On what date did the battle named after the birthplace of Niall Inman end?
144,The lyricist of Pocahontas had who as a sibling?
145,"Where did Agnes, of the birthplace of Johann Nauwach, die?"
146,Who is the mother of the director of Faces?
147,What is the highest point of the country where Alebtong is located?
148,What is the population of Todd Sears' birthplace?
149,"Last season, who scored the first goal for the team which Dale Jasper had played for?"
150,In what month did the performer of I Forgive You win American Idol?
151,"Who played for all of liverpool, manchester, united, everton, and the team where Herbert Burgess starred?"
152,What is one annual sporting event hosted by the largest city in Oklahoma?
153,Who is the wife of the performer of the album Joe's Domage?
154,"What was the estimated population of the city that was the largest metro area in Oklahoma as of 2010, in 2014?"
155,What was the average family size in the city where WNJN-FM radio is located?
156,Who owns Interstate 95 in the state where John Wilkinson was born?
157,Who is the current opposition leader in the country where Ombaci is located?
158,"When did the 5th Dalai Lama gain political control over the traditional homeland of Monpa, Qiang, and Lhoba peoples?"
159,Who was the founder of the company that published Air Raiders?
160,When did the 50th state to join the U.S. become part of the country?
161,Whom is the country with the Vieux Fort River named after?
162,when did Shi Tiesheng's birthplace fall?
163,What mountain range in the state with the Pawnee National Grassland park does Garfield Park belong to?
164,What genre does the composer of New York Counterpoint work in?
165,What was the former name of Song dynasty's capital?
166,When did the torch visit the city the Parliament Museum is located in?
167,"What type of community is the municipality where Norbert Pfretzschner died, an instance of?"
168,"The Battle of Jackson, in the state where the Great River Road is found, is a part of what larger conflict?"
169,Who is the current food minister of the state where hampi tourist place is located?
170,In what time period did the Muslim conquest of the region the Moriscos went after they were forced out of Spain occur?
171,Where did the Dakota tribe live in the state where Lakeville High School is located?
172,In which county is the city to which WHGT licensed to broadcast?
173,What happened in the country where the Rumduol district is located during the cold war?
174,What is the main subject of biographies of the Bastien und Bastienne composer?
175,How many square miles is the state that was Elbridge Gerry's constituency?
176,Who founded one of the companies that handled the distribution of the NES?
177,What is the population of the city where the 16th Vietnam Film Festival was held?
178,Which mountain range separates kinnaur and spiti from the area where Marpa Lotsawa was born?
179,When is the monsoon season in Ankit Sharma's birth city?
180,Who discovered the country where Papa Elise is located?
181,What shares a border with Rivière-Verte in the province Les Hay Babies formed?
182,The conflict that involved the 55th Infantry Division of the Borough were Aughton is a village?
183,Where was the capital before the city containing Lycée Albert Sarraut?
184,When did Hurricane Maria hit the country where the groups not from the United States were from in The Sing-Off?
185,"Who was manager when the sports team who formerly employed Dale Japer, won Champion's League?"
186,When does it get cold in the state Reynolds is in?
187,"What city, known for a dam with same name, is located in the county that also contains the community of Durham?"
188,"What city contains the Consulate General of the United States, in the birthplace of John Slade?"
189,How high is the highest point in the city where esperanto was invented?
190,What region is the birthplace of Jan Mohammad the capital of?
191,When was free education brought to the country containing Kandalama Reservoir?
192,On which continent would you find the hilly region containing Beaudoin Peak?
193,What county is the city where Stillwater Area High School located part of?
194,Who is a cast member from the soap opera featuring a character named Viktoria Wolf?
195,When did the iPhone 6s from the developer of MessagePad come out?
196,Who is the defence minister from the country where Mazabuka district is located?
197,who are the two leaders of the opposition in the province Elton is located?
198,Who are the democratic candidates running for governor in the state where Dorothy lived in the wizard of OZ?
199,Who was in charge of the city where Jerome Dupree was born?
200,What Chilean footballer from Arsenal joined in 2018 the club that won more trophies than Liverpool
201,What is the rank of the state where Ghaspada is located in population?
202,When was the last time Larry Moriarty's team went to the Super Bowl?
203,Who is the spouse of the original singer of How Sweet It Is To Be Loved By You?
204,"In the town or city that WMID serves, what percentage of households were made up of individuals?"
205,In which episode of Doctor Who was there a character based on the creator of Farming Village at Twilight?
206,Where is Shelby High School located in the state that contains Langdon House?
207,When was the most remarkable creation in MTV born?
208,Who wrote the pledge of allegiance of the country where After the Sunset was filmed?
209,when is the next governor election in the birthplace of Lester Chambers?
210,What county borders the community of Dean which shares a county with New Germany?
211,Who wrote the national anthem of the country where the town of Mannar is located?
212,How much of the population of the country Dr. Babatunde Osotimehin hailed from is Muslim?
213,What race was the majority of the population in the country where DHL Balloon is located?
214,What spirits are associated with shintoism in the religion of the people whose language is used by Gichin Funakoshi?
215,What forest is by the southern border of the city where Kazimierz Dejmek died?
216,Who operates the Embassy of Northern Cyprus in the city where Necdet Oztorun died?
217,What are the dates for the motorcycle rally taking place in the administrative territorial entity where the Stratobowl is located?
218,Who is the opposition leader in the country that produces Matoke bananas?
219,"Where can you find the Tonight show, that bears the name of the original broadcaster of Closing Bell?"
220,Who is the treasurer in the John Wilkinson's birth state?
221,Who was the ninth governor-general in the country Lorengau is located?
222,What county is the town of Moran in the state with Plainville Airpark?
223,Who was the mother of the artist that the song Missing You by Diana Ross is about?
224,Who was the first prime minister of the country of Housewives' Holiday?
225,"What percentage of the population of the state where Shepard Glacier is located, is Native American?"
226,What annual tournament is hosted by the city where KRMP is located?
227,The city where Bärenreiter has its headquarters is located by what body of water?
228,When did the torch arrive in the birthplace of Kim Il-chol?
229,How to become a Justice of Peace in the country that released The Golden Pillow?
230,By what name is the brahmaputra known in Bangladesh and the country where BBC is banned from reporting?
231,When did the country with the Waini River become a member of caricom?
232,In which direction would you travel from city where the band Munroe Effect was formed to reach Southampton?
233,When did the civil war in the country where Simacota is located start?
234,How is the human rights record of the country where Varvara mine is located compared to the rest of the world?
235,Who else is a cast member in the show Oliver Sabel is from?
236,What is the population of District 3's encompassing city?
237,What is the record label of the performer who released Around the World?
238,What county is Carpenter located in the state where the Badlands is located?
239,What was the original price for a replacement battery from the developer of iWork?
240,"When did the man who said ""I came; I saw; I conquered"" die?"
241,What university is the college attended by Roland Moyle part of?
242,Who was U.S. president immediately following the conflict in which Arthur Whealy took part?
243,What was the magnitude of the September 2011 earthquake that struck the city with a metro station nearest to delhi railway station?
244,Who does the star voice actor of Afro Samurai play in The Avengers?
245,"What municipality holds Sheet Harbor, in the province and former colony, where Baptist missionary work in Canada began?"
246,"Where did the Dakota tribe live in the state where Walnut Grove, in Little House on the Prairie, is located?"
247,What country is Carmelo Delgado Delgado's party located?
248,When did the torch visit the birthplace of JSL Singh?
249,Who was the first president of Moucha Island's country?
250,Who did Candy Harris's team play in the playoffs?
251,Where did the quarterback for Ryan Sims' team go to college?
252,Who has the most consecutive appearances in the tournament where you win a ring in the NBA?
253,Who plays Michael Myers in Halloween by the performer of The Sinister Urge?
254,Who was in charge of the colony that became the state Jeremiah Olney was born?
255,What network first aired the show with a character named Matthias Brandner?
256,What award did the star represented by Lew Wasserman receive?
257,In which league was the sports team of Stanley Blair?
258,who is the leader of opposition in the country Herb McKenley is from?
259,What is the name of the waterfall in the country where Baghdad Stadium is located?
260,What city is in the county where Enterprise is located?
261,How many people died as a result of the fighting between Armenia and the country where the Padar are from?
262,What city is the birthplace of the pianist who released the album Heat Wave?
263,Who does the singer of Drugs or Jesus play in Country Song?
264,What percentage of the population of the country with the largest economy in Africa is Mulsim?
265,When is the sec championship game between Georgia and the winner of national college football 2016?
266,What is the county for the location where Menajahtwa was formed?
267,When did Hurricane Maria make landfall in the territory that has been suggested as a new addition to the United States?
268,Who operates the embassy of Northern Cyprus in the city where Kubra Kegan was born?
269,What country did the Battle of Iconium take place in?
270,What state is the downtown of where Killing of a Sacred Deer was filmed located in?
271,What county is part of the state where Nathaniel Pearce House is located?
272,Who acts in the show with a character named Benito Alessi?
273,What song did the performer of Lennon Bermuda write for David Bowie?
274,Who did the singer of I Wanna Be with You play in The Princess Diaries?
275,Where did the band who sang I might like you better if we slept together originally form?
276,What percentage of contributions does the country containing the capital city of Yaritagua have?
277,What is the location of the administrative territorial entity where Roca Entravessada is located?
278,Who performed in the 1980 live comedy album recorded in the birth city of Billy Caskey?
279,How old do you have to be to drink with a parent in the US state setting Driftless?
280,Filming of Time after Time was in the city named after whom?
281,From where did the radioed interception orders to planes of the country later opposed to invasion of the Suez canal come?
282,SMA Negeri 68 is located in what region of the city where the 2008 Summer Olympics torch relay began in Indonesia?
283,Where do the large A380 go after the city where Albert was born?
284,How many meters higher than the sea is the city where Mexico won its freedom from Spain?
285,What's the rank of the city where communism was overthrown first in the EU for the most people?
286,What is the record label for the performer of The Definitive Collection?
287,What are the global record sales for the band who released The Right to Go Insane?
288,What kind of objects were not affected by the mechanics of the scientist whose death in 1727 prompted poems written in his honor for decades?
289,Who is the spouse of the performer of Can I Get a Witness?
290,What county is Greg Howes birthplace located in?
291,Who won bigg boss season 5 in the version of the show in the language used by Kuvempu?
292,What is the tallest structure in the country Mahooz is located?
293,Who scored the first goal for Ryan Bertrand's team last season?
294,What municipality is Kinsaw in the same province Bell died in part of?
295,What military branch did the writer of the book Bravo Two Zero was based on serve in?
296,Who won the 2018 election in the country where the cuisine of Mee bandung Muar originated?
297,What was the currency of the country having Cobra before the Euro?
298,What is the population of the city containing District 9?
299,When did the civil war in the country where Perquin is located start?
300,Who was in charge of Jeremy Chappell's birthplace?
301,In season 5 of the series with the episode All The Pretty Sources who is Blair's baby daddy?
302,What are the nationality and occupation of the highest paid sports person in the world?
303,Who did the performer of The God That Failed collaborate with?
304,Who is currently in charge of the city where WOFX-FM is located?
305,What is the record label for the artist with an album titled More Blues and the Abstract Truth?
306,What rank is the state with the most black voters in 1965 in population?
307,What had the attackers of Pearl Harbor failed to capture?
308,When was the creation of the mosaics of the church located in the city where the band Baildsa formed?
309,"In World War II, on what date were the allies joined by the country containing the town of Curtici?"
310,Ardele Lister's employer is an instance of what?
311,Who won the 2018 election in the country the Miri–Baram Highway is located?
312,What type of community is the city where Tiziano Siviero was born an instance of?
313,How do you become a justice of peace int he country where Double Bonus takes place?
314,The creator of The Golden Stairs is noted for creating mosaics in what century?
315,What river flows through the city KRMP broadcasts?
316,Who is the present food minister of the state where Haradanahalli is?
317,When did Chopin's family move to where Andrzej Strug later died?
318,Which county shares a border with the county where Oliver Township is located?
319,What county includes the Kansas city that shares its name with Mike Corneau's birthplace?
320,When did the performer of My Life play at Shea Stadium?
321,What metro area is the location of Cosham part of?
322,when is election day in Holland Smith's birth state for senate?
323,Where does the team which played the Red Sox in the 2004 World Series have spring training?
324,In what season was the performer of Encore a guest judge on American Idol?
325,Who wrote a book named for the woman whose self-titled album came out in 1983?
326,How many households are in the city Kevin Durant played for before moving to Golden State?
327,"What was the date of death of Anne Fitzalan-Howard, former Duchess of the state where Earsham is located?"
328,Who married the founder of Russell's teapot?
329,Who is the sibling of the cast member of Little Annie Rooney?
330,Who was influential in education from the country where the Helvetic Republic was established?
331,How did the federation of countries whose officials are called Eurocrats rank Switzerland's economy?
332,When did Flatline by the performer of Bad Day come out?
333,What is the tallest structure in the country Dumistan is located in?
334,Who was the pilot who dropped the atomic bomb on the first Japanese city nuked by the United States?
335,What is the record label of the performer of Red Hot Kinda Love?
336,"How many times has the wrestler who won the WWE Elimination Chamber in 2018, won the WWE Championship?"
337,What county is found in the smallest state of the northeast region?
338,When did Baird cease showing its programs on the network that shows I Dream?
339,"Which flag was made first, the flag of Cuba, or that of the territory that Luis Villafañe is from?"
340,When did trolleys stop running in Nigel Stock's birthplace?
341,"During the 2010 United States Census, how many households were there in the city that WMID serves?"
342,When did the 5th Dalai Lama gain political control over the country that managed religious and regional political affairs?
343,He who garnered the most electoral votes in 1824 had a nephew named what?
344,What is a term for the religion of all naturalists working at the two English universities and churches that align with it?
345,What was the first name of the person whose liturgical feast is celebrated on September 26th at birth?
346,Whose life teaches the members of the religion targeted in the great persecution that began in 303?
347,What is the legal system based on for the location where A-Ma Temple is located?
348,When did the currencies of the country east of Swaziland first come into circulation?
349,What organization does the organization that General Ashcroft assigned to lead organization in terrorism investigation share jurisdiction with?
350,Where are the San Juan Mountains in the state that uses the 575 area code?
351,When were the subways constructed in the city where Josiah Sutherland died?
352,Where is the location of the main campus of the school where John Nessel was educated?
353,When was the last earthquake in the country where Cobresal is headquartered?
354,When ordering Indian states by population what position is Chatra Lok Sabha constituency's state?
355,What language was used by the writer of Nice Work If You Can Get It?
356,What is the population of Williston in the state where KCAD is based?
357,The traditional sport played on islands surrounding Luasamotu is what?
358,When was the city where the band Blue Cheer was from founded?
359,Who is the Minister of Local Government in the country that contains Zvimba District?
360,How old do you have to be to drink with a parent in the state where WJQM is located?
361,Who was manager when George Saville's team won Champions League?
362,Who plays the One Day at a Time character that shares a first name with the spouse of Michal?
363,When did the state where Pocahontas Mounds is located become part of the United States?
364,Who was in charge of the country Ponor is located?
365,How old do you have to be to drink with a parent in the state where the movie The Great Outdoors is set?
366,Who is the mayor of Yusa's birthplace?
367,When did allied troops land in the location where the moors who invaded Spain came from?
368,What is Elizabeth's ranking in the church founded by King Henry VIII?
369,What job did the creator of Prophet Jonah have?
370,Who is the screenwriter of the documentary named after the country where Byblos Port is found?
371,What genre of music did the Le nuove musiche composer create?
372,What era did the Presbyterian Church in the country The Heirloom originated experience a large growth in members?
373,Who is opposition leader in the country where May Pen is located?
374,What language was used by Renana Jhabvala's mother?
375,"During the Cold War, what happened in the country of citizenship of Sangrama?"
376,"When Anson led the Chicago Cubs, how many pennants did they win in the league that employed Peter McLaughlin?"
377,When did the Battle of the state where Del's can be found happen?
378,Which mountain range separates Kinnaur and Spiti from the country to which the Yongle emperor sent Yang Sanbao?
379,What is the body of water by the birthplace of William Barber?
380,"What county includes the city of Clayton, in the state where wind power is used the most in the U.S.?"
381,Who was the ninth governor-general in the country where Bagana is?
382,"Who sings the rap in Baby, by the performer of Somebody to Love?"
383,Who performed the song named for the country where Camatagua can be found?
384,When did the writer of the song You Are My Home play at Shea Stadium?
385,Who was the mother of the performer of Joy?
386,Which region is Francis Raymond Shea's residence city located?
387,How many miles northwest of Jon Monday's birthplace is Stanford University located?
388,What was the country where Konrad Sundlo was from named after?
389,What show helped launch the career of the Cry singer?
390,When did the country where Rosme is located join the USSR?
391,"Which verse in Luke states that Mary had ""no relations with man"" before the birth of the man who overthrew moneychangers' tables in the temple?"
392,Who did the performer of You write the song something for?
393,What is the record label of the performer of Dead Presidents?
394,What record label does the performer of Recorded as Jerry Landis belong to?
395,Who is the person with the most followers on Instagram?
396,On what kind of land form is Andros in the country where Bahamas Association of Athletic Associations is based?
397,"In what ways did Kanye draw inspiration from Led Zeppelin, U2, and the performers of Slipping Away?"
398,How many households were in the city where The Flaming Lips were formed?
399,When did the body of water where Pedra Branca is located come into existence?
400,Who is the spouse of the person who annexed Alsace to the new German Empire in 1871?
401,Who is the mayor of the birth city of Can Dündar?
402,Who was the first commander in chief after independence of the military branch that Army Training Command is part of?
403,Who was the spouse of the composer of In the Hall of the Mountain King?
404,When did the state Friendship Halls is located make Anglicanism its established religion?
405,Where did the university that awarded Lee an honorary doctorate in 2006 rank in U.S. News & World Reports for its 2015-2016 rankings?
406,Who is president of the country Patrick Aga belongs to?
407,Where was the performer of The First Day born?
408,"Enterprise, in the same state A Scattered Life takes place in, is in which county?"
409,Of which country was the performer of Twist the Truth a citizen?
410,What is the genus of the thrush found in the country where Pungudutivu Lighthouse is found?
411,The Dean community in the same province as Torbrook is in what county?
412,What is the tallest structure in the country where Mahazza is located?
413,What is the highest point in the state where Clendening Lake is located?
414,Which body of water is by the place where Sergei Toporov died?
415,What shares a border with Carolus Maneken's birthplace?
416,Who many students regularly attend schools in the city where The Kitchen is?
417,Which nation was not part of the U.N. allied military force in the country where taekwondo is originally from?
418,Who is chief justice of the country where Elmina Castle is built?
419,What is the name of the North Carolina airport in the city where John J. Milligan resided?
420,Who is the finance minister of the state Chandul Shah died in 2017?
421,Where is the place Fairfield is part of located in the UK?
422,What did Goring believe the operator of German submarine U-608 would gain with further support?
423,Who built the largest ancient Inca empire in the area the Monroe Doctrine aimed to free from European influence?
424,Who is the Speaker of Parliament of the country Shai Hills are located?
425,Was there any debate about the voting process in Charlotte Blake's birthplace?
426,What county is Lyons located in the state where WJWD is located?
427,When does the academic year start in the country Bikam is located in?
428,What's the name of the hockey club from Joseph Gelfer's birthplace?
429,What is the mosaic in the church where Villa Bianca is located known as?
430,What was depicted on banners of people from the group accused of starting the Great Fire of 64 AD during the First Crusade?
431,What county contains the city where Miho Klaić died?
432,Who did the actor voicing Afro Samurai play in Star Wars?
433,When did the state where Elven C. Smith built his house get into the Union?
434,Where did the original inhabitants of the location where Rano Raraku is come from?
435,The mosaic in the church in the city where the Salonika Agreement occurred is known as what?
436,Was there any debate about the voting process in the state where Langdon House is?
437,Who was the President of the U.S. immediately following the conflict with Frances Cluett's participation?
438,Who is the director of the film named after the country Kafr Dunin is lcoated?
439,Where did the creator of Ode to Joy die?
440,What was the alma mater of Richard Labonté originally called?
441,Who is the mother of Living With You's producer?
442,On what date did Banjo-Tooie's publisher unveil the new systems?
443,Which genre did the only true successor to Chopin (according to J. Barrie Jones) compose?
444,When does the academic year start in the country known for Nasi kerabu?
445,Who is the sibling of the other woman who earned the title?
446,In which administrative territory is Clinton Derricks-Carrol' birth place?
447,Who is the present Defence Minister of the state Keladi Chennamma is from?
448,Who was in charge of the country where Badel is located?
449,Who is the sibling of Yamata's director?
450,Who signed the Declaration of Independence from the state where Jacob Highbarger House is located?
451,Where is the district containing the fell of Birks located in the UK?
452,Since what time has the creator of swift remained profitable?
453,"Who did the producer of Songs I Wrote with Amy write the song ""Thinking Out Loud"" for?"
454,Who led the army that was part of the Stalingrad Front and made it an effective fighting force?
455,"What is the name of the administrative territorial entity in Dean, which is found in the province that contains Kejimikujik Lake?"
456,Who won the season of American Idol when the performer of Giving Myself was on it?
457,Who is the father of Blair's baby in season 5 of the series that Valley Girls is part of?
458,Which art museum does the university that awarded Lee an honorary doctorate administer?
459,Who is the mayor of the birth city of Pedro Carrío?
460,Who is the mother of the producer of the album Circus Live?
461,What type of university is Norman Levitt's employer?
462,What is a popular hotel in Rudi Louw's birth city?
463,What cigars are named for the capitol of the country where Rogelio Marcelo was born?
464,What amount of TEUs was handled in 2010 in the city where Bey Hamam is located?
465,What human health problems has the substance used to extract gold and silver from their ores been directly linked to?
466,When did the continent where the yellow bell plant originates take the form that it has today?
467,Which season of American Idol featured a guest judge with the largest Twitter following in the world?
468,What is the administrative territorial entity in the city where Neyland Stadium is located?
469,Where did the team that won the MLB World Series in 2007 get Brandon Phillips from?
470,When is the next gubernatorial election in the state where WWZD-FM is based?
471,When were the mosaics in the church where the Cemetery Basilica is created?
472,What league does the owner of Cobham Training Centre attend?
473,The Tonight show by the media networked previously called Financial News Network can be seen where?
474,The religious group targeted in the Great Persecution had what depicted on their banners during the first crusade?
475,Who is the mother of Starlight's performer?
476,How many times has Kirk Rueter's team beat the dodgers?
477,Who is the mother of the performer of All Summer Long?
478,who is the minister of defence in the country that uses .zm as domain name?
479,When did the performer of Cool Yule make What a Wonderful World?
480,When was the first railway line constructed between Kotri and the birthplace of Benazir Bhutto?
481,What song did the performer of I See Fire write for Justin Bieber?
482,Who does the rap parts in Never Say Never with the singer of Down to Earth?
483,What is the population of the city in Florida where Philipp Schwartz died?
484,What is the capitol of the province in which Aghitu is located?
485,When did the Muslim conquest of the region Carthage and Tunisia are located in take place?
486,When did the host city of the 2020 winter Olympics fall?
487,Where's Mykhaylo Berkos's birth place located?
488,Where is the limit of the continent on which Mount Gerdel is located?
489,what is the name of the airport in the city where Bình Thạnh is located?
490,what percentage of Catherine LaCugna's employer's students feel they are Christian?
491,Who was the discoverer of the country where Motulalo is located?
492,Who is the model in the music video for She Doesn't Mind by the performer of Dutty Rock?
493,Who is the spouse of the performer of Baby Don't You Do It?
494,What percentage of the country that Ferronigerite-2N1S is named after has HIV as of 2012?
495,Where did the quarterback for Ernie Thompson's team go to college?
496,What does the Buddhist belief that says Buddhas come one at a time and not within other eras mean?
497,Who did Cry's performer play in princess diaries?
498,Who is the opposition leader in the country where Norbrook is located?
499,"In the Bible, who is the father of the second king of Israel who became the symbol of an ideal king of Israel?"
500,On what date was the author of the Sacerdotalis Caelibatus born?
501,What band is the performer of The Hits a member of?
502,Where was the band that performed Can I Play with Madness formed?
503,What is the statue of Acraepheus's dad at Mantua based on?
504,What group is the performer of That's Not Her Style a member of?
505,What is Elizabeth's ranking in the church the Puritan movement worked on reforming?
506,Who fathered of the composer of Rondo in B-flat for Violin and Orchestra?
507,In A League of Their Own which character is played by the singer who likes baroque classical music?
508,What is the current official currency in the country where Yeidy Bosques was born?
509,Who is a cast member from the same show as Rosemary Daniels?
510,"How did many multiracial people of the country where people don't live longer than Greeks or New Zealanders, get social and economic advantages?"
511,How long is the governor's term in the state where Parkway Place is located?
512,Which county shares a border with the county in which Union Township is located?
513,When was the creator of Prophet Jonah born?
514,when was the State Capitol of the state where Dakota Prairie High School is located built?
515,What river flows through the city where The Oklahoma School of Science and Mathematics is located?
516,In which department of the country where Villa is located can Doure be found?
517,Is the exact reason known for the crucifixion of the man who would appear resurrected in the Road to Emmaus story?
518,"What was the statue in Mantua, of the Greek mythological figure described as the prophetic deity of the Delphic Oracle, based on?"
519,What region does the area encompassing Washington Township share border with?
520,Who is the father of Wenceslaus II of the city where John Jonston died?
521,What age did the performer of Who Said start as Hannah Montana?
522,"In John Seller's Atlas Maritima of 1670, what region included China, southeast Asia, the islands of the Pacific, and the country that the original Samsung company belongs to?"
523,"Which flag was made first, Cuban or the flag of the U.S. territory where the Bronze mannikin is found?"
524,Where are the Badlands located in the state The White Foliage formed?
525,Who played the Would You Take Another Chance on Me performer in Walk the Line?
526,"What is the statue of the deity representing harmony, order, and reason, found in Mantua, based on?"
527,How many neighborhoods are there in the city where The Given Day is set?
528,What is the country where Baure is located named after?
529,In what century did the person the Budești Josani church is named after become the influence for red being worn by Santa Claus?
530,In which city is Deane Waldo Malott's university located?
531,What is the population of the city where the Mann School is located?
532,Where is the Rio Grande river located in the country of which Welton Irie is a citizen?
533,When did Chopin's family move to the city Bolesław Leśmian lived in at the time of his death?
534,What is the population of the city Ralph Vary Chamberlin died?
535,Where did the Dakota tribe live in the state where Lima Mountain is located?
536,Where was the band that performs Wasting Love formed?
537,In which county was Paul Sutton born?
538,One of the Just One Look song's singers released a self titled album on which record label?
539,Who is the sibling of the performer of Pocahontas?
540,Who is the screenwriter of the film named after the country Ibrahim Hélou is from?
541,Which episode of Doctor Who featured a depiction of the artist who painted The Red Vineyard?
542,"What did the organization that formulates multiple regional divisions as is convenient for its various operations dub ""The Trusteeship of the Powerful?"""
543,What is the rate of interreligious marriage in the place where Spectre's pre-title scene was filmed?
544,What is the hockey club in the place Philip Carteret died named?
545,What is the new tallest building in the city the font apple uses on its website is named after?
546,What day did the publisher of Warlocked unveil the new systems?
547,Where did the creator of an engine using high pressure steam in 1801 die?
548,What country held the 2004 Summer Olympics in the city where the headquarters of Unison Healthcare Group is located?
549,Where are most of our oil/gas reserves in the country containing St. John's?
550,What range is Humboldt Peak from the state where KSUT is located part of?
551,"Where is the school where Michael Pitt was educated, sometimes known as UCL, ranked among the world's best colleges and universities?"
552,How much of the population is Muslim in the country where Yemisi Ransome-Kuti lived?
553,What did the author of Some Thoughts Concerning Education use as a basis for his political beliefs?
554,"What is the Science Museum, in the city where Pedro Roldan was born, part of?"
555,What is one annual event the city where Oak Tree Country Club locates hosts?
556,In what county is the city where the acoustic duo Poema formed?
557,"Who was fathered by ""Bridge over Troubled Water"" composer?"
558,What river flows through the largest metro area in Oklahoma as of 2010?
559,Was the there any debate about the voting process in the state where Hocking Hills is located?
560,When did the publisher of Lunicus announce the remastered release of star trek for tv?
561,Who scored for the team William Knight is from in the FA Cup Final?
562,Who was the president of the United States following the war the Battle of Kostiuchnówka was part of?
563,When did the country of the groups from The Sing-Off not from the U.S. become a commonwealth of the U.S.?
564,Who scored the first goal last season of the team Tommy Logan plays for?
565,What percentage of BYU students are members of the church who come together in Gatherings?
566,Why did China need to resettle people into the place where Caiyuanba Bridge is located?
567,In what century did the person San Nicolò dei Mendicoli is named after become the influence for red being worn by Santa Claus?
568,Who does the singer of For a Little While play in Country Song?
569,After whom is the country containing the Canelles River named?
570,Who has been appointed as the prime minister of the country containing the town Băbeni?
571,What is the traditional sport in the country where Savave is located?
572,In which county can you find WWGC?
573,Where on a map is the river by which Ross Island is located?
574,What college did the performer of Street Hassle go to?
575,In which century was Afghanistan invaded by the country who supported two puppet regimes in and around Iran during WWII?
576,Which is the highest court in the trade federation where basic MP3 decoding and technology is patent-free?
577,The Achaemenid Empire expanded into what part of the continent that contains Shimla?
578,When did Chopin return to the city where Emanuel Ringelblum died?
579,When did the 2008 Olympic torch visit the city where Gul Mohammed died?
580,"The basis of the union of nations that the Swiss have continually rejected membership in since the 1990's, began with the signing of what treaty?"
581,"During the Blitz, what did Goring believe the operator of German submarine U-778 would gain with further support?"
582,Where can you find the show ESPN College Football on the original broadcaster of The Bachelor?
583,What is the current official currency in the country where Metropolitan University is found?
584,Who is the mayor of the city where Patience Latting died?
585,What was the population in 1900 of the state with walnut grove?
586,What is the name of the castle in the city Josef Niklas died?
587,In which county is John Moyer's birthplace?
588,"Besides the continent that has an AIDS pandemic, where did Germany have imperial interests?"
589,When did the region where Nawang Khechog was born become part of Qing China?
590,Where did the so-called Waterloo occur for the country that created an integrated system for ADGB?
591,"When were the first demonstrations protesting the removal and replacement of Konayev, in the country where the Or River is found?"
592,What county holds the city where Charlie Bradberry was born?
593,What is the hockey club from the place where Jona Lewie was born named?
594,When were the mosaics at the church in the region where Heptapyrgion is located created?
595,"On what dates was the 2018 WGC-Bridgestone Invitational golf tournament in Akron, in the state where Atwater Congregational Church is located?"
596,Where does the Merrimack river start within the state where the show Ozarks takes place?
597,"What country holds the Embassy of Turkey, to the country that Serdar Denktas is from?"
598,What cigars are named for the capitol of the country where Lajas is located?
599,Who could sign a decree declaring the author of Sacerdotalis Caelibatus a saint?
600,What is the climate like in the city they fly to in Pretty Woman?
601,What is the population of the state Henry Worrall died?
602,"In 2014, how many students in total attended the various campuses of the university where George Greenamyer was educated?"
603,How old do you have to be to drink with a parent in the state where Lars and the Real Girl is set?
604,Which body of water is by the district sharing a border with Schwalm-Eder-Kreis?
605,What's the name of the hockey club from James Tooley's birthplace?
606,Who is the President of Hassan Muhammed Gusau's country?
607,How does one become a Justice of the Peace in the city that Yves Bouvier is from?
608,What is the country of citizenship of Just a Little Heartache's performer?
609,Who was the sibling of the director of Lilies of the Field?
610,What is the name of the hurricane that hit Ralph Molina's birthplace?
611,What is the highest elevation in the region where Balep korkun originates?
612,which mountain range separates kinnaur and spiti from the place where Ladakh found his guidance in religion?
613,What part of the life of the person represented by the lamb in the Bible is detailed in these gospels?
614,"Where was the man buried in the abbey on 26 April, 1882 educated?"
615,Before it was a commonwealth what was the country in which Madonna rubbed the country's flag between her thighs?
616,Who sings Mack the Knife with the performer of Duets?
617,how many islands are situated between florida and venezuela ​in the waters of Open Water?
618,What subgenre of Johnson's kind of music do people feel Kanye helped depopularize?
619,In which county and state is Mel Dinelli's place of birth?
620,Which county shares a border with the county where Haddam is located?
621,When was the last time the state where Piiholo is located was hit by a hurricane?
622,What is the population of the city in Florida where Rio Vista is located?
623,Which county is the city where Teddy Tetzlaff died located in?
624,How old do you have to be to buy a handgun in the state where Patty Waters was born?
625,"When was the last time the country that the game chuck-guk is from, was united?"
626,Who is the current mayor of the city where Antonio Paglia died?
627,"In the late 1800s, what the only true city that exhibited an urban lifestyle in the state where Willett Pot Still Reserve is from?"
628,Who is the author of the biography named after the artist who changed the dynamics of singers back to mostly female?
629,How did the Japanese beat the country whose government disagreed on the language used to describe the torch route?
630,Where is the region that encompasses Graystones located in UK?
631,"What was the favorability rating during the 9/11 attacks, of the president who was the son of the former president who signed the Civil Rights Act of 1991?"
632,What is the passport issuing authority in the country where Akbar Tea is based?
633,Who sings Never Say Never with the performer of All Bad?
634,Who breaks a tie in the body that has the authority to impeach a president?
635,Where is Valery Todorovsky's birthplace located?
636,When was free education introduced in the country that released Wekande Walauwa?
637,When does it get cold in the state the Theodore Roosevelt Wilderness located?
638,What city shares a border with Travis Davis' birthplace?
639,Who climbed the place where Lobsang Tshering died with no legs?
640,Who is a cast member on the show Aidan Foster is from?
641,What township is the town of Hopewell in the same county as Lookout Mountain located in?
642,"What was the field of work of the person buried in the abbey on April 26th, 1882?"
643,Who did the performer of Creeping Death collaborate with?
644,When did the iPhone 6s plus of the company that produces iPod come out?
645,Who is the minister of defense in the country where Petauke District is located?
646,who plays michael myers in halloween by the performer in Two-Lane Blacktop?
647,The city where Chen lived in 2005 is named after who?
648,What body of water is by the county where the A6 road runs?
649,What river flows through the city where Ross Thomas was born?
650,"What is the location of The Water Lily Pond, by the creator of Boating on the River Epte?"
651,Who is the spouse of Ernest the Rebel's director?
652,In what century did Muslims conquer the place moors who invaded Spain came from?
653,Who sings Mack the Knife with the performer of I Remember Tommy?
654,Who became the CEO of the record label that released Trespassing?
655,What is the most popular hotel in the state where Defence Force Ground is located?
656,What kind of agency is the organization that Ashcroft assigned to lead terrorism investigations?
657,Who was first president of the publisher of Couple and Family Psychology?
658,Who is in charge of the city where Isaac Nicola was born?
659,Who has been elected new president of the country where Madre Luna is produced?
660,"What kind of genre is the music composed by the composer of Variations for Winds, Strings and Keyboards?"
661,what is the enrollment at Charles Colbourn's employer?
662,What percentage of Spanish Wikipedia users are from the country that includes the municipality of Miranda?
663,Where is the headquarters of presenters of the IEEE Edison Medal award?
664,When did the winners of the Battle of Saratoga in 1777 really begin to establish their own laws independent of the English?
665,Who is the minister of defence in the country where Mbala is located?
666,Twisters is located in which administrative territorial entity?
667,The author of Bonfire of the Vanities also wrote what famous non-fiction book?
668,Who was in charge of the city where Jeff Brady was born?
669,What tradition does the legal system in the city containing New Yaohan's headquarter come from?
670,Who beat the winner of the most Wimbledon singles titles in the US Open?
671,In what municipality of the province where Sherbrooke is located can Kinsac be found?
672,"Which county border the county where Rapid City, South Dakota is located?"
673,What is the county of Shady Grove in the state where Bridges of Madison County takes place?
674,"Before it was a commonwealth, what was the country having Hatillo?"
675,What show helped launch the career of the performer of Einstein?
676,Who is the minister of defense in the country encompassing Sesheke District?
677,What is the name of the castle in the city Jan Klapáč was born in?
678,Who does the person who did the voice of Buzz Lightyear in Toy Story play on Last Man Standing?
679,How old do you have to be to buy a handgun in the state to the north of Missouri?
680,Who is the publisher of the quarterly bearing the name of the state where Yellowstone meets the Missouri River?
681,Who was the Cuban legend born in 1925 in the same place as Tamara Larrea?
682,On what date did the country containing the Samarahan division gain independence from the British?
683,"During the cold war, what happened to the country where Moat Preah is located?"
684,How many records have the performers of Crush 'Em sold worldwide?
685,"What performer released the Fantasy Land Tour 2004 album, recorded live in the city which contains Nangang District?"
686,When did the country where Measure of Man was produced become part of the British Empire?
687,Where is the Rio Grande River located in the country where Haddersfield is located?
688,What is the name of the waterfall in the country with Blanket Mine?
689,Where did the scientist who championed the idea of evolution get educated?
690,"Who owns Interstate 95, in the state where the village of Galilee is located?"
691,What educational institution has its home in the city where Bailey Gatzert died?
692,Where does the Snake River in the same state as Lakeville North High School start?
693,Who discovered the country Temotufoliki is located in?
694,What piece by the composer of Piano Concerto No. 7 is used as a cliche to convey refinement?
695,"Who beat the man named as a sports person of the year in 2018, in the U.S. Open?"
696,Where did Hurricane Maria hit the territory suggested for addition to the United States?
697,For how long did the receiver of most premier League matches alternate different broadcasting systems?
698,What latitude is defined as being the border of the continent where Taylor Ledge is located?
699,Who is the player with the most hat tricks between Messi and Ronaldo?
700,How did the organization which made a statement about the chemical used in warfare rank Switzerland's economy?
701,Who performed at the Fantasy Land Tour in 2004 that took place in the place where Tseng Tai-lin was born?
702,"Who was the mother of the performer of Here, My Dear?"
703,The shift away from what genre of the kind of music Dvorska Luda creates is Kanye credited for?
704,Who is the spouse of the person who directed A Story of Water?
705,"Who was the manager of the team that Derek Saunders once played for, when they won Champion's League?"
706,What county shares a border with the other county where Lower Rancheria is located?
707,What is the record label for the writer of The Sound of Silence?
708,What's the record label of the performer who wrote the lyrics to Bridge Over Troubled Water?
709,Who was the first Muslim elected president of Lal Mia's political party?
710,Where is the Spanish region where people dress in masks and costumes located?
711,Who founded the conservatoire where Christopher Elton works?
712,What percentage was the country Conviasa is located?
713,When are the Oakland raiders going to the host city of the world series of poker?
714,The county with Tahoe Valley shares a border with which other county?
715,Of which county is the city where Francis Raymond Shea lives the seat?
716,Who published the book where the title involves individuals coming to the city where Muzahim al-Pachachi was born?
717,What subgenre of the blues is the singer-songwriter of Mannish Boy associated with?
718,What tradition inspires the legal system of the Chinese region that is a former Asian Portuguese colony?
719,Who was elected president of the country where Gangala-na-Bodio is found?
720,Where was the band that created Ed Hunter formed?
721,What is Elizabeth's ranking in the religion in which all naturalists working at the two English universities?
722,When did relations take a downturn between Israel and the country where Boyoz pastry originates?
723,When did the battle of the city where Harper Hamshaw was born end?
724,What is a term for the church that King Henry VIII founded and churches that align with it?
725,Who is the performer of the album named after the country Baruta is found in?
726,When was the foundation of the city where George Treat resided?
727,"What is the familial House of Joachim II Hector, Elector of the state containing the river Schwärze?"
728,Who is the mayor of the birthplace of Stephen Wiggins?
729,Where did the Baldevins bryllup director die?
730,"Where did Hurricane Maria hit the country whose flag Madonna rubbed between her thighs, angering the public?"
731,What airport is Jestar in the city with the most high-rise buildings in the world part of?
732,When did Flatline by the performer of Down to Earth come out?
733,Where is the school that employs Patrick Dunleavy located?
734,Where was the performer of Raven in My Eyes born?
735,When did the country where Piltene is located become part of the USSR?
736,"On what Asian network was the Tonight business news show, bearing the name of the network where Blue Collar Millionaires first played?"
737,"In 2017, what percentage of Spanish Wikipedia users came from the country where the Waikerí people lived?"
738,When did the currencies of the country where Bilene is located first come into circulation?
739,What county is WVFM located in?
740,Since when has the developer of Rhapsody remained profitable?
741,When was full statehood awarded to the region that contains the village of Chillar?
742,When did the original judge who was a music executive announce he was no longer going to be a judge?
743,Which season of American Idol featured the person with the most Twitter followers as a guest judge?
744,How was Mary related to the main subject in Bruce Barton's The Man Nobody Knows?
745,Where are the headquarters of the agency that sets the standards for ISO 26000?
746,What metropolitan area is birth place of Simon Henwood a part of?
747,What county is Chris Thompson's birthplace located?
748,"What did some commentators think of the choice of the first researcher to describe facial expressions as pre-verbal, to change the closing sentence in his book?"
749,Who is the President of the largest economy in Africa?
750,Who introduced the first microprocessor of Yorkfield's developer in 1971?
751,Where are the San Juan mountains in the state that benefited from this road?
752,How old do you have to be to buy a handgun in the state where Bridges of Madison County is set?
753,Who does the actor who played a tree in a Monster Calls play in Star Wars: Episode I.
754,"In 2010, what amount of TEUs were handled by the city where Baildsa was formed?"
755,The city with Watson's headquarters is the capital of what county?
756,When did the torch arrive in the place where The Shopaholics originated?
757,What agreement has the country Funamanu is located committed to?
758,"Who was targeted for defrauding the electoral process, in the state Hotel Courtland is located?"
759,How old do you have to be to buy a handgun in the state where the majority of sweet corn is grown?
760,SMA Negeri 68 is located in what section of the city where Louis-Charles Damais died?
761,what is the highest point in the state where Atwater Congregational Church is located?
762,"By what name is the brahmaputra known in Bangladesh and the traditional homeland of Monpa, Qiang and Lhoba peoples?"
763,When did the iPhone 6s plus of the developer of iWork come out?
764,"In what ways did Kanye draw inspiration from the performers of Angie, U2, and Led Zeppelin?"
765,The country in which Leines is found was named after what?
766,How many people live in the city of There But For The?
767,Where is the continental limit of the continent where Gulch Island is found?
768,What is often pointed to as the one reason for the inconsistent late season play of the team who won last year's World Series?
769,How many number 1 hits did the performers of Humans Being have?
770,Who is the current defence minister of the state where Huvinahippargi is located?
771,Who is the performer of Fantasy Land Tour 2004 in the Taiwan city headquartering Kingbright?
772,In which region is the country with the only Reformed church located?
773,What was the genre of the Sextet composer?
774,What county was Patrick J. McManus born in?
775,Who was the quarterback of the team associated with Luke Stocker when they won the Super Bowl?
776,What is the tallest structure in the country where Aksar is located?
777,Who are the Democratic gubernatorial candidates for the state in the center of the U.S.?
778,Who sings with the performer of It Would Be You on Every Storm?
779,"Which genre is the composer of Music for Mallet Instruments, Voices and Organ known for?"
780,What is the population of the administrative territorial entity where Parliament Museum is located?
781,What is the highest point in the state where WCOC is located?
782,What cigars are named for the island capital of the country where the town of Corralillo is located?
783,What is the debt-to-GDP ratio in the country called the Giant of Africa?
784,Who is the minister of defence in the country where Mpika District is located?
785,What is the native language for the person who wrote the magazine Young India in 1931?
786,Who is the minister of the city Keladi Chennamma is from in 2018?
787,On what did the publisher of Warlocked rely primarily for its support?
788,Why does the flag of the country Carlos Berrocal is from have one star?
789,When did the body of water next to Breaksea Islands come into existence?
790,What county contains the city that shares its name with the dog in You've Got Mail?
791,When did the Mirinda manufacturer switch from sugar to corn syrup?
792,Who was the quarterback of the team Lavonte David was a member of when they won the Super Bowl?
793,What position did the prime minister serving when britain joined the common market hold?
794,What is the name of the southern tip of the continent where most of the globe gets its coffee?
795,Who played the role of the man who proposed the concept of rights?
796,When does it get cold in the state where the Yellowstone meet the Missouri river?
797,Which county shares a border with the county in which Allen can be found?
798,Who is opposition leader in the province where Gladstone is located?
799,What leader sponsored the expedition that discovered the country where Sinagoga is located?
800,Who is the vocalist on the song Money as done by the band that recorded The Dogs of War?
801,When did allied troops land in the region where the Ottoman empire expanded after their peace treaty in Venice?
802,The alps cover how much of the country where Bern is?
803,In what war was the city containing Quba Mosque besieged?
804,Who became the CEO of the record label for Rare?
805,Who is the child of the performer who wrote Diamonds on the Soles of Her Shoes?
806,The place where Lafe Ward was educated is located in what county?
807,How does someone become a justice of peace in the nation where Animation Nation is made?
808,Who made Jia Yubing's birthplace his capital?
809,When was the last earthquake in the country where Ayutuxtepeque is located?
810,Where did the original inhabitants of the place of birth of Carmen Cardinali Paoa come from?
811,Who is the mother of the singer of Got to Give It Up?
812,"During the Cold War, what happened in the country Hor Nambora was from?"
813,What magnitude was the September 2011 earthquake that struck the city in India where the torch relay happened?
814,Who did the performer of So Under Pressure play in Home and Away?
815,When was Greece accepted into the organization whose jurisdiction applies to Eurocrats?
816,Who is the current leader of opposition in the country where Achwa is located?
817,In what time period did the Muslim conquest take place of the region where there were numerous dark-skinned communities?
818,What's the population of the place where Abraham Hoagland died?
819,"When was the first electric model made, of the instrument played by Lynda Stipe?"
820,"What piece by the London Sketchbook, K. 15a–ss composer is used as a cliche to convey refinement?"
821,Who was in charge of the state where Virdel located?
822,Who founded the organization that published American Journal of Sexuality Education?
823,What tradition forms the basis for the legal system of the former Portuguese colony lost to China in 1999?
824,What is the most popular hotel in the birthplace of Herman Lintvelt?
825,How did the Japanese win the country where Federal Corporation is headquartered in the city of Zhongli?
826,When did Hurricane Maria make landfall in the country where Luis Villafane is from?
827,When does the school year end in the Land of Morning Calm?
828,What is the main subject of biographies of the composer who had an effect named after him?
829,"What family does Joachim II Hector, the elector of the where Blumenthal Observation Tower is located, belong to?"
830,What county shares a border with another county that contains Pelton Dam?
831,Where was the performer of The Essence Part One born?
832,Which county shares a border with another county that contains the city of Linn?
833,What's Ecstasy's producer's alma mater?
834,When did the military branch employing Robert Anstruther start wearing khaki?
835,What was the average household size in the city served by WAJM?
836,In which municipality of the province where Jesse Stone was filmed is Sheet Harbour?
837,The mosaic in the church in the place where Baildsa formed is known as what?
838,What is the age limit for NYSC in the country that Ferronigerite-2N1S is named after?
839,The general strike of 1934 in the city where Blue Cheer comes from was started by who?
840,Who was the first president in the country where Balho is located?
841,What is the currency in the country where No Reserve is set?
842,Who is the current minister of health in the country where Kaabong is?
843,Where in the state containing the Norway Lutheran Church and Cemetery are the badlands located?
844,What is the original language of the show Solar Pons is based on?
845,Where can you find the show ESPN College Football on the network that distributes Love Letters?
846,When was Greece accepted into the group of nations that is the main subject of the State of the Union address?
847,What is one of the instruments played by the musician who wrote In the Presence of the Lord?
848,Who helped resolve the dispute between Virginia and the state whose official sport was jousting?
849,"What spacecraft used the gravitational pull of the planet that the trophy awarded at the annual Montreal fireworks festival, takes its name from?"
850,"When did the country where the A5 road runs, become part of the Soviet Union?"
851,"Who is the only player to have played for Liverpool, Manchester United, Everton, and the team that once employed Richard Edghill?"
852,"Who was the manager of the sports team that once employed Eddie Newton, when they won Champion's League?"
853,Who was in charge of the state where Mhapan is located?
854,Why did the person held responsible for the actions of the KPA redeploy his military troops?
855,How did the Japanese win the country where Tongxia is located?
856,Which county shares a border with the county where Jackson is located?
857,Who is the current chief justice in the country that contains Kaabong?
858,Kanye is credited for the shift away from what genre of the musical style that Cypress Hill performed in?
859,Who was in charge of Tamara Larrea's birthplace?
860,When was the last time a hurricane hit the state KTUH broadcasts in?
861,How old do you have to be to drink with a parent in the state where Kenneth E. Killoren was born?
862,"In what ways did Kanye draw inspiration from U2, Led Zeppelin, and the performer of All Down the Line?"
863,Which body of water is by the county where the A8(M) motorway is located?
864,What Star Wars 1 role did the actor playing the lion in Chronicles of Narnia perform?
865,When was the last time the state where KHWI is located was hit by a hurricane?
866,Who beat the winner of the 2017 Men's Singles Australian Open tennis tournament in the US Open?
867,Who plays Michael Myers in The Devil Rejects' producer's Halloween?
868,Who is the deputy prime minister for the country where Bahamas Ministry of Tourism and Aviation is located?
869,What show helped launched the career of the singer of the theme song for NBC Sunday Night Football?
870,Who is the minister of local government in the country where the Chiredzi River is found?
871,Where is the birthplace of Romà Forns located?
872,What nickname did the policy of Henry's favorite child earn him?
873,When was the state capitol built in the state where Bob Hunskor was born?
874,How high is the highest point in the city where Kazimierz Dejmek died?
875,"Where was the director of More Milk, Yvette born?"
876,Who won American Idol when the contestant who won an Oscar for Dreamgirls competed?
877,What coalition was victorious in the country where Long Selatong is?
878,When did weed become legal for recreational use in the state where Sheely Bridge is located?
879,Which hurricane hit the island and U.S. territory where the creature can be found in 2017?
880,What county does the town where Wickford is located belong to?
881,The songwriter of Bridge over Troubled Waters recorded for what label?
882,Who is the father of the director of Sikkim?
883,Who was the spouse of the performer of I Remember Tommy?
884,Which is the river by the Russian city having Yegoshikha Cemetery?
885,Who is the minister of local government in the country containing the Manjirenji Dam?
886,"When did the region that Yiu Yung-chin claims the Ming did not possess, become part of Qing China?"
887,When was free education introduced in the country where Dilum Amunugama was born?
888,Which major russian city borders the body of water that contains Hanö?
889,What part of the USA includes the city with the biggest population in the United States?
890,Who was the first president of the country where Maskali Islands is located?
891,who did Geoff Blum's team play in the playoffs?
892,Where is SMA Negeri 68 of Chrisye's place of death located?
893,What is the tallest structure in the country where the town of A'ali is found?
894,"In Home and Away, who was portrayed by the performer of Everlasting Night?"
895,Who did the singer she joined on MTV Unplugged to sing with play in Hannah Montana?
896,when did Flatline by the lyricist of All Around the World come out?
897,What record label does the first musical host SNL belong to?
898,What is the distance between Shanghai and the host city of the 2022 Olympics by bullet train?
899,What is the capital of the county where Timber Trails is located?
900,In what century did the person for whom Murska Sobota Cathedral was named become the influence for Santa Claus wearing red?
901,To which jurisdiction does the flag of the country where Bahamas Securities Exchange is based apply?
902,Who is a cast member of the show Florian Brandner is in?
903,What is the word for spirits associated with shintoism in the country language Pinterest is in?
904,Who is the deputy prime minister of the country home to Bahamas Association of Athletic Associations?
905,How many episodes of the work in which Donald Cragen is present are about the menendez brothers?
906,Who guest starred as Mr. Tucker on the show headlined by the star of Onionhead?
907,Who introduced the first microprocessor for the company that bought RapidMind in 2009?
908,When was the last time that the country where Gyeongju bread originates was united?
909,What is the record label for the performer of Love Is the Healer?
910,Who wrote the national anthem of the country where the movie After the Sunset was filmed?
911,Who is the spouse of the person who receive the most electoral votes in 1824?
912,Who was in charge of the city where Killing of the Sacred Deer is filmed?
913,What is the population of the city where District 10 is located?
914,Who is in charge of the country Banderadley is located?
915,Plymouth's county shares a border with which other county?
916,Jericho in Carolinda Witt's birthplace is in what country?
917,"What was the date of death of Catherine, formerly of the city of birth of Francesco Repetto?"
918,How many Americans live in the country where US Tshinkunku is based?
919,When did the outfit Tracy Rogers once played for last in the Super Bowl?
920,Where is the blue mosque located in the country where Boğaziçi can be found?
921,Where is the city where Helen Hardin was born located?
922,Who was the first president of Mohamed Abar's birthplace?
923,In what location was the German campaign in the country where the urban district of Rangel is found?
924,"On the map, where is the body of water that contains Nicholson Island?"
925,What piece by the composer of Bastien und Bastienne is used as a cliché to convey refinement?
926,When does the academic year start in the country where the settlement of Rumah Baka is located?
927,Who was the dad of the composer of Piano Sonata No. 6?
928,Who is current prime minister of the country where Count Lasher was a citizen?
929,Which parts of the country Burcu Düner was from have a Mediterranean climate?
930,SMA Negeri 68 is located in what region of the city where Funeral Inception was founded?
931,Who founded the company that produced the LMS diesel shunter 7058?
932,Who besides the British colonized the continent of Atbarah River?
933,On which continent can the country where Queen Salote College is located be found?
934,The publisher of Mouse Practice has remained profitable since what time?
935,On what date did the Battle of the birthplace of Horst H. Berger end?
936,"Embassy of Northern Cyprus, in Can Dündar's birth city, is operated by which disputed state?"
937,What part of the life of the person who overthrew the moneychangers' tables in the temple is detailed in these gospels?
938,who was the conflict between in the strife of bleeding in the state Thresher Stadium is located?
939,The Senate of the US state having Episcopal Church of All Angels is part of what?
940,When did Baird cease showing its programs on the network that showed Working Lunch?
941,"Hopewell, in the same county as Franklin in New Jersey, is part of what township?"
942,The performer of Lead Me On is played by who in the movie I Can Only Imagine?
943,Where is the new island forming in the US state having KPHI?
944,"When did the country, whose cars would eventually become the mass market leaders, give up trying to take Henderson Field in WWII."
945,"The old languages spoken, written or signed by Mohammad Hejazi are part of what languages?"
946,Who did the performer of This Song write the song Something for?
947,How many people lived where Billy Peterson was born by 1900?
948,When were no smoking laws passed in Hotel Courtland's state?
949,Who was the first president of the country where Sankal is located?
950,Who was in charge of the country for the Urnebes?
951,What region encompasses the area that includes Rorspitzli?
952,Who founded the employer of Simon Bainbridge?
953,Where is the great pyramids of the country having Al-Damiri located?
954,When did the body of water containing Shadow Mountain Dam start to form the grand canyon?
955,Who are the democratic gubernatorial candidates in the setting of Prime Cut?
956,When did the region where Sundroj is located receive the status of full statehood?
957,Who is the performer of Live in the birthplace of Johnny Jameson?
958,Where did the patriots live during the war following which Boston became one of the wealthiest international ports?
959,What is the original broadcaster of The Quest and NHL?
960,What race was the majority of the population of the country containing Westgate?
961,What was the record label of the singer of Don't Let Me Be Misunderstood?
962,When did Thomas H. Makiyama's birth state join the United States?
963,Why does the flag of the country where immigration lead to have one star?
964,When did the drinking age change to 19 in the state which Picket Fences is about?
965,What award was received by the writer who influenced the development of the new journalism movement in the United States?
966,Who is the spouse of the performer of Ego Tripping Out?
967,What is the source for the body of water that features Grand Valley Diversion Dam?
968,Who is currently in charge of the city where Desiderius was born?
969,Where is the water lily pond by the European modern painter who initiated impressionism located?
970,Which high school did the performer of She's the Boss attend?
971,Since what time has the owner of iWork remained profitable?
972,What is the ranking among the continents of the continent on which MacDonald Nunataks is located?
973,What is the record label for the writer of Venus in Furs?
974,"In 2018, who was elected mayor of the city where That's So Raven takes place?"
975,"What series includes the model 7, which bears the name of the manufacturer of the Dacia Duster?"
976,What is the capitol of the province where Shaghat is located?
977,What was the original language of the 2013 TV series featuring the character who was in The Adventure of Black Peter?
978,How many #1 hits did the performer of Finish What Ya Started have?
979,"What county is the community of Olivet in, in the state where Lars and the Real Girl is set?"
980,What is the county seat of the Florida county containing Marco Island?
981,What percent of people in the country containing the Astana Arena use Russian as their main language?
982,Who was in charge of the city where Dilek Kınık was born?
983,Who is a sibling of the lyricist for Powderfinger?
984,What kind of agency is the bureau that the National Center for the Analysis of Violent Crime is a part of?
985,How long did the city with WAYV hold a monopoly on casino gambling?
986,When did the ball first drop in the state where the Alexander Liddle Farmhouse is located?
987,Who is the author of the biography of the star who has had the most top ten hits?
988,What city shares a border with Rivière-Verte in the province that CHSJ-FM broadcasts to?
989,How many square miles is the city that Mick Cornett is the former mayor of?
990,Who was the first Muslim elected president of the political party that Phulrenu Guha belonged to?
991,Which county borders the county where Excelsior is located?
992,What is the tallest bridge in the state where the Star City Bridge is located?
993,How many records have the performers of Crush 'Em sold worldwide?
994,"What performer released the Fantasy Land Tour 2004 album, recorded live in the city where Airiti is headquartered?"
995,What is the size of the continent that holds the Moran Glacier?
996,The Consulate General of the United States in Vincenz Fettmilch's place of death is located in which city?
997,When the state where Chessa Field is ban smoking?
998,Why is there one star on the flag of the country where the groups not from the U.S. came from in The Sing-Off?
999,When was the first rail line between Basit Ali's birthplace and Kotri constructed?
1000,"What part of the life of the person who was ""seek ye first the kingdom of god"" is detailed in the gospels?"
1001,"What is the total area, in square miles, of the Indian city that's the headquarters of the Northern Railway?"
1002,Who won the popular vote in the 2000 election of presidency over the person who was accused of not fulfilling their military service in 2004?
1003,How much does the governor of the state where Vance is located get paid?
1004,What is the airport called in the city where Truong Thanh Hang was born?
1005,How many fish species have been found in the region through which flows the river whose main source is the Marañón River?
1006,What language do the majority of the people in the country Nightwish is from speak?
1007,Who is the first prime minister of the country which released True Files?
1008,What is the population rank of the state Crosby is located in?
1009,What's the final thing ever shown on the network that made Who is Working Lunch before the war?
1010,What is the enrollment at the university Don Frye attended?
1011,What percent of the people in the country containing the Shevchenko mine use Russian as their main language?
1012,When was the city where Freebie and the Bean is located founded?
1013,When did Flatline by the singer of All Around the World come out?
1014,In what century did Muslims conquer the general area where Carthage and Tunisia are located?
1015,Was there any discussion about voting in the state with Chessa Field?
1016,How did The Sun feel about the American bombing in 1986 of the country being a Greek colony besides Egypt?
1017,What region is Qaleh Now-e Khaleseh in Lili Golestan's birth city located?
1018,What shares a border with the place Zénon Bernard died in?
1019,How many seats does BJP have in the organization that the Prime Minister of India is responsible to?
1020,What comprehensive school was established in the place Llanddeusant is located?
1021,What city hosted the Olympics in the country where 'Midnight FM' was released?
1022,"In what municipality is Sheet Harbor found, in the province where Lake Ainslie is located?"
1023,The city Robert Creeley died is located in what province?
1024,When did the country Zorģi is located become part of the Soviet Union?
1025,What leader sponsored the expedition discovering the country having Barlavento Islands?
1026,What is the population of Desmet in the state where Crazy Horse was born?
1027,In the band I Knew Them's home city when were the church mosaics created?
1028,What is the debt-to-GDP ratio in the sub-Saharan African nation that does the most trade with the United States?
1029,What was the date of the end of the battle named after the city that contains the village of Badsworth?
1030,In what county is the birth city of Linda McCarriston?
1031,When did Anne Fitzalan-Howard die?
1032,Who scored the first goal last season in the team Jimmy Smith plays for?
1033,Who was the last Republican mayor in the city where Ralph Heller was born?
1034,Who is the father of Two's director?
1035,When did the country where the village of Noitgedacht is located become a member of CARICOM?
1036,What job did the creator of Atlas Slave have?
1037,Who was the first woman to summit the place where Lobsang Tshering died?
1038,"In what location is the Consulate General of the United States, found in the city where Derrick Borte was born?"
1039,"What is the population of the city of Williston, in the state where Bob Stenehjem was born?"
1040,"Who is the son of the ""Off the ground"" singer?"
1041,What is the highest point at which it can be found in the country where Pakwach is located?
1042,What is the size of the continent Champness Glacier is located?
1043,"Along with the performer of Jukebox, what indie/folk musician is based in Miami?"
1044,What form of dance is the state where Hebri is located famous for?
1045,Who is the present food minister of the state where Azalapur is located?
1046,What song did the creator of Watching the Wheels write for David Bowie?
1047,What is the name of the North Carolina airport in the birthplace of Pud Brown?
1048,Who was the first president of the organization that published the journal Psychotherapy?
1049,What is the percent relationship of Catalan to the most used language in Catalonia?
1050,How many pennants from Andy Olsen's employer did the Anson-led Chicago cubs win?
1051,When did the performer of The Stranger plat at Shea Stadium?
1052,What leader sponsored the expedition that discovered the country where the municipality of Ribeira Grande is located?
1053,In which country is the university related to Peter Deinboll?
1054,What is the main subject of biographies of the person who expanded the single reeds role?
1055,"What was the date of death of Anne Fitzalan-Howard, former Duchess of the county where the settlement of Ostend can be found?"
1056,What is the population of the metropolitan area where Corey Taylor was born?
1057,"What was the date of death of Catherine, formerly of the city where the Dynamic record label is headquartered?"
1058,What league was the sports team Sean Kehoe was a member of included in?
1059,Who is the child of the performer of Up and Coming Tour?
1060,In which county is the city where Ken Still was born?
1061,In which municipality in the country where Sherbrooke is located can Dean be found?
1062,"At June 1985's Consumer Electronics Show, on what date did the publisher of Magnetica unveil its new systems?"
1063,What was the population of the state where Winter Saloon is located by 1900?
1064,Whose parent made I'll be seeing you famous?
1065,What is the record label of the lyricist who composed The Sound of Silence?
1066,Which title is used for leader of the institution which thought the seasonal drift in the date of Easter was unacceptable?
1067,Who is the current mayor of the city where Sante Cattaneo was born?
1068,When was free education introduced in the country having Pohorabawa?
1069,On what continent is the city Văn Tiến Dũng was born in found?
1070,Who was the spouse of the person for whom Islands in the Stream was written?
1071,Who is chief justice of the country Kokonte is from?
1072,When did the state Mill Creek Park is located pass the no smoking laws?
1073,"What county shares a border with another county, where the city of Barnes is found?"
1074,"In 2017, what was the name of the hurricane that hit the territory which has been suggested as a new addition to the United States?"
1075,How many households were in Oklahoma's largest city?
1076,"Who does the vocals on Money, by the performer of One of the Few?"
1077,What is the current official currency in the country where Carlos Berrocal has citizenship?
1078,Who won American Idol when the performer of Giving Myself was on?
1079,What was not affected by the mechanics proposed by the author of Philosophiae Naturalis Principia Mathematica?
1080,Where did Chopin live with his family in the birthplace of Robert Gliński?
1081,Where was the German campaign in the country where Uige is located?
1082,Who is the deputy prime minister of the country where the movie after the sunset was filmed?
1083,Who made the city where Friedrich Rosen was born his capital?
1084,When did the Civil War start in the country where Ilopango is located?
1085,The Science Museum in Rasel's birthplace is part of what council?
1086,The team that beat Green Bay in the first superbowl last when to the superbowl when?
1087,Who is the father of the artist who created Tight A$?
1088,What is the population of the place in Florida where Chris Couch was born?
1089,What was the cause of the black death in the area containing Spain?
1090,when did the drinking age change to 21 in the state where Helfaer Field is located?
1091,What province contains the city where Noral Gal was born?
1092,Where is the headquarters of the organization with which Unicode was developed in conjunction?
1093,The language of the name saying Jan in another way in Devon is what?
1094,How many states does the country having the largest economy in Africa have?
1095,who formed and first arrived to the colony that donated Washington D.C.?
1096,Who is the present food minister of the Indian state having Chondimukhed?
1097,Who is the spouse of the producer of Absolutely Free?
1098,What larger group of mountains does the mountain range which includes the Ruchstock belong to?
1099,Which body of water is by the county in which Newtown Crommelin is located?
1100,"How detailed is the description of the death of the man who said ""man cannot live by bread alone""?"
1101,What was the record label of the musician who played the preacher in Tommy?
1102,In what region of the country containing the town of Seles did the Germans clash with the Portuguese?
1103,Who is the president of the senate in the country called the 'Giant of Africa'?
1104,How many Jews live in the country releasing Plumiferos?
1105,Who was the father of the composer of Se vuol ballare?
1106,What record label did the songwriter of Vicious belong to?
1107,What is the name of the Speaker of Parliament in the country where the town of Sampa is located?
1108,Who is the operator of Embassy of Northern Cyprus in the birthplace of Nilay Konar?
1109,When did humans begin to live where the Sea Nymph sailed?
1110,When was the star who played eva peron in the movie evita born?
1111,What mountain range separates Kinnaur and Spiti from the country where balep korkun originated?
1112,Who plays the creator of Marshy Landscape on Doctor Who?
1113,Which county shares a border with the county where Mohawk is located?
1114,who was in charge of the city where Fernando Velázquez Vigil was born?
1115,In which county was Joshua Mason Macomber born?
1116,What is the city where Aqeel Khan lives the capitol of?
1117,What is the currency in the country where Challenge of the Masters was held?
1118,Who stars in Good Morning City A where City A is the birthplace of Basit Ali?
1119,What is the record label of the person who suggested they move to Florida?
1120,What is the seat of the county where Avery is located?
1121,What shares a border with Artur Mahraun's birthplace?
1122,Who wrote the fictional work in which Matthias Brandner is a character?
1123,How many ipods did the producer of ipods reveal it sold in April 2007?
1124,Who made the birthplace of You Quan his capitol?
1125,When did the torch arrive in the birthplace of Han Kum-Ok?
1126,"Where were the mosaics created at the church, in the city that was captured from the Venetians in 1387?"
1127,Where can you watch ESPN College Football on the original broadcaster of Showoffs?
1128,In which county was A Different Breed of Killer formed?
1129,What forest is by the southern border of Tania's place of birth?
1130,In which country is Brooklyn Tobacco Factory based?
1131,What was the response of the first research to suggest that face expressions are pre-verbal to the claims that animals could not have evolved through natural selection?
1132,Who won American Idol when the singer of Love You I Do competed?
1133,What was the occupation of the creator of the Prophet Isaiah?
1134,"In the state where the Dixie Terminal buildings are found, when is Akron's golf tournament?"
1135,Who was a cast member of the show that the character of Annegret Wittkamp is in?
1136,Is the exact reason known for why the person who said Seek ye first the kingdom of god was crucified?
1137,How long is a governor's term in WVPL's state?
1138,Who is part of the performers of Crusade?
1139,"In the Bible, who was the father of the spouse of Michal?"
1140,"In terms of population, where does the state where Kevin Sessums was born rank?"
1141,Where did the producer of Ishtar attend school?
1142,When was the last time Doug Terry's team went to the superbowl?
1143,"What was the release date of the iphone 6, manufactured by the developer of SK8?"
1144,What is the capital of the province Khdrants is located?
1145,by what name is the brahmaputra known in the location of the Sino-Nepalese War and Bangladesh?
1146,Who climbed the place where Green Boots died with no legs?
1147,Who is the deputy prime minister of the birthplace of Alana Dillette?
1148,"How did the official who blocked UNFPA funding try to convey that he was the stronger, tougher candidate?"
1149,Who is the chief justice in Bastir Samir's country of citizenship?
1150,When they were young many modern pop stars listened to the artist described as an almost scared feminist icon by who?
1151,"When they won the Super Bowl, who was the quarterback on Rod Jones' team?"
1152,When is the next gubernatorial election in the state where the city of Lumberton is found?
1153,Who was the ninth governor-general in the country Lamassa is located?
1154,When did it snow in the county where Bear Creek is located?
1155,Where was the MVP of last year's super bowl picked in the draft?
1156,The company publishing Journal of Gender Studies was founded by who?
1157,What is the most common source of electricity in the state where the Rural Municipality of Ethelbert is?
1158,Who has the power of legislative action in the city where Jiří Baum died?
1159,Who sponsored the discovery of the country that includes Queimada?
1160,What language do the majority of the people in the country where Johannes Leche is from speak?
1161,Who was the first leader of the independent country where US Tshinkunku football club is based?
1162,Who is the General Treasurer of Providence Plantations and the state where Joseph Slocum house is located?
1163,When was the MGM Grand built in the city where American Idol contestants performed an additional round in seasons ten and eleven?
1164,What is the body of water by the birthplace of Andrew Baum?
1165,What county was Michael Manuel born in?
1166,When does the school year start in the country where Beaufort Bridge is found?
1167,When were the mosaics at the church in Sitki Uke's birthplace created?
1168,Who is the father of the lyricist of Nobody Told Me?
1169,How long does the biggest celebration last in the country where Beth Israel Synagogue is located?
1170,Which art museum does the past employer of Catherine LaCugna administer?
1171,What is the new tallest building in the city where That's So Raven was set in?
1172,What is the capital of the county where Hathaways Mountain Pines is located?
1173,What city was Vince Young's team named after?
1174,What is the highest point which can be found in the country Sironko is located?
1175,Who piloted the plane that dropped the bomb on Marii Hasegawa's birthplace?
1176,How many species of wildlife inhabit the place where Urtica dioica is found?
1177,"Who scored the first goal for the team that employed Allan Harris, in the 2016–17 season?"
1178,Who is the general treasurer of the state where Israel Arnold House is located?
1179,Who signed the Declaration of Independence from the state where Baltimore Renaissance Academy is located?
1180,Who played the fictional Lost character named after the individual who was an advocate of separation of powers?
1181,What is the date of birth of the performer who popularized dance music as mainstream?
1182,Who founded the company that manufactures Dacia Duster?
1183,Who does the performer of If You're Reading This play in Country Strong?
1184,Who does the performer of Still play in Country Strong?
1185,Which Confederate general failed to capture the Union fort at the city where Lefty Stewart died?
1186,What song was written for Justin Bieber by the producer of Songs I wrote with Amy?
1187,What is the second largest library in the country owning Saint-Domingue?
1188,Who was the quarterback of Donald Igwebuike's team when they won the superbowl?
1189,What is the record label of the person who recorded Some Kind of Trouble?
1190,What is the population of the state where Dodge City Regional Airport is located?
1191,Who is the leader of opposition in the country where Hutchinson's Hole is located?
1192,When does the southwest wind blow in the country that has the largest economy in Africa?
1193,"What country has the Embassy of Sweden, in the city where the leading Cubist architects worked?"
1194,What shares a border with Ulrike Folkerts' birthplace?
1195,Who is the minister of the state encompassing Gopinatham in 2018?
1196,Who performs the album named with country of its composer having Aricagua as a municipality?
1197,In which county of the state where the Standard Glass and Paint Company Building is located can Robinson be found?
1198,Who introduced the first microprocessor for the developer of Merom in 1971?
1199,Where are the badlands located in the state where Aurora County exists?
1200,"What county shares a border with the community of Dean, in the province where Wallace Station is located?"
1201,Who formed and first came to the colony that became the state Hollins-Roundhouse Historic District located?
1202,What is character set incorporating ASCII available through Windows on?
1203,"What was the station that aired the Today show, named after the country where Anne of Denmark went after her marriage to James VI?"
1204,Who plays the artist that painted La Mousmé in the show Doctor Who?
1205,When does the school year end in the country where the original Samsung company belongs to?
1206,Who is the present food minister of the state Kadandale is located?
1207,What forest is by the southern border of the place of death for Andrzej Strug?
1208,Who was the first Muslim to be elected as president of the party Sridhar Babu is a member of?
1209,Where was the director of Sikkim educated?
1210,Did the person who blocked UNFPA funding become disfavorable during the time of the 9/11 attacks?
1211,What planet seemed to buck the gravitational laws of the person whose death in 1727 prompted poems to be written in his honour for decades?
1212,What network first aired the show that features the character of Annegret Wittkamp?
1213,When did the performer of The Hits play at Shea Stadium?
1214,What marked the end of where the system of representative government came from?
1215,The producer of Women in Revolt is born in which city?
1216,What day was the no smoking law passed in the state that houses Hanna Theatre?
1217,At what age did the author of Miles to go start Hannah Montana?
1218,"In what county is the community of Robinson, in the state where Davenport Public Library is located?"
1219,What is the country of the Chinese birth city of James Fei at the 2004 Summer Olympics?
1220,In the First Crusade what could be found on the banners of the creators of notable theological works under the Umayyads who were not Muslims or Jews?
1221,What is the name of the chief minister of the state where Kasoda is located?
1222,From what tradition does the legal system of Lam Kui-chun's birthplace come?
1223,What region of the country is the state encompassing Luther Yard in?
1224,What is the current official currency in Joseph Serrano's country of citizenship?
1225,Who won the mayoral election in the city where Daniel William Coquillett died?
1226,"Khosrowabad, in the birthplace of Majid Rahnema, is located in what county?"
1227,Where are the Badlands located in the state where The Jumping-Off Place is in?
1228,Who was the first Indian to climb the mountain where Green Boots died?
1229,In what county would you find the birth city of Chris Gissell?
1230,Who is the spouse of the performer of Mistletoe and Holly?
1231,Which network first aired Invasion and the sports show simply named NHL on that network?
1232,Where did the person the National Gandhi Museum is named after spend their final 144 days?
1233,What is the enrollment at the school that owns Sun Devil Soccer Stadium?
1234,Who wrote the Pledge of Allegiance of the country where Alana Dillette was born?
1235,Which episode of Doctor Who had the creator of La Mousmé?
1236,What record label signed the song writer of `` Presence of the Lord''?
1237,Which Confederate general failed to capture the Union fort at the city where Peter Kern died?
1238,Who on Last Man Standing plays the father of the actor who did the voice of buzz lightyear in toy story?
1239,"Who owns the 100+ Station Group, that shares its name with the channel on which Brutally Normal first appeared?"
1240,How many states are in the country where Nsibidi originated?
1241,In what region of the country also known as .ao was the German campaign?
1242,Where was the capitol before the location of Saint Joseph Cathedral?
1243,when did the state where Siswala is located receive the status of full statehood?
1244,Which network first aired the show that featured Jan Brandner?
1245,Who founded the institution at which Dominic John was educated?
1246,Who is the minister of the state Huvinahippargi located in 2018?
1247,How many students did Lynette Woodard's alma mater have in fall 2014?
1248,Who was the father of the person who replaced Derby when he resigned in 1868?
1249,In which county is the city where KKOB-FM is licensed?
1250,Harrison Glacier is located in the state with what as its highest tax bracket?
1251,When do we vote for governor in the state where the 715 area code is used?
1252,Why is there a debate about moving the capital of the largest state in the US to another town?
1253,What college did the performer of Vicious go to?
1254,Which parts of the nation where Myra is located have a Mediterranean climate?
1255,Whom is the country where the Canaries are located named after?
1256,What is the population ranking of the state containing the Dhanbad Lok Sabha constituency?
1257,when was gst bill passed in the organization that elects the speaker of lok sabha?
1258,WHo is the minister of defence in the country Nkoloma Stadium is located?
1259,when did the military branch served in by charles Awdry start wearing khaki?
1260,What was Kevin Everett's team named after?
1261,How did the agency which pioneered DNA testing respond to requests to release information beyond the initial press release in the case of Filiberto Ojeda Ríos?
1262,What is the location of the region where the mountain of La Tossa is found?
1263,Who is We Belong Together by the It's Like That performer about?
1264,What country hosted the 2004 Summer olympics in the city Alleycat's Pizza's headquarters is located?
1265,What age did the performer of Hoedown Throwdown start Hannah Montana?
1266,where does the state containing Giridih Lok Sabha rank in population?
1267,Who was president of the united states immediately following the conflict participated by James Youll Turnbull?
1268,"On which broadcast channel, on which Quantico premiered, can the show ESPN College Football be found?"
1269,Who succeeded Shepseskaf as king of ancient Marwan's death country?
1270,What state is the town where the killing of the sacred deer was filmed located?
1271,What is the salary of the governor of the state where WWZD-FM is located?
1272,Who's the chief justice of Kaakie's country of citizenship?
1273,Where was the screenwriter of Seemabaddha educated?
1274,What nickname did the sole surviving son's policy earn him?
1275,"Who was the quarterback of the team that once employed Cecil Johnson, when they won the Superbowl?"
1276,Where does the team Seth Maness plays for have spring training?
1277,What is the name of the airport where Mekong Auto has its headquarters?
1278,"Douré, in Kamsi's country, is in which department?"
1279,In Chautauqua Park Historic District's state what is Robinson's county?
1280,Whose position was it that the first person baptized in the bible was the Son of God?
1281,Who is the mayor of the birthplace of Emilio Del Bono?
1282,What is the record label for the singer of Wings of a Dove?
1283,What is the population of the city where Matt Bobo was born?
1284,What's the current population of James Matheson's birth city?
1285,"What house is Joachim II Hector, Elector of the location with the Kmehlener Berge, part of?"
1286,Who did the youngest artist to win a Grammy for Album of the Year play in The Lorax?
1287,The developer of Bonjour has remained profitable since what time?
1288,What percentage of households in the city where WNJN-FM is located were made up of individuals?
1289,Was there any debate about the voting process in the state where The Tree Bar is located?
1290,"What is the population of the city of Williston, in the state where Dakota Prairie High School is located?"
1291,What character did the singer of Look What You've Made Me Do play in the Lorax?
1292,When do we vote for governor in the state encompassing Picket Fences?
1293,"On what network can you find the show ESPN College Football, where part of its name is the original broadcaster of MDs?"
1294,Who built the largest ancient Inca empire in the region where Anglo-America is located?
1295,When did the state where Budhwal is located receive full statehood?
1296,"What is the total population of people in the world from the religion which, along with Judaism, produced notable theological works under the Umayyads?"
1297,Who wrote a novel with a title named after a road to the city where Abbie Cornett was born?
1298,When is the golf tournament in the Akron of the state where Ted Howard was born?
1299,After whom is the country where Fond d'Or Bay is located named?
1300,What was the final thing shown on the channel broadcasting Elizabeth R before it was shut down for the war?
1301,Who was the ninth governor general of the country where Nokon is locateD?
1302,When did the original judge who left prior to the start of the season quit as a judge?
1303,Where is the blue mosque located in the country Uzunada is located?
1304,What is the size of the continent where the Leverett Glacier is located?
1305,Jimmy Smith played for a team that won the Champions League under which manager?
1306,What part of the city encompassing Stuyvesant Railroad Station is Rochester in?
1307,What is the average income in the county where Chief Marin was born?
1308,Who are the two leaders of the opposition in the province Albert is located?
1309,What is the population of the city in California having Shooting of Andy Lopez?
1310,What is the city where Perween Rahman died the capitol of?
1311,When did relations take a downturn between Israel and the country north of Cyprus?
1312,Who founded the college associated with Oleg Polunin?
1313,Who is the Chilean footballer who left Arsenal in 2018 to join the team who has won the most premier leagues?
1314,What is the record label of the performer of Vicious?
1315,In 2008 when did the Olympic Torch arrive in Andrew Cheng's birthplace?
1316,Where the water lily pond of the painter of Le Bassin Aux Nymphéas?
1317,The mosaic in the church in the city where Kyriaki Kouvari was born is known as what?
1318,"How many people, at most, have died of plague in the city where Jean-Sélim Kanaan died?"
1319,What subject was studied in Mustafa Karim's birthplace?
1320,What did the publisher of Magnetica primarily rely on for its support?
1321,What symphony collaborated with the performer of Cunning Stunts?
1322,Where is the club owned by the Bohemian Grove located?
1323,Who is the mother of the popular vote winner from the 2000 election?
1324,"As of the 2017 election, who was in charge of the country where the village of Topli Do is found?"
1325,Who is the spouse of the author of James and the Giant Peach?
1326,What is the record label for the person who sang I Work Hard For The Money?
1327,Big Bill Morganfield's father is associated with which subgenre of the blues?
1328,Who is played by an acclaimed role model business woman in A League of Their Own?
1329,What month did the contestant who wrote Sober win?
1330,Who wrote the pledge of allegiance of the country Bahamas Maritime Authority is from?
1331,"What county shares a border with another county, where Adams Township is located?"
1332,What is the highest elevation in the region that traded horses with Ming?
1333,What is the size of the continent that includes Mount Liszt?
1334,Which record label is the singer who sings she works hard for the money affiliated?
1335,Where is the limit of the continent that is the colder of the two poles?
1336,What was the date of death of Catherine of the place where Francesco Merano died?
1337,When did the country with The Canje River become a member of caricom?
1338,When did the country whose military force attacked Pearl Harbor give up trying to recapture Henderson Field?
1339,What political party is the person who dropped passages about miracles or angel visitations from his work in the Jefferson Bible?
1340,"What district is LaHave, in the same province as Samson, part of?"
1341,What is the most common source of electricity in the province where Minnedosa was located?
1342,When did the manufacturer of Teem change from sugar to corn syrup?
1343,The country where Seljestad is located was named for whom?
1344,"Along with the performer of The Covers Record, what indie/folk musician is based in Miami?"
1345,What is the average income in the county where Inverness Park is located?
1346,The place Lefty Stewart died is the capital of what county?
1347,Where does snow fall in the country with extensive trade relations with the Hittites?
1348,Who did Willy Taveras's team play in the world series last year?
1349,In which county is the state where Kevin Sessums was born is Waterford located?
1350,"As of 2012, how much of the richest country in Africa has HIV?"
1351,How many square miles is the largest urbanized area in Oklahoma?
1352,What is the county for the city where WRHI is located?
1353,What is the name of the major railroad related museum located in the city where the torch relay happened in India?
1354,Who does the person regarded as a feminist during her time play in A League of Their Own?
1355,What is the record label for the person who sings I Work Hard for My Money?
1356,What country hosted the 2004 Summer Olympics in the city Tony Daykin was born?
1357,What college did the writer of The Picture of Dorian Gray attend?
1358,How many private schools are in one of the oldest settlements in North America?
1359,When was the state capitol built in the state where Northern Lights was narrated?
1360,What genre of music does the composer of Concerto de camera make?
1361,When did the state encompassing Ahirwal receive the status of full statehood?
1362,"On what Asian broadcast channel could you find the Tonight show, on the network that aired the West Texas Investors Club?"
1363,When was the first attempt of a coup in the city that lied directly across the Congo River from Brazzaville?
1364,How many national female outdoor track and field championships have been won by the employer of Danny Welch?
1365,When did the 5th Dalai Lama gain political control over the region where the BBC is banned from reporting?
1366,What organization owns numbered highways in the state where Tyrone Generating Station is located?
1367,When were the first demonstrations in the country where FC Kyzylzhar is based to protest the removal and replacement of Konayev?
1368,When were the first demonstrations in the country containing Beyneu District to protest the removal and replacement of Konayev?
1369,"In The Man Who Invented Christmas, who played the author of David Copperfield?"
1370,What is the name of the castle in the city where Zbyněk Hejda died?
1371,Who is the minister of defense in the country that contains Nakonde District?
1372,Who was in charge of the state where Ajanale is located?
1373,Who is mayor of the city where Oak Tree Country Club is located?
1374,Who runs the Embassy of Northern Cyprus in Binnaz Uslu's birthplace?
1375,"Which flag came first, Cuba or the flag of the country where groups not from the United States came from in The Sing-Off?"
1376,What network first aired the show Katja Brandner is in?
1377,Where are the paternal grandparents of the Queen of Popular Music from?
1378,The senate of the state where Fort Meade National Cemetery is located is part of what body?
1379,Where is the new island forming in the state where The Fairmont Orchid is located?
1380,What comprehensive school was established on the island where the village of Llangaffo is located?
1381,"In Doctor Who, who portrays the painter of A Road at Saint-Remy with Female Figure?"
1382,What strategy could have worked against the empire that did not fall after WWI?
1383,What leader sponsored the expedition that discovered the country that contains Praia?
1384,What province includes the city where Todor Kableshkov died?
1385,Where was the capitol before it was where Auguste Henri Vildieu works?
1386,Who is the spouse of the person who won the popular vote in the 2000 election?
1387,When did the writer who wrote about The Angel Pub write his last book?
1388,When did the relationship between Carlos Leon and the performer known as the most remarkable creation in MTV end?
1389,What was the college of the writer of The Importance of Being Earnest?
1390,What did Goring believe the operator of the U-96 would gain with further support?
1391,Who is current defence minister of the state producing the most renewable energy in India?
1392,Who founded the university where Kent Haines was educated?
1393,What show helped launched the career of the 4 Carats performer?
1394,"Andros, in the island nation where Alana Dillette was born, is an instance of what?"
1395,What mountain range is Lochberg part of?
1396,What's the name of the hockey club in the state where Swaythling railway station is located?
1397,When does the monsoon season occur in the city where André Bloc died?
1398,The state where the Battle of Mine Creek was fought employs how many representatives in the state House?
1399,On what peninsula is the region containing the mountain Punta Senyalada?
1400,"During the bombing of Britain, what did Goring believe the operator of the P class would gain with further support?"
1401,What river flows through the city where Ali Harter was born?
1402,What is the highest elevation in the country Luasamotu is located in?
1403,How many households were there in the city served by WAJM?
1404,When does it get cold in the state where the movie Monster Trucks takes place?
1405,Who is the original broadcaster of the Today show with the name of the network that broadcast Capital Gang?
1406,Why does the flag of the country suggested as a new addition to the United States have only one star?
1407,Where was the producer of Blow Job born?
1408,"In which direction would you travel to reach Southampton from the location of Drayton, Hampshire?"
1409,What manager of the original performer of In the Evening tried to sign Queen?
1410,Who was the sibling of Judith Quiney's father?
1411,Who is the child of the person with the most UK number 1s?
1412,What was the average family size in the city WAJM serves?
1413,what had the people who decided to risk changing the normal war tactics failed to capture?
1414,"When did the country where the village of Dandugama is located, leave the British Empire?"
1415,"Who led the military organization that the Northwestern Front was part of, and made it an effective fighting force?"
1416,Who is the current Prime Minister of the island nation where Broad River is found?
1417,"What was the date of the death of Catherine, once of the city where Francesco Meli was born?"
1418,How many students are enrolled at Jorunn Sundgot-Borgen's alma mater?
1419,Who is a cast member in the show Sienna Cammeniti is from?
1420,In what county is the city of Moran which is the home state of Dorothy from the Wizard of Oz?
1421,Who is the father of the director of Seemabaddha?
1422,When did trolley buses stop running in the headquarters city of Rington's Tea?
1423,Who is the child of the President who made their stance on affirmative action clear in 1995?
1424,When was Greece accepted into the organization that the Swiss have continually rejected membership since 1990s?
1425,Who founded the company known for manufacturing the LINC-8?
1426,"What languages can the star of Accident on Hill Road speak, write or sign?"
1427,What's the percentage of non-families households in the city where WPGG is licensed?
1428,In which county of the state where the Battle of Mine Creek was fought is Moran located?
1429,Who does the singer of I Like It I Love It I Want Some More of It play in Country Strong?
1430,How many of the symbols are the same in the beginning of the ASCII and the code that all Latin characters required by POJ can be represented with?
1431,The language of work or name of Massis is a type of what?
1432,Who created the show that the Lahnstein family is from?
1433,What dynasty gave birth to the empire that Reichsmünzordnung is part of?
1434,"Of what family was Joachim II Hector, Elector of the birthplace of Kay Bluhm?"
1435,Where was the singer of Say You Won't Let Go born?
1436,What language was used by the person who organized a march on Tanjore coast to break salt law in 1930?
1437,Whose position was it that the speaker in the sermon on the mount was the Son of God?
1438,Who was the first Muslim elected president of Mohsina Kidwai's political party?
1439,When did the drinking age change to 19 in the state with a 715 area code?
1440,when did the torch visit the location of the 2013 Indian Open?
1441,Who scored the first goal last season for the sports team Anthony Grant is a member of?
1442,Which city is in the same county as Jonesville?
1443,"What district contains the market center of Marke, in the country that had police experience violent problems with protesters in 2008?"
1444,When did human habitation begin in what is now the city where BitTorrent is headquartered?
1445,What percentage was the country Cúpira is located?
1446,What is the name of the waterfall in the country where Tsholotsho District is found?
1447,When was France occupied by the country Bernd Luz is a citizen of in WW2?
1448,Who sings Money by the performer of Matilda Mother?
1449,How many Americans live in footballer Yves Kibuey's country?
1450,"According to the 2010 US Census, how many households were in the city in which WPGG is licensed?"
1451,"When will the next senator, from the state where 4 Little Girls is set, be seated?"
1452,What is the name of the North Carolina airport in the city where Preston Lea lived?
1453,Who directed the documentary named after the country where US Marines landed on July 15th?
1454,When was the last time the region where Han Vodka originates was united?
1455,When was the last time the country known as Land of Morning Calm was united?
1456,Where are the badlands located in the state SoDak Con is named after?
1457,What is the record label of the performer of Rock and Roll Diary: 1967–1980?
1458,When did trolleys stop running in the city where The Animals were formed?
1459,Who composed the national anthem for Sanath Nandasiri's country of origin?
1460,What is a staple food in the country where Ladakh found his guidance in religion?
1461,What magnitude earthquake struck the national physical laboratory in India on September 2011?
1462,The location where Chumbi Valley is found was made an integral part of India under which amendment?
1463,Who signed the Declaration of Independence from Rolando Martin's birthplace?
1464,How did many multiracial people of the same nationality as those who won the Battle of Saratoga in the Revolutionary War attain social and economic advantages?
1465,Who won the Golden Boot in the 2014 edition of the event for which the FIFA Confederations Cups is usually considered a warm-up?
1466,What is the record label of the artist who released the Rapper Gone Bad album?
1467,Who was the first leader of the independent country where SC Cilu is from?
1468,What kind of block is the language in which Marmnamarz is written an instance of?
1469,What is the population of Helaman Ferguson's birth city?
1470,The demonstrations protesting the removal of Konayev in country with the Alakol district started when?
1471,When did the distributor of The Best People announce the remastered release of Star Trek for television?
1472,What was the original price for a replacement battery from the manufacturer of the iPod?
1473,Who sings Mack the Knife with the performer of Nothing but the Best?
1474,On what date was the end of the battle of the city where Irreversi was filmed?
1475,What award was received by the actor who played Glenn Miller in The Glenn Miller Story?
1476,On what date was the city Wang Xiaolong born in captured?
1477,How many deaths resulted from the conflict between Armenia and the country containing the village Sərsurə?
1478,"Which verse in Luke states that Mary had ""no relations with man"" before the birth of the person who wrote consider the lilies of the field?"
1479,What is the administrative territorial entity that contains the city where William Henry Sneed lived when he died?
1480,When did Allied troops land in the area where the Arab Slave Trade operated?
1481,When did Chopin's family move to the city where the Jazz Jamboree is hosted?
1482,Who is the cuban legend born in 1925 in the city Leon Ichaso was born?
1483,When did the battle of the state where Galilee was located happen?
1484,Who is the president of the senate in the country Yisa Braimoh was in?
1485,How detailed is the description of the death of the Biblical figure who overthrew the moneychangers' tables in the temple?
1486,Who is the sibling of the producer of The Girl from Maxim's?
1487,Who is the spouse of the singer who composed Trouble Man?
1488,Who refuted the statement that the Queen was critical of the main subject of the State of the Union address?
1489,What is the most common source of electricity in the province containing Fairford?
1490,Have the people in the nation Myra is from held feelings toward the cloth symbol of the Greeks?
1491,Where in the sunniest country are the great pyramids?
1492,"What county contains the community of Robinson, in the state where Isaac Glaspell House is located?"
1493,What abolished slavery throughout the empire emerging as the strongest country in the world as a result of the Napoleonic wars?
1494,Who founded Arthur Fear's alma mater?
1495,Who refuted the statement that the Queen was critical of the union of nations that Tuvalu agreed to form an alliance with?
1496,"Who played the writer of ""Lewis Boogie"" on walk the line?"
1497,When did the state assigned area code 575 become a part of the United States?
1498,"Who composed the Rhapsody No. 1, titled after and inspired by the county where Corpusty is located?"
1499,"What county contains Glendale, found in the state which is in the center of the U.S.?"
1500,Who did the writer of Better Man (Little Big Town song) play in The Lorax?
1501,Where are the Badlands located in Carl Ben Eielson's birthplace?
1502,When did the people who speak the language in Shoxx give up trying to recapture Henderson Field?
1503,"What group of languages was the language spoken, written, or signed by Ahmad Shamloo a part of?"
1504,What county does Dean of the province where David Morse was born share a border with?
1505,Who is the sibling of the director of Love and the Devil?
1506,What genre does the composer of Symphony No. 1 operate in?
1507,"While Anson led the Chicago cubs, how many pennants of the league having the Montreal Expos did they win?"
1508,When does monsoon season end in the state where Estufa is located?
1509,What county is Anna Goodale's birthplace located in?
1510,Who is the spouse of the performer of Playground Psychotics?
1511,When does monsoon season occur in the city of Unitech Group's headquarters?
1512,What is the highest court in the organization which uses the terms racial origin and ethnic origin interchangeably?
1513,When was state of emergency declared in the country Milcah Chemos Cheywa is from?
1514,What race is the majority of the population in the country that has an official government position known as the Leader of the Opposition?
1515,Who won season 5 on the version of Bigg Boss made in the same language as the film Shabdavedhi?
1516,What instrument did the singer of If I Could Change the World study?
1517,Who sings meet me in montana with the performer of Who's Sorry Now?
1518,Why was the country Japan turned into a colony divided at the 38th parallel at the end of WWII?
1519,When was the last time a hurricane struck the state where Kanye West recorded the majority of his fourth album?
1520,when will the next Senator from where Parkway Place is located be seated?
1521,Who won American Idol when the contestant who won an Oscar for Dreamgirls was on it?
1522,When did the performer of The Promise of a New Day quit as a judge?
1523,"Who is the country that Kurt Frederick is a citizen of, named after?"
1524,What new residential powers did Eric O'Neill's employer now have?
1525,Who is the country Zepherinus Joseph is a citizen of named after?
1526,What group's power increased after the rise of the republic where the system of representative government comes from?
1527,What performer was live on the show that also aired I Dream?
1528,When did the country where the Krashovans are located join the allies in WW2?
1529,What leader sponsored the expedition that discovered the country where Nova Sintra is located?
1530,Who collaborated with the performer of Hero of the Day?
1531,Which major Russian city borders the body of water in which Öhe is situated?
1532,Who was the mayor in the birthplace of Brunet Zamora?
1533,Who beat the 2006 NASDAQ-100 Open Men's Singles winner in the U.S. Open?
1534,Who is the minister of defense in the country where Chama District is located?
1535,what is the highest point in the state WTLS is located?
1536,What does the name of the region encompassing Kavar County mean?
1537,How many times did the winner of the 7 man elimination chamber match win the WWE championship?
1538,What county is found in the state the Israel Arnold House is located?
1539,The siege of the place where Ğäliäsğar Kamal died was part of which wars?
1540,Who is chief justice of the country where Coronation Park is located?
1541,What was the lowest amount paid per session to the celebrity considered a feminist?
1542,How many Jews live in the country where the Statue of Liberty first came from?
1543,What performer recorded a live album at the broadcast studios that employed Allan Powell?
1544,Who is the first prime minister of My Magic's mother country?
1545,When did the torch arrive in the country where Drunken Master was filmed?
1546,What is the enrollment at Peter Iverson's employer?
1547,Who is the screenwriter of the film named after the country Ad Achkar is a citizen of?
1548,When did the torch arrive in the city where Chung-guyok is located?
1549,In which metro area is the city where CKNW is located?
1550,What type of vegetation is in the central region of one of the richest countries in Africa?
1551,Who is the sibling of the creator of The Crucifixion and Last Judgement diptych?
1552,Who is the father of the performer of the song Mother?
1553,What is the most popular hotel in Wilko Risser's birthplace?
1554,When did the relationship of the person a lot of modern pop artists grew up listening to with Carlos Leon end?
1555,What is the passport issuing authority in the country Robin Tampoe is from?
1556,"Who played the character known as ""the Grand Model""?"
1557,Who was in charge of the country Ribaševina is located in?
1558,Who was the first Muslim elected president of Jai Kishan's political party?
1559,what is the salary of the governor of the state that had the most black voters in 1956?
1560,What county is the city that owns Principal Park located in?
1561,When was the English company that took full control of the island after Napoleon's death established?
1562,What marked the end of the place where the idea of representative democracy originated?
1563,"What county contains Khosrowabad, in the city where Iman Ebrahimi was born?"
1564,When was the first railway line constructed between Kotri and the city where Marie Adelaide Leprosy Centre is located?
1565,Who performed the Fantasy Land Tour 2004 in the city where WonderMedia's headquarters is located?
1566,When did Lester Chambers' state of birth become part of the US?
1567,"What house does Joachim II Hector, Elector of the state Küstriner Bach is located, belong to?"
1568,What is the main research library at the place where Torben Grodal is employed?
1569,What is a staple food in the country where lhasa which is being turned into a culturally chinese city is the capital?
1570,Who played Mr. Tucker on the show named for the actor of Ben Matlock?
1571,What is the average income in the county that contains the Kent Woodlands?
1572,The community of Glencoe in the state My Talk Show is in is located in what county?
1573,Where were the establishers of the vice royalty of the Sakya regime trying to raise?
1574,What date was the end of the battle of the city where Piotr Azikiewicz was born?
1575,What manager of the group that performed The Battle of Evermore tried to sign Queen?
1576,Who is the President of the richest country in Africa?
1577,"The battle of Jackson, in the state where Motley Slough Bridge is located, is part of what war?"
1578,What spacecraft used the gravitational pull of the largest planet in the solar system?
1579,At what age did the performer of We Can't Stop start Hannah Montana?
1580,What is the history and culture of the island Rano Raraku is part of most closely tied to?
1581,Who is in charge in the country with the FEST film festival?
1582,Who piloted the plane that dropped the bomb over the city where Little Boy detonated?
1583,Where is the bust of the only U.S. president whose grandfather was also president?
1584,Who helped resolve the boundary disputes between Virginia and the state containing Routzahn-Miller Farmstead?
1585,What award was received by the actor who played Destry in Destry Rides Again?
1586,In which township in the New Jersey county where Stanhope is located can Hopewell be found?
1587,Who plays the character of the artist of Still Life with Straw Hat in Doctor Who?
1588,Who sings Never Say Never with the performer of One Less Lonely Girl?
1589,What perfume brand was founded by the lyricist who wrote Dance in the Dark?
1590,Who is the finance minister of Balavant Apte's birthplace?
1591,What is the population ranking of the state that is the narrative location of Tishomingo Blues?
1592,"What is the highest point where the Green-breasted pitta is found, in the country where the town of Amuria is located?"
1593,What is the meaning of the name of the oldest surviving Buddhist school?
1594,How detailed is the description of the death of the figure that was presented at the Temple in Jerusalem?
1595,In what city is the university that employs Francis Huntington Snow?
1596,What is the highest point in the state where Decatur Mall is located?
1597,Dean and Deadman's Island are both located in which municipality?
1598,What happened to the character Helen from the show named after the actor starring in the film Onionhead?
1599,What was the population of Charlie Weaver's birthplace in 1900?
1600,Who owns Interstate 95 in the state where Howard is located?
1601,What is Shelby High School in the state where Hotel Courtland is located a member of?
1602,"How is the human rights record of the country where Kyzylzhar District is located, compared to the rest of the world?"
1603,"Which verse in Luke states that Mary had ""no relations with man"" before the birth of the sower in the parable of the sower?"
1604,Who dropped the atomic bomb on the city where the first atomic bomb used in war exploded?
1605,When is the next governor election in the state WKJN broadcasts?
1606,When did the relationship between Carlos Leon and the person who played Eva Peron in Evita end?
1607,Which body of water is by the county where John Ross was born?
1608,Who is the present Food Minister in the state Kabbinale is located?
1609,What is the name of the airport in the place Cornelius Harnett died?
1610,"What documentary described the making of Number of the Beast, by the artists who recorded The X Factor?"
1611,"Where can you find the ESPN College Football show, on the original broadcaster of Delta?"
1612,Which county borders the county where Somerset is located?
1613,Who did the performer of 7 Things play in Hannah Montana?
1614,What happened to Helen on the show named after the actor who played Ben Matlock in the original TV series?
1615,Who was the conflict between in the Strife of Bleeding in the state that is the center of the United States?
1616,Who is the minister of the state where Hebri is located in 2018?
1617,Where on a map is the river the Tionesta Bridge crosses located?
1618,What is the main subject of biographies of the composer of Piano Concerto K. 107?
1619,What is the university where Phuti Mahanyele attended an instance of?
1620,Who is the sibling of the director of Tales of the Typewriter?
1621,Which municipality is Sheet Harbor part of in the province Mark Kriski was born?
1622,Who is the owner of the sports team Seth Maness plays for?
1623,What did the publisher of Balloon Kid rely primarily on for support?
1624,When did the people who risked changing their normal war tactics give up trying to recapture Henderson Field?
1625,What is the new tallest building in the city where Love on a Rooftop takes place?
1626,What is the name of the 2018 football of the event that was the first HDTV broadcast in Europe?
1627,In what county is the city where William Tubby was born?
1628,What magnitude earthquake hit the fashion capital of India on September 2011?
1629,Who is the programming language that is an example of a 4GL named after?
1630,What month did the performer of Breakaway win American Idol?
1631,When did the season of Grey's Anatomy when Derek died air?
1632,"Who is the General Treasurer of Providence Plantations, and the state where Awashonks was from?"
1633,In what administrative territorial entity is the place of death of James Madison Leach located?
1634,Where is the ark that was built in the state Our Place takes place?
1635,When was the performer of The Final Frontier founded?
1636,When was the company that Nizam allied with in the late 18th century established in India?
1637,In which district is LaHave in the same state as Dalhousie Mountain?
1638,When did the Olympic Torch arrive in HKGolden50's home city?
1639,"How long did the country that warned Gaddafi of a possible counter-coup in 1970, continue to maintain control over the state capital after the Treaty of Guadalupe Hidalgo?"
1640,What tradition inspired the legal system for the birthplace of Wong Chan Tong?
1641,In which county was David Friesen born?
1642,What cigars are named for the capitol of the country Josi W. Konski is from?
1643,When do we vote for governor in the state where WJQM is located?
1644,Where does the team Seth Maness plays for have spring training?
1645,When did humans begin to live in the area that is now the city where the series Fairly Legal is set?
1646,"When did the currencies of the country where the town of Gurúè is located, first come into circulation?"
1647,When did the M4V developer's iPhone 6S plus come out?
1648,How many square miles is the city where the National Cowboy and Western Heritage Museum is located?
1649,What tradition inspired the legal system for the place where Sai Van Bridge is located?
1650,What concept did the empire which recorded the oldest record of civil disobedience use when building a northern border defense?
1651,Where was the initial German offensive on the conflict Henry Ralph Lumley fought in stopped in September 1914?
1652,Who was the first Muslim elected as president of the political party Sadashiva Tripathy is a member of?
1653,Who played Aunt Bea on the show named after the star of the film Angel in My Pocket?
1654,When did the NBA player with the most career points first go to the finals?
1655,Who founded the college Dalziel Hammick attended?
1656,"During the Cold War, what happened in the country that contains Pursat?"
1657,"Who plays the character of the artist who created Farms near Auvers, in an episode of Dr. Who?"
1658,What region is the Highway 42 in the state that encompasses Episcopal Church of All Angels located?
1659,Morne Ciseaux's country is named after whom?
1660,Which parts of the country where Nedim Gunar is from are characterized with a Mediterranean climate?
1661,How many households were in the place Alf Francis died?
1662,"Hebron, on the island where the story Anne of Green Gables takes place, is located in what county?"
1663,"Which flag was made first, Cuba or the country whose flag Madonna rubbed between her thighs?"
1664,when did the country where Nereta is located become part of the Soviet Union?
1665,How many Americans live in the country where Kitona is located?
1666,What's the oldest football club in the country for Revolution's Orphans?
1667,What is the genre for the composer of Drumming?
1668,"What region is Qaleh Now-e Khaleseh, which is in the city where Ali-Asghar Bahari was born, located?"
1669,Who is the opposition leader in the country where Hagley Gap can be found?
1670,"Who did the songwriter of ""This Song"" write the song ""Something"" for ?"
1671,Who is the first prime minister of the country for The Unbeatables I?
1672,"On which date did Anne Fitzalan-Howard, Duchess of the region containing Irstead die?"
1673,What is the highest point in the state where Sequoyah is located?
1674,In which county was The Black Lillies founded?
1675,"Where did the battle take place in the play named for the person who said we came, we saw, we conquered?"
1676,What region is the city where KUPS is located located?
1677,What position did the owner of Caesar hold?
1678,What genre does the composer of Octet/Music for a Large Ensemble/Violin Phase work in?
1679,Who founded the military branch that Harold Gonsalves served in?
1680,When is the new album coming out from the Sing Like Me performer?
1681,What's the population of Kate Price's birthplace?
1682,Who was the ninth governor-general in the country where Victory is located?
1683,"Since 1994, who has been in charge of the city where Funda Arar was born?"
1684,Whose father organized the Concert for the People of Kampuchea?
1685,Whose spouse performed Sinatra: Vegas?
1686,What model appeared in the video for She Doesn't Mind sung by the singer featured on Baby Boy?
1687,Who refuted the statement that the Queen was critical of the union where basic MP3 decoding and technology are patent free?
1688,Where in Plymouth is the owner of Torquay Lifeboat Station based?
1689,Who is the first prime minister of the country that released C.L.I.F.?
1690,When did Freaky Friday featuring the performer of Sweet Love come out?
1691,What Sunset Beach in the state where A Scattered Life is set is in what county?
1692,Who bestowed the name of the state where WFGS is located in front of fried chicken?
1693,When was the singer whose favorite style is baroque born?
1694,What is Eric O'Neill's employer's main tool against organized crime?
1695,Who sings Meet Me in Montana with the performer of Steppin' Stone?
1696,In which district of the province where Trailer Park Boys takes place is LaHave?
1697,Where is the continental limit of the continent where Duseberg Buttress is located?
1698,How many Americans live in the country where the town of Gangala-na-Bodio is located?
1699,Who is the Minister of Defense in the country where Chongwe District is located?
1700,Who was the city where Richard Pulvis died named after?
1701,Who built the largest ancient Inca empire in the region that tomatoes came from in the Columbian exchange?
1702,What city is located in the same county as Honcut?
1703,Who wrote the pledge of allegiance of the country where Bahamas Olympic Committee is based?
1704,How many households were there in the city where WAYV is located during the 2010 United States Census?
1705,What is the literacy rate in the new state capitol founded in 1709?
1706,What genre of music is the composer of Clapping Music known for?
1707,What term describes the church that the Puritan movement worked to reform and churches that align with it?
1708,Who formed and first came to the colony which became the state where Keedy House is located?
1709,Where do the large A380 go after the city where Jean Odin died?
1710,Who is the father of the performer of I'm Stepping Out?
1711,Where was the guy who devised Mock Turtle born?
1712,What is the population of the city where Moonlight Brewing Company's headquarters are located?
1713,On what continent can the country where Tahifehifa is located be found?
1714,The Science Museum in the city where Joseph Blanco White was born is part of what?
1715,How many people died from the fighting between Armenia and the country Aran is located?
1716,What actress was a cast member in the 'Good Morning' film named after the city where Geo Films is headquartered?
1717,When did the Portuguese explore the Gold Coast of the area that the Bantu of East and Southern Africa migrated from?
1718,When did humans start living in the place where Dawn of the Planet of the Apes takes place?
1719,What player has played for both liverpool manchester united everton and the team Chris Beech is associated with?
1720,When did the roof gardens above the neighborhood where Margaret Morris was born open to the public?
1721,Who is the performer of the album Live in the city Claire Curran is from?
1722,What's the population of the birthplace of Don Fellows?
1723,In which county of the state where Lars and the Real Girl takes place is the community of Lyons located?
1724,What's the record label of the artist who sings You'll Never Find Another Love Like Mine?
1725,"When did the person who popularized the idea of evolution in the mid 1800s first use the word ""evolution"" in On the Origin of Species?"
1726,What city shares a border with the headquarters city of Wingas?
1727,How many seasons was the I'll Be Lovin' U Long Time lyricist a judge on American Idol?
1728,When does it get cold in the state Bob Stenehjem was born?
1729,What is the population of Larry Taylor's birthplace?
1730,Who does the vocals on Money by the performer who also sang Have a Cigar?
1731,What is the capitol of the province where Artsvanik is located?
1732,Who was in charge of the country Mrveš is located in?
1733,How many people were in the state where the Mississippi river begins in 1900?
1734,Who did the actor who plays toy Santa in Santa Clause 2 play in Toy Story?
1735,Who directed the movie with the same name as the country where Zouk Mikael is located?
1736,When is senate election day in the state where WJLD is located?
1737,In what season was the performer of My Destiny a guest judge on American Idol?
1738,Where did the quarterback of Derrick Ross's team go to college?
1739,When is the next gubernatorial election in the state where WGCM-FM is found?
1740,What county holds the community where the neighborhood of Marlton is found?
1741,What county borders the other county where the borough of Worthville is located?
1742,Who was the spouse of the person who performed If I Should Die Tonight?
1743,Who was married to the singer of Concepts?
1744,"Who is the only person to play for Liverpool, Manchester United, Everton and the team Demi Stokes was on?"
1745,When did the torch arrive in the country where Dragon Squad was filmed?
1746,when was france occupied by the country where Lutheranism began?
1747,Who was President of the United States immediately following the war Sergeant Stubby participated in?
1748,What was the record label of the performer who sings You'll Never Find Another Love Like Mine?
1749,"What is the administrative territorial entity for Walnut Grove in the state that is known as the land of 10,000 lakes?"
1750,What does the abbreviation of the agency that officially recognized women's football in 1971 Stand for?
1751,What type of university is the institution that employed Saul Amarel an instance of?
1752,Who was the first president of the publisher of Journal of Family Psychology?
1753,Who is the current Chief Justice of the country K2 Telecom operates in?
1754,The publisher of the Internet Channel relied primarily on what for its support?
1755,Who did the performer of Don't write the song Thinking Out Loud for?
1756,In which country is the Embassy of Russia in the city where Jiří Kejval was born?
1757,On what did the publisher of Uniracers primarily rely for its support?
1758,How many households are in the city served by WNJN-FM?
1759,Who founded the manufacturer of TorqueFlite transmissions?
1760,Where does the state containing the Dumka Lok Sabha constituency rank in population in India?
1761,when did the developer of Rhapsody release the iPhone 6s plus?
1762,"In terms of wind energy production, where does the birth state for Harry Stella rank?"
1763,What other instrument was played by the guitarist who has been inducted into the Rock and Roll Hall of Fame the most times?
1764,What shifted attention away from the coverage regarding the controversy of required service of the official who blocked UNFPA funding?
1765,What is the population of the city where Dustin Latimer was born?
1766,When did the emperor who forced the Germanic tribes to the east side of the Rhine die?
1767,"When did Anne Fitzalan-Howard, Duchess of Louise Allen's birthplace, die?"
1768,Where is the headquarters of the social media site which was used for complaining about the Indian censoring located?
1769,What series is the model 6 of the company that made Dacia Sandera a part of?
1770,What is the surface area in square miles of the continent containing Gorki Ridge?
1771,Why is there only one star on the flag for the country where Wilfredo Maisonave has citizenship?
1772,Who did performer of Sad but True collaborate with?
1773,"What indie/folk musician, other than the performers of Moon Pix, is based in Miami?"
1774,How many records has the performer of The World Needs a Hero sold worldwide?
1775,Who was the piano player in the fictional work that Captain Apollo appeared in?
1776,"During the Pacific War, what did the people whose nation's cameras the CIPA DC-004 applies to, fail to capture?"
1777,Why did Kim Pyong-il's father redeploy his military troops?
1778,What early Huguenot Church was started where Syllabub is long established?
1779,What county is the city where Leonard S. Echols was born located?
1780,What shares a border with Rivière-Verte in the country where The Brunswickan is located?
1781,When did the 2008 Olympic torch arrive in the city where The ONE shopping center is located?
1782,when was the state capitol governing the members of the The White Foliage built?
1783,Who is the minister of local government in the country which as a Ministry of Defence?
1784,Who had the fewest troops in the place where Ofusato died?
1785,When did Chopin return to the city where Jan Gall was born?
1786,Who was in charge of the city where Eliseo Grenet died?
1787,Who is the sister of the performer who wrote the lyrics to L.A.?
1788,What is the record label of the Dry Bones Dance performer?
1789,When was the ocean located within the Antarctic Circle discovered?
1790,Who was the first president of the country that Zourah Ali is a citizen of?
1791,When did the drinking age change to 19 in the state where Lars and the Real Girl is set?
1792,Who was the US president when the city where the first atomic bomb used in war exploded was bombed?
1793,What is the largest city in the county where East Lake is located?
1794,What is the debt-to-GDP ratio in the country where Massimo Baistrocchi lived?
1795,What language is used by the director of Tiffany Memorandum?
1796,Where was the composer of Two educated?
1797,Who was ordered to force a Tibetan assault into the birthplace of Liao Yiwu?
1798,What political party was the person who replaced Derby after his resignation affiliated with?
1799,"During the Ming Dynasty, whose presence increased in the region that was once the Tangs biggest rival?"
1800,When was free education introduced in the birth country of Virodaya Cinkaiariyan?
1801,Which subgenre of the blues is the Hard Again performer associated with?
1802,What is the most common source of electricity in the Canadian province housing George Island Light?
1803,"What is the population of the city of Desmet, in the state where the Stratobowl is found?"
1804,Why did China need to resettle people into Ma Mingyu's place of birth?
1805,Where was the performer in The Awakening born?
1806,Which county is the city where Neyland Stadium is located the seat of
1807,When does the country where AS Saint-Luc is located experience its dry season?
1808,Who is the current leader of opposition in the country Kampala Mosque is located?
1809,"Whose life is learned from by members of the non-Muslim religion that, along with Judaism, produced notable theological works under the Umayyads?"
1810,Who was the first independent leader of country where AS Nika is based?
1811,In what park will you find a diamond mine in the U.S. state that produces the most rice?
1812,What university did the screenwriter of Badshahi Angti go?
1813,Who was the mother of the Read My Lips performer?
1814,Which body of water is by the place where Sergei Diaghilev resides?
1815,Where did the detective in The Second Confession live?
1816,Next to which body of water is the city where Saint Joseph Cathedral is located?
1817,Who was the first Prime Minister on the country where Beasts of No Nation was filmed?
1818,What are the nationality and occupation of the most followed man on Instagram?
1819,Where did the quarterback for Sid Smith's team go to college?
1820,When did the first flip phone by the developer of SREC come out?
1821,What record label did the performer of The Kennedy Dream sign with?
1822,What is the source of the river which feeds the CAP?
1823,Who led the organization that included the 1st Belorussian Front and made it an effective fighting force?
1824,At what age did the I Got Nerve performer start Hannah Montana?
1825,What is the population of the state where Thank You For Your Service is based?
1826,What is the record label of the lyricist of After Hours?
1827,On what day did the Olympic torch arrive in the setting for Bullet brain?
1828,Who is the sibling of the person who wrote the script for the 1996 Crucible movie adaption?
1829,Who is the mother of the person who performed You're All I Need?
1830,How high is the highest point in the city Chopin grew up in?
1831,When did the drinking age change to 19 in the state where Agoston Haraszthy resided?
1832,What's the highest court in the union where the European flag has jurisdiction?
1833,Who's the screenwriter of the movie whose name is the country where Khirbet El-Knese is located?
1834,Which actor participates in the show where Ty Harper is from?
1835,The forces of Mark Antony and Octavian fought the killers of the man behind the Julian calendar where?
1836,What league did the team Ken Reed was a member of play in?
1837,Where was the performer of Cinderella's Eyes born?
1838,"Who founded the label responsible for Love, Loss, Hope, Repeat?"
1839,Where on the Avalon Peninsula is the city that had the seventh-highest metropolitan crime index in 2010 located?
1840,When was John Staples Harriott's employer established?
1841,What is the only trade union is the country containing Niulakita?
1842,"As of 2018, who is the minister of the state where hampi tourist place is located?"
1843,When does the academic year start in the country showing I Wanna Be A Model?
1844,"What is the Science Museum, located in Francisco Zerez's birthplace, a part of?"
1845,When did the torch arrive in the country As the Light Goes Out is from?
1846,Who played the person whose ideas influenced the Declaration of Independence?
1847,When were the mosaics at the church where the Salonika Agreement took place created?
1848,Who is the current mayor of the Michael Langrish's birthplace?
1849,What was the record label of the man who played the preacher in the film Tommy?
1850,What region is the city encompassing WZND-LP located?
1851,The artist behind (I) Get Lost signed with what label?
1852,When the I'm Just Here For The Music performer quit her role as a judge?
1853,What was the country where Karmsund Bridge is located named for?
1854,How many square miles is the city which holds the State Fair of Oklahoma?
1855,When did the torch arrive in the country where Rage and Passion originated?
1856,Where in the UK is the location of the district that contains the fell of Seat?
1857,"Who is the ""change the world"" singer's record label?"
1858,When was the circus maximus built in Ugo Balzani's birth city?
1859,Who did the performer of See Yourself write the song Something for?
1860,What county was Suzanne Reynolds born in?
1861,What is the population of Williston in the state that encompasses KMAV-FM?
1862,Who is the active president serving the people of Lenguazaque?
1863,What is the population of the area where KPSZ is licensed to broadcast to?
1864,When did the state where Great River Road is located become part of the U.S.?
1865,Who wrote the script for the movie with the same name as William Beaumont's birthplace?
1866,What is the only trade union in Fualopa's country?
1867,What is the rank of the state where WKJN is located in population?
1868,"Where did the quarterback for the team that was defeated by Green Bay in the first Super Bowl, go to college?"
1869,What is the rank of the state Lohardaga Lok Sabha constituency is located in population?
1870,When did the person who sings the theme song to Wonder Years record With a Little Help From My Friends?
1871,Who did the performer of Electronic Sound write the song Something for?
1872,Where was the headquarters of the state where barbarian invaders established kingdoms?
1873,Who is the child of the person who wrote the lyrics to Getting Closer?
1874,Who was the ninth governor-general in the country Gasmata is located?
1875,What is the highest point of the state governing Langdon House?
1876,How long is a governor's term in the state WZYP is located?
1877,What is the estimated population in 2014 of the city where Donda West's funeral was held?
1878,On what day did the battle end in the country of origin for Verax?
1879,"Who won season 5 of Bigg Boss, in the version of the show made in the same language as the 2014 film Gharshane?"
1880,The earliest examples of civil disobedience occurred under an empire that existed over what date range?
1881,What community is adjacent and southeast of the Riviere-Verte that is found in the same province as Butts Corner?
1882,What kind of family is the thrush from the country Wasana originates?
1883,How long does the biggest celebration in Sarah-Quita Offringa's place of birth last?
1884,"What county contains the village of Khosrowabad, in the city of birth of Mahdi Tajik?"
1885,When did the torch visit the place where Andre Bloc died?
1886,What is the name of the airport in the city encompassing District 10?
1887,What league was Shalon Baker's team in?
1888,What is the record label for the singer of Cast Your Fate to the Wind?
1889,What county has the capital city where the Baker Peters House is located?
1890,Who did the Let It Go singer play in Country Strong?
1891,"In 1971, who introduced the first microprocessor for the production company of CyberWorld?"
1892,Why did China need to resettle people in the Cao Yongjing's birthplace?
1893,What subject was studied in the country where Ibn Muqla was born?
1894,"In fall of 2014, how many students attended the school Wade Moore was educated at?"
1895,Who has written the national anthem of the country filming Kaathirupaen Unakaaha?
1896,Who plays the painter who created L'Arlésienne in Doctor Who?
1897,When was the instrument of the type Mark Smith played first made?
1898,Who was played by the Nothing That You Are performer in Princess Diaries?
1899,In what region of what is now the country containing Nancova did the Germans clash with the Portuguese?
1900,Who made the city where Mozilla China's headquarter locates his capital?
1901,In which municipality of the province where Trailer Park Boys takes place is Kinsac?
1902,"After their transport to the birthplace of Matthieu Lecuyer, where do the large A380 planes go next?"
1903,What is the population of the city where Bình Thạnh is located?
1904,Who wrote the national anthem of the country where the village of Manalkadu is found?
1905,Whom is the country Dennery River is located named after?
1906,Who was the father of the composer of Piano Sonata No. 1?
1907,Who named the chicken chain associated with the state where Wooldridge-Rose House is located?
1908,Who named the fast food chain whose name alludes to the state where Uncle Tom's Cabin is set?
1909,"Who did the performer of ""Jump in the Fire"" collaborate with?"
1910,What mountain range in the state where the highest peaks of the Rockies are is Humboldt Peak a part of?
1911,What lent its name to the country that became the largest economy in Africa?
1912,Who named fried chicken after the state where Art Ball was born?
1913,What mountain range is Garfield Peak of the state where Stagecoach Dam is located part of?
1914,When did the performer of Spellbound quit as a judge?
1915,What group of languages includes the old version of the language associated with the myth where two canines watch over the Chinvat Bridge?
1916,Who is the new president elect of the country with the city of Pereira?
1917,Who is the mayor of the city where the Oklahoma School of Science and Mathematics is located?
1918,Who designed the museum that has the Portrait of Guidobaldo da Montefeltro?
1919,What is the location of the water lily pond by the creator of Boating on the River Epte?
1920,When were the mosaics at the church in the birthplace of Kostas Louboutis created?
1921,How much of the population in Africa's largest economy is Christian?
1922,What is the location where the band who sang 666 The Number of the Beast was formed?
1923,Who is the current minister of health in the country where Kotido Airport is located?
1924,What is the period of revolution of the planet on which Borealis quadrangle can be found?
1925,"In the Pacific War, what did the people in whose language PopSister was published, fail to capture?"
1926,What county shares a border with the birthplace of John L. Grove?
1927,What river flows through the city where Donda West's funeral was held?
1928,What record label owns the series that I'll Always Remember You is a part of?
1929,Who was the original broadcaster of the PGA Tour on the network that aired Reggie?
1930,What subset of the dominant scheme for internal processing is used by Windows?
1931,What political party does the author of Freedom from Fear belong to?
1932,where is the blue mosque located in the country that contains Turhal?
1933,Who are the two leaders of the opposition in the province where Thompson is?
1934,In what county is the city where you can find Baker Peters House located?
1935,Who wrote the national anthem of the country where Navatkuly is located?
1936,Who sings the rap in baby by U Smile's performer?
1937,When did Chopin return to the city where Esperanto was created?
1938,"In 1925, what Cuban Legend was born in the same city where Gonzalo Guell was born?"
1939,Where is the headquarters of the social company who proclaimed Beyonce fans are known as the Bey Hive?
1940,Who directed the film named after the country where the village of Majdal Anjar is found?
1941,What group of schools is the college where Jennifer Kimball studied a part of?
1942,What is the twin of the capitol of the Democratic Republic of the Congo?
1943,Who founded the university attended by Jonathan Russell?
1944,What is the population of Luther Burbank's birthplace?
1945,What is the meaning of the name of the province of which Shiraz is the capitol?
1946,Which subgenre of the blues is the lyricist of Mannish Boy associated with?
1947,Who was the discoverer of the location where Savave is found?
1948,Who was the first president of the publisher of Psychology and Aging?
1949,What province contains the city where the aircraft manufacturer Antara was formed?
1950,What date did the mobile phone inventor release the flip phone?
1951,When did the currencies of the country in which Cuamba is located first come into circulation?
1952,What was the original price for a replacement battery from the producer of iPod?
1953,What cigars are named for the capitol of the country where Granma is located?
1954,Who sings Mack the Knife with the first person to sing My Way?
1955,"Where was the highest known temperature recorded, in the state where the X-10 Graphite Reactor is located?"
1956,What comprehensive school was established in the island where Llanddyfnan is located?
1957,"What song did the performer of ""Sing"" write for Justin Bieber?"
1958,When does the monsoon season occur in the territory of Delhi with the highest literacy rates?
1959,What song did the songwriter of Perfect write for Justin Bieber?
1960,Who's father performed Pipes of Peace?
1961,What continent is the country that contains Funafala part of?
1962,Who was the father of the composer of Symphony No. 30?
1963,The company that developed M4V has remained profitable since what time?
1964,What direction do you travel from Woodbury Langdon's place of demise to get to Southampton?
1965,When does fall weather start in the state where the Lucas Mansion is located?
1966,How did the organization seen as a great power in addition to member counties rank Switzerland's economy?
1967,What is the birthdate of the performer who a lot of modern pop artists grew up listening to?
1968,Who did the songwriter for 18 by One Direction write Thinking Out Loud for?
1969,What is the hockey club in the birthplace of George Fiott Day named?
1970,What is the occupation and nationality of the person who has won the most men's major golf championships?
1971,Who was in charge of the state which generates the most revenue in India?
1972,What is debt-to-GDP ratio of Mohammed Dabo Lere's country of citizenship?
1973,What record label does the performer of change the Game belong to?
1974,"When did the author of The Descent of Man, and Selection in Relation to Sex first use the word ""evolution"" in On the Origin of Species?"
1975,What county is community of Robinson located in the state where Wickfield Round Barn is located?
1976,What was the former name of the city where Yellow Dragon Sports Center is located?
1977,"What did Germany, and the country that produced the AK-74, sign in 1939?"
1978,When did the country where Forticom is become part of the USSR?
1979,Who is the spouse of the performer of Dancin' Fool?
1980,What happened in the country where Poipet is located during the Cold War?
1981,Why does the country whose flag Madonna rubbed between her thighs have one star on its flag?
1982,When did Tang's biggest rival become part of Qing China?
1983,What college did the author of Excellent Cadavers attend?
1984,What part of the life of the person who said man cannot live by bread alone is detailed in these gospels?
1985,How many square miles is the city where Donda West's funeral was?
1986,Which lady gave birth to the performer of If I Can't Dance?
1987,When does the monsoon season occur in the city where CMC Limited has its headquarters?
1988,When did the military branch Charles Burnett served in start to wear khaki?
1989,Where is the location of the 1990 event that was the first HDTV broadcast in Europe?
1990,Who was the lead vocalist on album with the performer of Don't Be My Enemy?
1991,What was the trade route between Germany and the country where The Detached Mission was produced?
1992,Who plays the singer of She Colors My Day in the movie I Can Only Imagine?
1993,What incorrect term for indigenous population originated from the famous explorer who was the first to have ships with hulls made of copper?
1994,In which season was the artist of Ballerina Girl a guest judge on American Idol?
1995,Where did maize cultivation begin where tomatoes come from in the columbian exchange?
1996,Who has been elected as the new president of the country where the municipality of Sabaneta is located?
1997,When did the performer of River of Dreams play at Shea Stadium?
1998,Who plays the creator of Gradgrind in the man who invented christmas?
1999,What does the acronym for the employer of Jack Crawford stand for?
2000,How many people died as a result of the fighting between Armenia and the country that is located to the southeast of Georgia?
2001,What is the pyramid building in the city where Jesse Hawkes is in?
2002,Who is the president of the country that issued Stephen Worgu a passport?
2003,Which season of American Idol featured the Part of Me composer as a guest judge?
2004,"In earth years, what is the period of revolution for the planet that contains Michelangelo guadrangle?"
2005,What is the highest point in the country where Bugabula is found?
2006,How many feet is the largest peak in north-central region of the place where police experienced violent problems with protesters?
2007,What are the spirits associated with shintoism called in the language spoken by Haruhiko Kindaichi?
2008,Where are the skyscrapers located in the city where Waris Dirie moved later in life?
2009,What is the size of the coldest of the poles in square miles?
2010,Where in Plymouth is the operator of Barnett class lifeboat based?
2011,What movement did the artist who created Catharina Brugmans participate?
2012,Was there voting process debate in the state where Bluffton Airport is?
2013,what song did the performer of I'm Losing You write for David Bowie?
2014,When did it become legal for members of the same sex to get hitched in the state where the writer died?
2015,When did the country whose cars became highly sought after as they were more fuel efficient give up trying to recapture Henderson Field?
2016,What major Russian city borders the body of water near Liebes?
2017,Who established the branch of the U.S. military in which Enrique Romero-Nieves served?
2018,Who composed the national anthem of Alana Dillette's birth country?
2019,What is the birthplace of the creator of Big Electric Chair?
2020,What two cities in the country where Ephesus is located acquired technology institutes in the 1950s?
2021,Where is Golden Boy located in the same province as West Hawk Lake?
2022,Who is the mother of the person who wrote the lyrics to Face to the Sky?
2023,What county contains the place were Shelby Grant died?
2024,Which season of American Idol featured the 2011 presenter of the Global Icon Award to Queen as a guest judge?
2025,What is the only trade union in the country where Teafuone is located?
2026,What is the official money of Kristina Lennox-Silva's country?
2027,What percentage of BYU students are members of the religion that George Durrant believes?
2028,What is the name of the chief justice of the country of Dentaa's citizenship?
2029,In which metropolitan area was Luke Sears born?
2030,Where were the Huguenots largely centered in the country where The Map and the Territory takes place?
2031,Who is President of the country where Maryam Ciroma is from?
2032,How many Americans live in the country where the Mitumba Mountains are?
2033,Who is the current Food Minister of the state Singasandra is located in?
2034,Who did Jake Marisnick's team play in the world series last year?
2035,"What is a language spoken, written or signed by Sheram an instance of?"
2036,What did the war that where the Desert Patrol Vehicle first fought inadvertently do in the early 1990s?
2037,What conflict involved the most famous Confederacy army?
2038,"The shift away from what genre of the musical style that Subliminal performs in, is Kanye credited for?"
2039,Who is the sister of the Powderfinger composer?
2040,Who was in charge of the country where Dokmir is located?
2041,Who was the first leader of the independent country where Kitona Air Base is located?
2042,Where does the Snake River in the state for whom 3M was named start?
2043,When does monsoon season end in the state where KCLV-FM located?
2044,When does the academic year start in the country Benjamin Khor was from?
2045,On what date was the battle named after the state where Family Guy takes place?
2046,Who had the fewest troops when UN forces counterattacked in the country where Salangeul Chajaseo was filmed?
2047,Who was the first president of the country where Obock is located?
2048,What metropolitan area is the birthplace of John Wesley Judd a part of?
2049,What percentage was the country where Bailadores is located?
2050,What is the highest point of the state where Bluffton Airport is located?
2051,"Who owns Interstate 95 in the state where Me, Myself, and Irene was set?"
2052,"When did the source of almost all of the Imperial Valley's water, start to form the Grand Canyon?"
2053,What is the professional status of the man who won the most majors in golf?
2054,What does Riviere-Verte in Brian Lawton's birthplace share a border with?
2055,The first pope to visit five continents visited how many continents in total?
2056,Who was the founder of Titus Lucretius Tricipitinus' country of citizenship?
2057,Who sang Mack the Knife with the man who also sang Mistletoe and Holly?
2058,When was the woman regarded as a feminist during her time born?
2059,what is the name of chief justice of the country where Ve-Koloenu is located?
2060,"What district is LeHave, in the state Great Village is located, part of?"
2061,In which county is the city where Matt Snider was born located?
2062,What language family does IRIB Ofogh broadcast in?
2063,When did the river that feeds the CAP start to form the Grand Canyon?
2064,Where is the rainforest located in the country whose flag Madonna rubbed between her thighs and angered the public?
2065,"The Science Museum, in the city where Soledad Miranda was born, is part of what research council?"
2066,Who is the programming language that has the WHERE clause partially named after?
2067,Who was in charge of the country where Ljubanje is located?
2068,What is the most popular hotel in Stefan Ludik's birthplace?
2069,Who was the first European to reach the country to which Curtiss P-36 Hawk was sold first?
2070,Which composer released a vinyl album named after their home country in which is Arismendi?
2071,Where are the badlands located in the state where Episcopal Church of All Angels is located?
2072,What continent contains the country where Avalau is located?
2073,Who casts the work presented by Jan Brandner?
2074,What is the original language of the film whose title mentions a kiss from the actress who starred in To Save Her Soul?
2075,Who is the spouse of the artist of No Time to Kill?
2076,When is senate election day in the state for which the group performing Roll On (Eighteen Wheeler) was named?
2077,What is the country Eikesdalsvatnet is located in named after?
2078,who is the father of the actor of Toy Santa in Santa Claus 2 on Last Man Standing?
2079,Who founded the company that produced the HyperScan?
2080,What is the highest point in the state where WJLD is located?
2081,When was the city where The Cruise of the Dazzler takes place founded?
2082,"On the song Silver Bells, who sings with the person who sang I Will be Home for Christmas?"
2083,In which part of Big Hatchet Peak's state are the San Juan mountains?
2084,"In The Lorax, what character was played by the person who wrote the lyrics to Mean?"
2085,In which county is the city Ian Sharman is associated with located?
2086,How long is a governor's term in the state where WPMR-LP is located?
2087,Who is the spouse of the person under whose direction La symphonie fantastique was produced?
2088,Who is the child of the singer of White Christmas?
2089,What is the highest elevation in the country Motutanifa is located in?
2090,In which city was the artist of the album The Scavenger born?
2091,On what day did the publisher of The New Tetris unveil the new systems?
2092,Who did the person whose speech was ruined by Kanye West at the 2009 MTV Awards play in The Lorax?
2093,Who helped resolve the dispute between Virginia and the state Chautauqua Tower is located?
2094,Who is a cast member in a show that feature the character Kate Ramsay?
2095,When was the season of Greys Anatomy when Derek died filmed?
2096,What Qing dynasty leader made the city that will host the 2022 Olympics his capital?
2097,Who is the brother of the singer of What Becomes of the Broken Hearted?
2098,Where was the screenwriter of Sukumar Ray educated?
2099,What had the recent Asian ancestry owned by some Marshall Island residents failed to capture?
2100,In what oblast was Victoria Stadnik born?
2101,Who founded the military branch that Brian Chontosh served in?
2102,What's the population of the city in Florida that contains International Swimming Hall of Fame?
2103,Who is 2017 finance minister of the state where the river Gadavari originates?
2104,Is the exact reason known for the crucifixion of the Biblical figure who was presented at the Temple in Jerusalem?
2105,Where is the army navy game played in the city where Sharp Delany died?
2106,What percentage of the population of the city where WAYV is located was under the age of 18?
2107,Who is the leader of the opposition in the singer Protoje's country?
2108,"Three years ago, when was the motorcycle rally in Sturgis within the state where Philip Testerman was born?"
2109,When did the roof gardens above the district where Ivy Duke was born open to the public?
2110,Who wants the border between Armenia and the country north of Cyprus opened?
2111,Who beat the winner of the Australian Open Men's Final in the US Open?
2112,In which county was J. Mark Scearce born?
2113,How long by high speed train from Shanghai to the next host of the Winter Olympics?
2114,Who wrote the national anthem of the country where Bahamas Maritime Authority was located?
2115,Who was the first president of the country where Ali Olo is located?
2116,How many passing attempts does the man who has won the most Super Bowl MVPs have?
2117,In which county of the state where the badlands is located is Highway 42 located?
2118,On what day did the country where Rigatta is from become part of the Soviet Union?
2119,Who was once part of the band that recorded 'Crawling up a Hill'?
2120,How did the Japanese win the country where Qingshan Dam is?
2121,What is the university that employed Penelope Schott an instance of?
2122,"Whose return to the company that lost a lawsuit vs. Microsoft and Hewlett-Packard, resulted in that company's reorganization?"
2123,How old do you have to be to buy a handgun in the birthplace of Christa Collins?
2124,What is the record label for the performer who played the guitar solo on While My Guitar Gently Weeps?
2125,What political party does the creator of Freedom from Fear belong to?
2126,In what part of R. Jay GaBany's birthplace does Interstate 26 begin?
2127,How old do you have to be to drink with a parent in the state where WHYB is located?
2128,Who are the two leaders of the opposition in the Canadian province having Southdale?
2129,Where is the Mausoleum of Centcelles located?
2130,What is the highest elevation in the country where the Yongle Emperor sent Yang Sanbao?
2131,Who is a cast member in the show Nick Page is in?
2132,Where is the rainforest located in the island that is a US territory?
2133,When did Liu Jia's birth place fall?
2134,What county shares a border with the county where Wayne Township is located?
2135,"Garfield Peak, in the state where Harry Endo was born, is part of what mountain range?"
2136,How long do you study to be a vet in the the African country mentioned first?
2137,"What college did the songwriter of ""After Hours"" go to?"
2138,How many households were there in the town WPUR is licensed in during the 2010 US Census?
2139,Of what county is the city where Lefty Stewart died the capital of?
2140,where do the large A380 go after Auguste Bonheur's birthplace?
2141,What was the country of citizenship of Alexis Chiclana before it was a commonwealth?
2142,What shares a border with the county that contains Metamora Township?
2143,Who played Aunt Bea on the show named after the person who was featured in the film Onionhead?
2144,"What county shares a border with another county, where Sharon Township can be found?"
2145,When did trolley buses stop running in Catherine McKinnell's birthplace?
2146,"Who is the manufacturer of the 747 aircraft, with the name of the company whose downturn drastically affected Seattle's economy?"
2147,Which county is the place where Bonnie Hollingsworth died the seat of?
2148,What is the mosaic in the Church of Hosios David in the same city as the Cemetery Basilica called?
2149,What's the capital of the county where Fourth Crossing is located?
2150,Who is the child of the performer of You Can Call Me Al?
2151,Who is the spouse of the person who called Hillhouse Avenue the most beautiful street in America in the 1840s?
2152,who was the brother of the actress from The Renunciation?
2153,Who is the sibling of Landing on Water's performer?
2154,When did the country that contains the commune of Lipovu join the Allies in WWII?
2155,What is the name of the airport in the place where Nguyen Thien Nga was born?
2156,"When did the relationship end between Carlos Leon and the performer who sang the hit single ""vogue?"""
2157,The performer of No Ordinary World sang Up Where We Belong with who?
2158,Interstate 26 begins in what part of the city where Richard Hutson died?
2159,Whose is the position that the person symbolized by the lamb in the Bible is the son of God?
2160,What is the new island forming in the place of death of Caroline Haskins Gurrey?
2161,When did iPhone 6 from the developer of iTunes come out?
2162,What forest is by the southern border of Robert Glinski's birthplace?
2163,Who is the current Chief Justice of the country Muteesa I is from?
2164,Where is the Golden Boy located in the province the Rural Municipality of Ethelbert is located?
2165,What company owns the 100+ station group that includes the network Hyperion Bay is part of?
2166,Who was the leader of the city where Can Dündar was born?
2167,Who is the song We Belong Together about by the composer of Oh Santa!?
2168,When was The Entombment creator born?
2169,How many people visit the mountain range which had different living conditions on either side of it during the Middle Ages?
2170,What is the capital of the county where the community of Sherman Acres is found?
2171,What church has a diocese in the town with radio station CBZF-FM?
2172,Who employs the person who wrote the book Animal Liberation?
2173,What is the currency of the semi-autonomous Chinese city where Hearts of Fencing was released?
2174,"The mosaic in the church, in the city where Panagiotis Pikilidis was born, is known as what?"
2175,Who is the mother of the performer of Baby Don't You Do It?
2176,What shares a border with Rivière-Verte in the province Tidnish River is located?
2177,What forest is by the southern border of the city where Jan Białostocki died?
2178,Who is current prime minister of the country where Haddersfield is located?
2179,What was Anwar Miandad's birthplace the capitol of?
2180,What is the unit of currency of the part of the United Kingdom that contains the birth city of Peter McDonald?
2181,In American schools are students taught the language spoken in the island chain where siboglinid tube worms were found near?
2182,What are the roles of Muslims across the country Flora Steiger-Crawford was born in?
2183,Who was the last republican mayor in the US city having The Muse's composer and the Eagles becoming associated with the adult contemporary format in the period?
2184,What did the soviet union and the country the Pendulum performer was a citizen of sign in 1939?
2185,What weekly publication in Kevin Colley's birthplace is issued by Harvard's most intense rival?
2186,What theater sits on the campus of the educational institution that is the largest employer in the birthplace of Sonny Berman?
2187,Who produced the Crocodile Dundee film set in the city where the headquarters of the company owning Jim Henson Pictures is located?
2188,"Where is the country where Prince of Thieves, whose titular character John is depicted alongside, was made located on the map?"
2189,Who explored the mainland of the continent on which the river that the Tebicuary River is a tributary of is located?
2190,Who was in charge of the country where the performer of the Alice Polka in honor of Princess Alice was a citizen?
2191,"Who is the General Treasurer of Providence Plantations, and the state that was founded by the individual, who started the first Baptist group in what is now the United States?"
2192,When did the continent where the largest country also hosted the football tournament take form that it has today?
2193,What military strength could Denmark send to the country that approved of the name of the planet where the Small Dark Spot is found in war?
2194,The film named after the claim to be the last king of the country where Chopin was invited by the payer of his funeral is based on who?
2195,1994 Tour of the country whose official name is sometimes known as the country having Boesingheliede is a type of what?
2196,Who performed the album which was recorded at the network that employs the actor who played sherlock holmes brother in game of shadows?
2197,What body of water is near the island that the country that produces Montreal Pop Concerts and Denmark fought over?
2198,How much of the continent on which the region that shares a border with Champagne-Ardenne is located is covered by the Alps?
2199,What is the citizenship country of the actor who plays the president of the LDS church?
2200,"What's the birthplace of the 2018 Super Bowl halftime performer, who released a live album recorded in the nation, whose name appeared on the masthead of The Times in 2012?"
2201,When was Way Down by the performer of Live in Corey Harrison's birthplace released?
2202,When was way down by the performer living in the birth city of D'manti released?
2203,What was the pantheon in the city serving as the center of imperial life in the early fifth century in the empire whose government inspired the Carolingian empire used for?
2204,"Who breaks a tie in the body that was given authority to choose the president in 1824 by the document that did not include the phrase ""Wall of separation""?"
2205,In which country is the Episcopal Diocese of the state founded as a colony by the founder of the first Baptist group in what is now the U.S.?
2206,"What is the main international airport in the city where John III, of the country where Hosk grew up, died?"
2207,What is the nickname of the state where John Kerry's VP pick was a senator?
2208,Which country does the president of the country Luftwaffe's leader aligned Germany with represent?
2209,"How many people from the country who sent WWII deserters families to concentration camps, live in the country where the 1989 Copa América was held?"
2210,When did the state where the Tree International Publishing is located officially vote to secede?
2211,Who met in peace talks with the country where the cast member of The Feature is a citizen of at Geneva?
2212,When was the prime minister first mentioned in a government document in the country with a team that uses the 25 North Colonnade?
2213,When did the birth country of the describer of the water cycle of evaporation become permanent member of un?
2214,Which portion of the Nile runs from the country they migrated from to the country where Abyei District exists?
2215,Who claims a homeland that spans Turkey and the countries with the cities of Shiraz and Assur?
2216,What job did the creator of the sculpture of the figure the name Jean-Baptiste comes from have?
2217,How long was the flight from the city where the Guilty as Charged performer was formed to New York on Concorde?
2218,Which portion of the Nile runs from the country where they migrated from to the country where Sudatel is based?
2219,Who was to blame for the great fire in the city where the person who ejected the Benedictines again in 1559 was born?
2220,Who established the first committee of correspondence in 1772 in the capital of the state where Wellesley College is located and why?
2221,What incorrect term for the indigenous population was started by the first explorer to find new land west of Africa and the continent containing Issy-les-Moulineaux?
2222,What country is in the middle of the body of water where Savave is located?
2223,What major department store operates in the city where the creator of Unfolding died?
2224,The art period in which linear perspective was perfected began in which area of the continent Jacobinism affected?
2225,What prompted the complaint from the pioneer in artificial satellites to the legislator of United Nations Security Council Resolution 731?
2226,What is the average percentage for people claiming job seeker's allowance in the country where IK Tellus's sport originated?
2227,What is the main international airport in the birthplace of the Hogre mark performer?
2228,What's the highest area of land in the area that includes the place where Philipsburg locates?
2229,Who started the Bethel branch of the religion founded by the black community in the city Tastykake's headquarters are located?
2230,When did muslim armies invade the country with Al-Sarkha and the one for Kleicha?
2231,"What country has the neighborhood of Redstone, in the birthplace of the director of Men with Brooms?"
2232,What is the least popular language of the country that is separated by the Rhine river from the country where the Detlef Bothe scenes were shot in the film Spectre?
2233,"What is the capital of the county where Arcadia, in the sate WJPR is located, is part of?"
2234,"What county, shares a border with another county, that borders a third county, where Liberty Township is found?"
2235,What was the position of the person who negotiated a treaty in 1795 with the country where Observer Corps is based?
2236,when does the 115th session of the governing body that has power to remove a justice from the court of criminal appeals end?
2237,"What's the term of an official in the institute that chose the president in 1824 under the entity where you cannot find the phrase ""Wall of separation"" according to Stewary?"
2238,How many people whose name new students were once called by others live in the country that produces the most coffee in the world?
2239,What is the position of the minister to the country from which the 13 colonies declared independence who negotiated a treaty in 1795?
2240,In which area of the continent of Segrate did the period during which methods originated through which children were taught to memorize facts begin?
2241,What weekly publication in the city where Toby Edward Rosenthal was born is issued by Kerry's university?
2242,When did the Industrial Revolution end in the country the duke of York came back to?
2243,What is the country in the middle of the ocean next to the county that the community of Glenwood is located in?
2244,When was the US state having the American Idol contestant performing a Fuel song on this season added to the union?
2245,When did the country the leader of the Luftwaffe aligned Germany with surrender to the Allies in WWII?
2246,What the average percentage for people claiming job seeker's allowance in the country of citizenship of the author of Doctrine and Discipline of Divorce?
2247,Which organ of the group with a member country containing Sheker suspended operations from 1994 onward?
2248,"What is the corporation tax rate in the country that, along with the nation that produces most of its own oil, recognized Gaddafi's government at an early date?"
2249,How many Smithsonian museums are there in the state where the president worked at the time when Apollo 11 landed?
2250,What is the Jewish population of the city the director of Robert Wilson and the Civil Wars died?
2251,How many states in the continent of Arumbakkam are recognized by the organization that mediated the truce ending the Iran-Iraq War?
2252,Where is the Army Navy game played in the city where the performer of Down in the Valley was born?
2253,"When did Germany form an alliance with the country the Allies attacked, after their victory in the region that the WINEP bundles the countries of Northwest Africa under?"
2254,Who was the first European in American to see the ocean that provides warm moist air over the Andes in the country containing Corzuela?
2255,What percentage of the world's uranium oxide is produced by the country beside Britain that claims the country that Elephant Jason Island is a part of?
2256,"Where did the torch relay begin in the birthplace of the creator of Shaken, not stirred for the 2008 Olympics?"
2257,What did the largest employer in the birthplace of Sonny Berman do about the Title IX complaint?
2258,What is the Jewish population of the city that holds the corporate offices of the studio that distributed Change of Habit?
2259,When did the organization that ruled the nation that owned Louisiana before the US begin?
2260,What was the unemployment rate in 2014 in the country where Fränzi Aufdenblatten's birthplace and Wengen are located?
2261,Who has been designated as the first emperor of the place where the creator of Annunciation of Cortona died?
2262,What was the use of the pantheon in the place where the person who declared that decrees are not severe died?
2263,"Who fathered Helena Sverkersdotter, of the country where the founder of Air Greenland is located?"
2264,"In 1939, what pact was signed between the Soviet Union and the country of citizenship of the performer of Orchestra?"
2265,What fraction of the governing body with the power to remove a justice from the court of criminal appeals must approve an amendment?
2266,"Who was the mother of the leader under which the empire that had Aelia Eudocia as a citizen, reached its greatest extent?"
2267,When was the wheel first used in the country where the basis of Ever After takes place?
2268,How many people live in the area of the city where an actor from the film The Clash of the Wolves lived when he died?
2269,What country has a Polish embassy and is the birthplace of the screenwriter for We Want the Colonels?
2270,Who was the first European in America to see the source of the warm moist air mass over the Andes in the country Choripan comes from?
2271,What is the population of the area of the birthplace of the author of Shakespeare: The World as Stage?
2272,"The town sharing border with the Italian municipality adjacent to Grado, Friuli-Venezia Giulia is a type of what?"
2273,What war did the Interstellar Pig's author's country of citizenship lose the most soldiers?
2274,What fraction of the population of the state where the most successful artist of that season of American Idol is from was enslaved in 1860?
2275,How many people who started the great migration of the Slavs live in the country of Cilada.com?
2276,In what region of the country is the state where Henry Stites Barker was born?
2277,Who was the oldest elected president of the country who owns the banks of the organisation responsible for the country's monetary policy?
2278,What is the body of water by the birthplace of Sandbar Sinister's author?
2279,When did the country that borders the country with the best internet in the world call an end to the armistice?
2280,"What is the business category of Crawford House, located in the same city as WODS and the same state as Wellesley College in Mona Lisa Smile?"
2281,"Based on population, what is the ranking of the city WOKV is located in the country that won the battle?"
2282,Where did the Nets play in the state in which Ellis Island is considered to be located along with the state where the writer died?
2283,Where does the Columbia River meet the source of the warm moist air mass over the Andes in the country Valientes is from?
2284,"Which country hosted the 1920 Summer Olympics, where the country containing Roma metro station took part?"
2285,"How many bullets were shot in the birthplace of ""If It Wasn't True's"" performer?"
2286,What is the country of citizenship of the father of the performer of You and I?
2287,Antonio Medellín Varela is a politician in a country with Gila monsters. What state are they found in?
2288,Which county shares border with another county adjacent to the county having Hickory Corners?
2289,What is the alma mater of the owner of the golden spike in the city where Absinthe is located?
2290,What is the economy of the city where the performer of Birdbrain was formed?
2291,What portion of households in the city located in the same county James Glisson was born have only one person?
2292,Which city is in the county in which Michael Porter was born?
2293,How long did the network that originally aired the series with an episode called 97 seconds dominate the 18-49 demographics of the Nielsen ratings?
2294,How many theater companies are in residence in the city where Askville's owner is headquartered?
2295,What is the rate of interreligious marriage in the country that shares a border with the state where finding dory takes place?
2296,What country is the location of the chechen republic of the country where exhibits were held a part of?
2297,Who was the Premier of the country which had invaded its southern neighbor where Mapado was filmed?
2298,Which national park in Tennessee sees more visitors that any other in the country where Ben Rich's employer developed the MQM-105 Aquila?
2299,What is the country of citizenship of the person who is part of the band that performed Guardians of the Flame?
2300,Who was the president of the country where Eckelson Township is located when the city Little Boy was detonated was bombed?
2301,"Who is the child of Maria Leopoldina, of the country that is, along with Germany and the country for Moonraisers, one of the places that Lake Constance is located?"
2302,Where does Plymouth's population rank among the cities in the country where the London museum in Trafalgar Square is located?
2303,How long in development was the game set in the birth city of the artist behind A Night at the Vanguard?
2304,In 2017 who led the country where the manufacturer of the Triumph Roadster is located?
2305,The Achaemenid Empire expanded into what part of the continent where Nguyen Van Nghi was born?
2306,"What is the population of Siloam Springs, located in the state that also contains the county where Leslie is found?"
2307,Where did the pizza style in the birthplace of the guy from the primitive technology videos originate from?
2308,Who is the child of the last president to be impeached from the country where the Chinese takeout box was invented?
2309,Which organ of the organization that the US and the country that invented the first satellite are member in suspended its operation in 1994?
2310,"Who is the new president of the country that provided the most legal immigrants in 2013, of all countries on the continent where most of lithium comes from?"
2311,How many Jews live on the continent containing the region that shares a border with Champagne-Ardenne?
2312,Who was the spouse of the president of the russian republic at the time of the disintegration of the political entity that denied having anything more than an advisory role in the Korean War?
2313,What is the portion of the Nile from the country they migrate to the country where University of Khartoum is located called?
2314,What is the average construction salary in the country that has the regulatory authority that operates out of 25 North Colonnade?
2315,When did the country that was invaded by the country where Mapado originated conduct its first nuclear test?
2316,Which body of water is by the city where The Cut Direct's author was born?
2317,What country is the singer of the band that performed Noble Savage from?
2318,A Scandinavian country that won a gold medal in women's curling has inhabitants from a Middle East country in which what varies across the Jewish population?
2319,What is the acronym for the statewide criminal investigation agency whose capitol is in the city where Tree International Publishing was located?
2320,What is the highest ranking court in the country of citizenship for the singer of Love Must Be Tough?
2321,"Why did the country that developed the Transformator in 1958, complain the U.S. during the Korean War, to the organization that legislated United Nations Security Council Resolution 731?"
2322,What weekly publication in the birthplace of Thayer Scudder is issued by the school where Kerry went to college?
2323,"What county is Millbrook, in the state where the Diocese of Charlotte of the religious student organization he was part of, located?"
2324,"When did the 115th session end, of the assembly that oversees the commission, that issued the 1958 report on the effect of antibiotic development on American public health?"
2325,Which explorer accurately mapped the coasts of the center of the Enlightenment and the region under which WINEP bundles the countries of northwest Africa?
2326,"The period of history when the anatomical studies of nerves increased greatly, began in which area of the continent that was affected by Jacobinism?"
2327,Who was the father of the man who performed on the concert album The Wall recorded in the city where uranium was discovered?
2328,"What country is the Embassy of Poland, in the city where the father of Gioffre Borgia died, located?"
2329,What is the least popular official language of where the villages of Wengen and the place of birth of Otto Furrer are located?
2330,What was the position held by the last president to be impeached of the country having Beverly?
2331,Most skyscrapers in the birthplace of the director of The Day of the Locust are located where?
2332,"In what area did the period of history, in which linear perspective was perfected, begin on the continent which contains the ridge known as the Gornergrat?"
2333,What industrial plant did Nasser spearhead that was a boon economy of the country where the earliest variant of the fairy tale that inspired Ever After was set?
2334,"Who claimed a homeland in parts of Turkey, the nation Shiraz is in, and the nation where Mudaysis is located?"
2335,"By 2040, how many more people are expected to live in the city where the performer of In Hiding is from?"
2336,Where does the Columbia River meet the body of water that Lafanga is located in?
2337,Where do you find the gila monsters in the country Gustavo Macías Zambrano's party represents?
2338,Who dropped out of the Wassily Chair creator's employer and became the person many refer to as the founder of public relations?
2339,When did Muslim armies invade the country where Al-Ghassaniyah is located and the country where kleicha is made?
2340,When did Swedish become the official language of the country having Embassy of France in the death city of Ernst Trygger?
2341,What do non-Christians think about the death of the figure represented by a lamb in the Bible?
2342,"Based on population alone, what is the ranking of the birthplace of Walter Parks in the country which won the battle?"
2343,When did the state Miss World 2017 comes from in the country where Aashish Khan is a citizen receive full statehood?
2344,"What country contains Upland, West Virginia, located in the county that shares a border with the other county, where the community of Pineola is found?"
2345,"Where are the headquarters of the airline that owns the Roosevelt Hotel, in the city where Sunbow Entertainment is headquartered?"
2346,Who fathered Helena Sverkersdotter of the nation that released the artists who sang love me love me say that you love me?
2347,What term refers to an institution like a German Fachhochschule in the country where Dutch is spoken and the country where the city of Warnant-Dreye is located?
2348,In what part of the largest river located in the city that the English called New Amsterdam after its capture did the plane crash?
2349,"In 2017, who is the president of Aung San Oo's sibling's employer?"
2350,How many stars are on the flag of the country that owns the institution responsible for monetary policy in the U.S.?
2351,"In what country can you find Logan, in the county that borders Barry County, in the state where KIRX is located?"
2352,What followed the reign of the monarch who re-translated Reflections into French in the country of Kameradschaft?
2353,Who was the first Prime Minister of the birthplace of the director of Rule No. 1?
2354,When does it start to snow in the city where the person whose name was used to rename a city in 1996 lived?
2355,When was the person depicted on the back of the bicentennial quarter made general of Ebenezer Learned's military branch?
2356,Who is the producer of Crocodile Dundee in the birthplace of the director of Rita Hayworth: The Love Goddess?
2357,What was the country of citizenship of the child of the man who gave the Red Wings their name?
2358,"Who is the father of Victoria, Crown Princess of the country releasing the performer of Best Of?"
2359,Which country is in the middle of the ocean to which the county where Lowell can be found is adjacent?
2360,When is the modern period dated in the country the Duke of York came back to?
2361,Who plays the US president presiding over the legislature authorized to create an army under the US constitution at the signing of the declaration of independence in sons of liberty?
2362,"What is the geographical feature that includes Mount Henry, in the state where Gibson Dam is located, a part of?"
2363,What is the country of citizenship for the father of the River Song performer?
2364,How close is Wrigley Field to where the city that has played the most outdoor NHL games get its drinking from?
2365,"In what country is Midway, from the same county as Floyd and the same state as KAGH-FM?"
2366,Are these other languages learned in the country Eisenhower was president of as popular as the language spoken by the owners of the oldest navy in the world?
2367,When did the novel emerge as a distinct form of literature in the continent on which the region sharing a border with Champagne-Ardenne is located?
2368,What happened when the ruler of the nation where Parfino can be found was removed from power?
2369,How much was pledged by the country of citizenship of the person who voiced Sally in Cars?
2370,When does the governor take over of the state that Ellis Island is considered part of other than the one the writer died in?
2371,"What famous soccer stadium is in the city where filming took place for Spectre, after filming in the city where Gronchi died?"
2372,There is a country in WW2 that the Allies invaded after securing the area of Northwest Africa which WINEP bundles together under one category. When did that country join the Allies?
2373,How many people from the ethnicity comprising the most immigrants at the start of the 20th century live in the country where Cilada.com is based?
2374,What was done to control the population of the country of the philosopher who accurately described evaporation?
2375,"Based on population alone, what is the ranking of the city where Camp Lejeune is located in the country that won the battle?"
2376,In what country is Clapton Square located?
2377,What is the population of the city where the cast member of The Adventures of Rex and Rinty lived when he died?
2378,What percentage of the world uranium oxide production is produced by the country other than Britain that claims the territory where Mt. Low is located?
2379,What areas of the continent where the river that serves as drainage for the southwest plain of the Congo is located were involved in colonization?
2380,What is the main international airport in the death city of John III of the country having The Other Sport ?
2381,Who is the prime minister of defence in the country of citizenship of the author of The Apple Cart?
2382,"Who was the father of the bass player and vocalist who featured in the live performance of The Wall, recorded in the city where Ralf Reichenbach died?"
2383,How long did the cast of Jersey Shore stay in the country Luftwaffe's leader aligned Germany with?
2384,When was the first president election in the country that developed the MQM-105 Aquila by Ben Rich's employer?
2385,In which county is the city where Northtown's singer was born?
2386,What is the gay pride parade called in the city where the performer of Brother was formed?
2387,What is the main international airport in birth place of the director of The Girl Who Kicked the Hornets' Nest?
2388,Which county shares a border with the county bordering the county where New Richmond is located?
2389,Do non-Christians agree that the cause of death of the person who said man cannot live by bread alone happened?
2390,When did the first indentured servants came to the country of citizenship of the author of The Everglades: River of Grass?
2391,What is the capital of the county where Walnut Grove is located and shares the same state as Waseca County?
2392,what is the most landlocked place in the country where the author of Milton's divorce tracts is a citizen?
2393,How many Smithsonian Museums exist in the city where the Deuces Wild performer died?
2394,By which century had the birth city of the director of The Tale of Sweeney Todd started becoming a prominent capital city?
2395,What insurance company is located in the downtown section of the city where the author of The Marriage Plot was born?
2396,What weekly publication in Andy Bloch's birthplace is issued by Harvard's most intense rival?
2397,"Blessed John of the capital city of the country where the exhibit was held, the Fool-for-Christ was born where?"
2398,What mountainous region contains a range of mountains which features Norris Mountain which is also located in the state where Kintla Peak is located?
2399,What is the capital of the county having Lone Hickory in the birth state of Barbara Stager?
2400,What happened when the ruler of the partner in the Treaty of Kyakhta was removed from power?
2401,Where did the plane crash in the largest river in the state that lies to the east of Lake Ontario?
2402,What is the incorrect term for the indigenous population originated with the first explorer to discover new land west of the continent Friesland is located and Africa?
2403,How long was the game become human that's set up in the place of birth of A Generation Ago Today's performer in development for?
2404,What is Kang seeking to use against the country the headquarters of the organization the Jehovah Witnesses think is going to destroy them is located?
2405,What genre of music is published by the record label that Always Like This' performer belongs to?
2406,The Roosevelt Hotel sharing a city with the United Nations is owned by an organization based where?
2407,When was the state where the winner of the South Carolina primary was a senator added to the Union?
2408,When did the state where A City Decides takes place become an open carry state?
2409,What is the population of the city the performer of Conversations was born in?
2410,Who operates the Chinese Consulate-General in the city where the performer of Mighty Joe Moon was formed?
2411,"What country is Logan, in the county that shares a border with Barry County of the state Best of the Badmen takes place, located in?"
2412,Where are the headquarters of the organization that owns the Roosevelt Hotel in the city where Otto Binder died?
2413,What term means an institution like a German Fachhochschule in the country where Meerbeke is located and the country where Dutch is spoken?
2414,In which country did Crown Prince Friedrich Ludwig die?
2415,"What was the 2006 percentage of non-indigenous people in the country that aired the Spectacle TV program, named after and starring the performer of North?"
2416,What is the usual average snowfall in the city where the performers of Brother were formed?
2417,Who was last to be hanged in the country where Judith Hearne is located?
2418,Who is the child of Leopoldina of the country Martin Aigner is educated?
2419,"What is the main international airport in the city where John III, former ruler of the country where Floda is located, died?"
2420,What did the Magna Carta do for the government of the country of Albert Cox's birthplace?
2421,the mediterranean zone is located in which two areas of the continent where legend of the lost was filmed?
2422,When did the novel emerge as a distinct literary form in the continent where the performer of Electric participated on the first leg of Queen's mid 2000s tour?
2423,Who is the child of the person who ruled Qiu Shihua's country of citizenship during the Tianamen Square protests of 1989?
2424,Which district contains Qaleh Now-e Khaleseh in the capital of the country having Kamareh District?
2425,"When was Way Down released, by the musician known for a live album recorded at the headquarters location for R&R Partners?"
2426,How close is Wrigley Field to the lake where the city where Ralph Helfer was born gets its drinking water from?
2427,In WW2 when did Germany invade the country that contains the cape where Gabriel Auguste Ferdinand Ducuing died?
2428,"In 2009, what was the population of whites in the city where the author of The Marriage Plot was born?"
2429,When did the empire that conquered the country where this experiment takes place in AD 43 end and start?
2430,Where did the torch relay begin in the birthplace of the Goldfinger's author for the 2008 Olympics?
2431,What body of water is near the island that the country that broadcasts CTV Morning Live and Denmark fought over?
2432,What's the distance to Wrigley Field from the lake that the city where Lalah Hathaway was born gets its drinking water from?
2433,What is the country of citizenship for the spouse of the person who directed Adam's Apple?
2434,"Crawford House, in the same city where Jim Dow was born and the same state as Wellesley College in Mona Lisa Smile, is an instance of what?"
2435,Mangalyaan from the country which was Goa was sent to where Elysium Mons was found by launching?
2436,"What percent were born outside of the country that is bordered by the Rhine, aside from the country where they shot scenes with Detlef Bothe?"
2437,Where in the country Martín Ramírez Pech's political party represents would you find Gila monsters?
2438,Who founded the famous chain of music-themed restaurant that opened its first establishment in the city where A Tale of Two Cities was published?
2439,Where did the period in history when anatomical studies of nerves greatly increase begin in the continent of Segrate?
2440,When was the bombing of the place where the country that the first electric washing machine was invented started fighting in ww2?
2441,What did Thuringian miners do to help the country where the man responsible for the actions of the KPA held citizenship?
2442,When did the country where the organization that uses the Universal Declaration of Human Rights is headquartered declare its independence from England?
2443,How many people with ancestry from the country that sent deserters families to concentration camps live in the country where most coffee comes from?
2444,What is the country of citizenship of the child of the screenwriter of Mumford?
2445,Crawford House in the city where Ribs formed in the state where Wellesley College is located is an instance of what?
2446,How many bullets where shot in the place of birth of Northtown's performer?
2447,What are the biggest terrorist attacks by the Islamic terrorist group Bush said began the war on terror against the country Castle Island is located in?
2448,How many Jews live in the country where Canto de amor's screenwriter is a citizen?
2449,When did Alanders rejoin the country from which the Live and Learn performer originated?
2450,What is the country the Allies went to after leaving the region under which WINEP bundles the countries of northwest Africa an instance of?
2451,Who is the chief of police of the city where the performer of Roman Candle died?
2452,How many people live in the area where the cast member of On The Border died?
2453,What is the largest lake in the country where the institution that was meant to bring stability is located?
2454,What term is used refer to an institution like a German Fachhochschule in the country with the .be internet domain and the country where people speak Dutch?
2455,How long did the Great Irish Famine cause a population decline in the country of the singer of the album Live at the Point?
2456,Who ruled the country known for the people who attempted large-scale efforts at translation and Muslims who live there before it was conquered by Muslims?
2457,Where did the pope whose teaching the author of Romano Pontifici Eligendo continued to propagate die?
2458,the Margraviate of the country the university that employs Gustav Herglotz and has a botanical garden is an instance of what?
2459,Who is the current prime minister of the neighboring country of the country with the best internet in the world?
2460,"Which portion of the Nile runs from the country that provided Israel with most of its recent black immigrants, to the country with the town of Al-Fulah?"
2461,"What percentage of the country where The Afghan Alphabet originated, is made up of the people whose language most resembles Armenian?"
2462,"What genre is the record label of the performer of So Long, See You Tomorrow associated with?"
2463,"When was the Circus Maximus built, in the city where the Pope who fathered Gioffre Borgia died?"
2464,Who was married to the man who was president of the Russian Republic at the time when the country who built the first satellite to orbit the Earth disintegrated?
2465,Who led a successful Marxist revolution in the country that invaded and tried to take over the country with the best internet in the world?
2466,Where does the Columbia river meet the ocean that contains the atoll where a deep water berth is available on Tuvalu?
2467,Why is the state where Valerie Eliot's spouse lived known as the Show Me state?
2468,What is the seat of the county in which Lone Hickory is located in the state where Norma Rae takes place?
2469,"In 2012, how many immigrants were in Paris who came from the continent where the first leg of Queen's mid 2000s tour with the performer of Electric occurred?"
2470,When was Bantu education introduced in the country Steven Blankaart was born in?
2471,Who explored the mainland of the continent home to the 2002 World Cup winner?
2472,Where does the Merrimack River start in the state where Washington University in the city that hosted the 1904 Summer Olympics is located?
2473,When was the first tube station opened in the city where the punk band that performed Here We Stand was formed?
2474,In which part of the country where the Hercules the Archer sculptor was a citizen did the German coalition invade first?
2475,"When was the Stone of Destiny returned to the country where the same individual who invited Chopin there, also gave him a loan for an apartment?"
2476,"For the 2008 Olympics, where did the torch relay begin in the city where the creator of Shaken, not stirred, was born?"
2477,Who was the favorite wife of the the leader who defeated the last Song emperor of Liang Ji's country?
2478,"What is the genre of the band with name starting with ""Out of the"" and ending with the name of the mascot of the US state having Passage Island Light?"
2479,Who is the country where Kjell Kristian Rike birthplace is located named after?
2480,When did hurricane sandy hit the Ursula performer's birthplace?
2481,What country is the birthplace of Barbara Schock-Werner part of?
2482,Who started the Bethel church in the religion the black community founded in the city where Sandy Eisenberg Sasso was born?
2483,What position did the republican candidate running for governor in the state Passage Island Light is located hold?
2484,What county shares a border with the county where Frank Kane died?
2485,When did operation begin of the first tube station in the birthplace of the monarch who ejected the Benedictines in 1559?
2486,What judicial appointment was given to the man who negotiated a treaty in 1795 with the country that Hitler insisted should accept the annexation of Poland?
2487,"When did the country that neighbors the nation where Mapado was filmed, call an end to the 1953 armistice?"
2488,In which country is the county of West Virginia in which Alta can be found which shares a border with the county where Fenwick is located?
2489,"What state includes the district of Kattalai, in the country where the birthplace of Sooni Taraporevala is located?"
2490,What is the population in 2014 of the home city of Telephone's performer?
2491,Where does the electricity come from in the large city in southeastern of the US state having Humboldt Range?
2492,What is the specialized agency that serves as the public health division of the organization that the country who the US beat in the Miracle on Ice became important members of?
2493,The person defeating the last song emperor of the country having the most wind turbines in the world held what position?
2494,Which place is Gendarme in the city where performer of Where Flamingos Fly lives in?
2495,what was the largest mass uprising in the history of the country where Sigbert Josef Maria Ganser's birthplace is located?
2496,What is the genre of the record label of the band that performed Because We Can?
2497,"In what country can you find Logan within the county that shares a border with Barry County, in the state where Best of the Badmen is set?"
2498,When was the last time the birthplace of the So High performer had a hurricane?
2499,"How many people per 100,000 were murdered in the city bordering William Selden's county of birth in 1990?"
2500,Who was in charge of the country where the orchestrator of Chopiniana was a citizen?
2501,When was the person on the back of the bicentennial quarter appointed general of the army helped by the French in the American Revolution?
2502,How many people who name was once used to call new students by live in the country producing the most coffee in the world?
2503,When was the start of the organization that ruled the country with Western Europe's largest Jewish community during the reign of terror?
2504,Who was the first European in America to see the ocean where warm moist air mass over the Andes Mountains in the country Hernán Gumy is from originates?
2505,What is the unit of currency in the country where Andy White was born?
2506,When was the stone of destiny returned to the country where the performer of Velvet Donkey is a citizen?
2507,"What happened when the WWI ruler of the country that Sergey Kara-Murza was a citizen of, was removed from power?"
2508,What is the country of citizenship of the person who created the publisher of On the Internet: nobody knows you're a dog?
2509,George IV of the country that where the political party of Jim McGovern is found died where?
2510,What concert venue in the city where the creator of James Bond was born shares its first name with a famous football stadium?
2511,The creator of Unfolding died in a city with how many in the executive branch Senate?
2512,When does it start to snow in the largest metropolitan area by population of the country where AGT is from?
2513,The Margraviate of the country where the Botanical Garden of the alma mater of Alfred Nalepa is located is an instance of what type of territory?
2514,What country is the actor who plays the character who made the golden calf in the movie the Prince of Egypt a citizen of?
2515,What is the height of the tallest building in the city where the performer of Northtown was born?
2516,Who protested the involvement of Britain and the country containing the institution where Léon Diguet was educated in a war with Germany?
2517,"The movie ""Songs of My Motherland"" was made by members of the ethnic group protected by Asayiah. The movie is set... [SEE COMMENT SECTION] ...?"
2518,Where is the Army Navy game played in the city where Got to Get You Off My Mind's performer was born?
2519,"Who dropped out of the school that employed the writer of The Significance of the Frontier in American History, and became known by many as the founder of public relations?"
2520,How many square miles is the state that houses the alma mater of David Maister?
2521,When did Hurricane Sandy hit the city where the performer of First Encounter was born?
2522,When did Alanders rejoin the country where the Embassy of France is in Herman Lindqvist's birthplace?
2523,How many square miles is the state where Constantinos C. Markides's alma mater locates?
2524,What county is Millbrook in the death state of the governor during the Civil War located?
2525,"Redstone, in the birthplace of the star of Men with Brooms, is located in what country?"
2526,What weekly publication in Edward Deering Mansfield's birthplace is issued by John Kerry's alma mater?
2527,When did WW2 end in the country Il pranzo della domenica's director is from?
2528,Who was the first european in america to see where does the warm moist air mass over the andes mountains in the country that released Plumiferos come from?
2529,When was the first presidential election in the country where Air Express's manufacturer's MQM-105 Aquila was developed?
2530,How many Jews live in the place where the first leg of Queen's mid-2000s tour with the performer of Electric took place?
2531,what is the most popular sport in the country that provided the most legal immigrants in 2013 in the area where most of the world's lithium come from?
2532,What is the most landlocked place in the country where the author of Doctrine and Discipline of Divorce was a citizen?
2533,What is the largest lake in the country the Rhine forms a border with other than the one they shot scenes with Detlef Bothe?
2534,"Where was the owner of the Gold Spike, located in the large city in Southeastern Nevada, educated?"
2535,What is the approximate Romani population of the country that has the rapid transit system that Roma station is a part of?
2536,Fundamental rights in the country where the city of the place of birth of Flora Steiger-Crawford is located are guaranteed by it through?
2537,What is one genre of music that the record label that All About Lovin' You's performer belongs to releases?
2538,what is the most landlocked place in the country where the author of Judgement of Martin Bucer Concerning Divorce had citizenship?
2539,How much of the GDP of the country having the performer of This Time is oil?
2540,Who owns the imperial palace in the large city in the southeastern part of the state Humboldt Range is located?
2541,What is the genre of the Inside Out performer's record label?
2542,Who founded the chain of music-themed restaurants that first opened in the city where Just the Tattoo of Us was filmed?
2543,What is the body of water by the city where Intelligent Thought's author was born?
2544,When did hurricane Sandy his the city where The Dealer's performer was born?
2545,What was the position of the person who served as a minister to the country Orsini is from and who negotiated a treaty in 1795?
2546,What weekly publication in the place of birth of Andy Bloch is issued by the college Kerry went to?
2547,When was the first railway built in the country that the Duke of York came back to?
2548,Who is a cast member of NASCAR on the television network that originally aired the series the episode Knight Fall is part of?
2549,Who is the father of the Eleanor of the country where Eveline Adelheid von Maydell died?
2550,What is the capital of the county that Arcadia is located in the state Muscatatuck National Wildlife Refuge can be found?
2551,Who was sent to the country where Wengen and Otto Furrer's birthplace is located?
2552,In which county is Khosrowabad in the capitol of Siamak Koohnavard's birth country?
2553,Which explorer accurately mapped the coasts of the continent Schreckhorn is on and the region under which WINEP bundles the countries of northwest Africa?
2554,When did Muslim armies invade the countries known for the municipality of Al-Salihiyah and the creation of Kleicha?
2555,The Joan Lui director's birthplace is an important transportation node in which country?
2556,What is the country of citizenship of the founder of the company that owns Golf Magazine?
2557,What is the distance between the Shanghai and the place of death of Zhuo Lin's spouse by bullet train?
2558,What is the equivalent of the American body that appoints members of the public company accounting oversight board in the country Capita is located?
2559,The organization that offered possible solutions to the Arab-Israeli conflict that was supported by Nasser recognizes how many regions in the continent of Chelyabinsk?
2560,The ruler during the Tiananmen square protests of the country first to buy the Curtiss P-36 Hawk fathered what son?
2561,Who was designated the first Emperor of the city where the Pope who wrote Inter caetera died?
2562,Who was in charge of the country of citizenship of the author of Two Fates?
2563,"In World War I, what side was the country the institution that was meant to bring stability is located in on?"
2564,"Who released a live album, recorded at the place of employment, of the man who coined the term the theatre of absurd?"
2565,The organization North Korea is a member of recognizes how many regions in the continent Buddhism spread?
2566,Who accurately mapped the coasts of the continent first modern greenhouses were built and the region WINEP bundled the countries of Northwest Africa?
2567,Who was the wife of the last leader of the country that developed Transformator in 1958?
2568,What county is part of the state that was founded by the first Baptist group in the United States?
2569,When was the person on the back of the bicentennial quarter appointed general of the military branch served in by Isaac Huger?
2570,"In which district is Qaleh Now-e Khaleseh, within the capital of the nation that contains Shiraz, located?"
2571,When was way down by the performer of Live in where Chip Reese's death place released?
2572,"Alta, West Virginia, whose county shares a border with the county that contains Poe, is in what country?"
2573,Where is the award received by the performer of Songs from The Screen from?
2574,When did the country where the allies went after they went to the region where screening was prevented join the allies in WW2?
2575,Where is the headquarters of the company that owns the Roosevelt Hotel in the state where Eternal Sunshine of the Spotless Mind was set?
2576,What is the third busiest airport in the country where Shi Na was born?
2577,What military branch did the president who purchased the state Yakataga Airport is located in serve?
2578,What is the largest football in the world called in the country that neighbors the country Deoksancheon is located?
2579,Who is the cast member of NASCAR on the original broadcaster of the drama having 97 Seconds?
2580,When did swedish become the official language of the country that contains the Embassy of France in the city where Christer Strömholm died?
2581,Who started the Mother Bethel Church dedicated to a religion founded by the black community in the city where Henry Benbridge died?
2582,When did the country that invaded the country Mapado originates call an end to the armstice?
2583,What is the average rainfall in the city where the performer of In Hiding was founded?
2584,In which county is the city where the author of Shakespeare: The World as Stage was born?
2585,"What county shares a border with another county, that in turn borders a third county, where the community of Fisher is located?"
2586,"What weekly publication, in the birthplace of Steven Segaloff, is issued by Harvard's most intense rival?"
2587,When did women get the vote in the country the organization who intervened with mediation for the governments is located?
2588,What percentage of world uranium oxide production is produced by the country besides Britain that also claims the country where Narrow Island is located?
2589,Who performs the album originating the live album Live in the city filming the prince and the showgirl?
2590,Who is the current mayor of the city in the county Montrose is located in?
2591,Who was the US general who led forces in the country that Blondi's owner aligned Germany with?
2592,Who created the borders of countries on the continent where Legend of the Lost was filmed?
2593,Where is Golden Boy in the province where WRBJ-FM is located?
2594,what is the body of water by the birthplace of the author of The Iron Crew?
2595,Who performs the album having the band's name performing Live in the city whose name was suffixed to The Times' masthead in 2012?
2596,"Nicholas I, Lord of the village Brink's country's king's birth region, died in which city?"
2597,when did the foreign group that conquered the country where the experiment took place around AD 43 began to fall?
2598,Where was the owner of the gold spike in the place of birth of Angel Porrino educated?
2599,"What was the Pantheon used for, in the city central to imperial life in the early fifth century, for the empire where the earliest examples of civil disobedience occurred?"
2600,Which explorer mapped the coasts of the continent Loire is in and the WINEP bundled countries of Northwest Africa?
2601,"What country is the Embassy of Poland, in the city where Facciamo paradiso's director was born, located?"
2602,"In WWII, when did America declare war on the country where Princess Sophie Antoinette of Brunswick-Wolfenbüttel died?"
2603,In what part of the country is the city where the performer of Preminado was born?
2604,What country is the transport in the birth city of the performer of Svalutation?
2605,How did the Japanese win the country to which control was expanded during the Manchu Dynasty by an Asian country home to many Muslims?
2606,What happened when the ruler of the country that retaliated for a surprise invasion during first world war was removed from power?
2607,"Where does the Great Wall end, in the country where the man who described the process of evaporation once lived?"
2608,On what day in 2017 did the chemical attack happen in the country known for its Muslims and people who attempted a large-scale effort at translation?
2609,Who dropped out of the university Funny Ha Ha's screenwriter attended and became the person people refer to as the founder of public relations?
2610,In which century did the country where the author of With the Century is a citizen invade Afghanistan?
2611,What mountains are the range that Mount Henry is part of in the state Yellowstone takes place a part of?
2612,What city is in the county that shares a border with the county in which Glenn is located?
2613,Who was president when statehood was awarded to the territory that contains the county where Center Township is located?
2614,"What is the capital of the county where Arcadia is located, in the state that contains Our Lady of Providence Junior-Senior High School?"
2615,What Albert Cox's birth state's average percentage for people claiming job seeker's allowance?
2616,What did Freedom from Fear's creator's employer name The Trusteeship of the Powerful?
2617,Do non-Christians agree that the cause of death of the religious leader saying those who live by the sword die by the sword happened?
2618,When did the country the Allies went after leaving the place where the screening was prevented surrender to the Allies in WWII?
2619,What is the country of citizenship of the American singer playing the character of the performer of The House of Atreus Act II?
2620,What is Kang seeking to use against the country where the 3rd astronaut of the Apollo 11 mission is from?
2621,Which body of water is by the author of The Hollow Chest's birthplace?
2622,"Where is the Army-Navy game played, in the birthplace of the lyricist who wrote Everybody Needs Somebody to Love?"
2623,When was the circus maximus built in the city being the center of imperial life in the early fifth century in the government inspiring the Carolingian Empire?
2624,Paper as we know it would not have been available in the continent where the mouth of Tikhaya Sosna exists until when?
2625,Who was the president of the U.S. immediately following the conflict in which the 55th Infantry Division from the district where North Meols is located participated?
2626,What the genre of the record label of the performer of Always?
2627,What is the county where Lone Hickory is located in the state the Lucas Mansion can be found named after?
2628,Who wrote the preamble to the constitution of the country who owns the banks of the issuer of dollar banknotes
2629,What was mr. smith's first name in the film in which he goes to the work location of the candidate endorsed by Eisenhower in 1960?
2630,When does it start to snow in the city where the person after whom Korolyov was named resided?
2631,Where did George IV of the country the company Virgin Galactic is part of is from die?
2632,What is the largest annual event held in the birthplace of the performer of The Birds and the Bees?
2633,What strategy could have worked against the empire that the country which doesn't use filtering software gained independence from?
2634,Who was married to the Russian Republic's president during the disintegration of the inventors of the world's first satellite?
2635,When did the torch visit the city where the regional office of the World Bank in the country with a constitution?
2636,When did the current central bank of the country Peterson is a top authority of a subject in start quantitative easing?
2637,"What is the country of citizenship of the artist who sings with the performer of ""Song for Adam"" on the song ""Stay""?"
2638,When did the state that is represented by a senator who was also a candidate who won a South Carolina primary become a part of the United States?
2639,In which country is the representative of the country Hummock Island is part of located in the city where the first Pan-African conference was held?
2640,When was the first railway built in the country where Albert Cox was born?
2641,How much land in the country of the person who could describe the process of evaporation is good for farming?
2642,When do we vote for governor in the country where Lubeck is located?
2643,When did muslim armies invade the country that includes Al-Sabboura and the country where Kleicha is the national cookie?
2644,Who started the Bethel branch of the religion the black community founded in the place John Haviland died?
2645,Who is the current mayor of the city located in the county were East Highland Park is?
2646,When did Hurricane Sandy hit the place where the performer of You and the Night and the Music was born?
2647,when did the continent where São Lourenço River is located take the form it has today?
2648,"Who claimed a homeland in parts of turkey, as well as the nation where Shiras is, and the country where Al-Mada'in is found?"
2649,Saving Private Ryan's Captain Miller's actor played a character in The Terminal stuck in a city with a state thruway built when?
2650,When are the Oakland Raiders moving to the large city located in the southeastern part of the state where the Humboldt range is?
2651,In what nation is the representative of the country containing River Island found in the city where the first pan African conference was held?
2652,Where did the spouse of the composer of String Quartet No. 2 die?
2653,In which county was the birthplace of the Smoke in tha City performer?
2654,Which country contains Conran in the residence state of the author of Little Gidding?
2655,Who are the democratic candidates running for governor in the state Hello Love's performer died?
2656,Which county borders the county where Cleon Turner was born?
2657,"Who produced the Crocodile Dundee film set in the city where the canine actor who was in The Lightning Warrior, died?"
2658,What county shares a border with the city where Charles Oakley's university is located?
2659,Who is the spouse of the person who defeated the last Song emperor of the country Zeng Jize lives?
2660,How many Publix stores are in the country where Ben Rich's employer produces the MQM-105 Aquila?
2661,How many non-Hispanic whites lived in The Mind's Eye's author's work location in 2012?
2662,what is the biggest terrorist attacks by the Islamic terrorist group that bush says the war on Terror began with against who won the battle?
2663,When does it start to snow in the city where the author of A Lord from Planet Earth works?
2664,When did women get the vote in the country where Otto Furrer was born?
2665,What is the country of citizenship of the person who plays the leader of Mormons who began the westward trek on Hell on Wheels?
2666,Who was the father of the musician who starred in the rendition of The Wall recorded in the city where Antonietta Dell'Era died?
2667,"According to the U.S. Census in 2010, what is the total population of the primitive technology video guy's birthplace?"
2668,Who performs the album using the name of the band performing Live in the city having Gloriana?
2669,"What county shares a border with another county, that contains the village where James F. Wade was born?"
2670,In what country is the capital city in the county having Union Township?
2671,What is the capital of the county that contains Arcadia in the state where WKOA is located?
2672,Margraviate of the country having Botanical Garden of the university attended by Hans Koller is an instance of what?
2673,Who was the president of the country where an oblast was broken up in 1943 in 1971?
2674,How much was pledged to the UNEP by The Everglades: River of Grass author's country of citizenship?
2675,Who was the spouse of the first president to identify as being from the same party as Mayor Turner?
2676,"In which country is Walnut Corner, in the county where Whitewater is located in the state True Grit takes place in?"
2677,Who was the child of Maria Leopoldina of the Hans Koller's university's botanical garden's country?
2678,What is the currency used in the country of citizenship of the performer of Never in a Million Years?
2679,Who fathered Helena Sverkersdotter of the country that released the performer of Best Of?
2680,What was the position of the minister to the country from which the term pop music comes who negotiated a treaty in 1795?
2681,when did the ruler during the Reign of Terror in the country Braille received a scholarship to start operation?
2682,Where is the headquarters of the company who owned the Roosevelt Hotel in the city the 12 in LP was released?
2683,What genre does the record label that the performer of Crush belongs to publish?
2684,How many of the people who sent families of deserters to concentration camps live in the country who won the 2002 World Cup in Japan?
2685,When did the state where Don Ebert's birthplace is located on the map become an open carry state?
2686,"What is the seat of the county where Walnut Grove, from the same state as Lima Mountain, is located?"
2687,What is the county where Lone Hickory in the state that provided the most soldiers for the confederate army named after?
2688,Where was the origin of the pizza style associated with the city that shares a border with the birthplace of Ulish Booker?
2689,When did Muslim armies invade the country where Al-Mastumah is located and the country where you can get kleicha?
2690,"How many states in the continent where Buddhism spread are recognized by the organization that offered possible solutions Arab-Israeli conflict, which Nasser supported?"
2691,Kinkora in the US state containing Ellis Island together with the death state of Amalie Schoppe is located in what township?
2692,How close is wrigley field to the area where the city that Joseph Bohmann was from gets its drinking water?
2693,How many people by whose name new students were once called by other live in the country with most of the Amazon rainforest?
2694,"How many floors are there in the Palmer House, in the city where the performer of The Platinum Collection was born?"
2695,Are other languages learned in the country that told Gaddafi about a counter-coup in 1970 as popular as the language spoken by the oldest navy in the world?
2696,"What was the rule of the last person to live in Versaille, in the country where the Statue of Liberty was constructed, followed by?"
2697,When did Alanders rejoin the country Örebro SK plays for?
2698,In which country is the representative of the country where Ajax Bay is located is in the city where the first Pan-African conference was held?
2699,Which part of the Nile runs from the country they migrated from to the country where Guedera is located?
2700,What are the islands in the middle of the sea having an atoll consisting of Motuloa?
2701,"Who claimed a homeland in parts of Turkey, Iran, and the country whose invasion of Shuroq Amin's birth country resulted in U.S. military action?"
2702,How tall is the tallest building in the place the performer of If It Wasn't True was born?
2703,How many people are in the executive branch senate in the city where the creator of The Vegetative Sculpture died?
2704,How many square miles is the state where the college Clayton M. Christensen teaches at is located?
2705,On what field is the Army-Navy game played in the city where the artist associated with Everybody Needs Somebody to Love was born?
2706,From which country is the representative of the country where Westpoint Island is located in the place where the first Pan-African conference was held?
2707,Who is the current PM of the country whose invasion of the country where most expats are religious resulted in US military action?
2708,What is the country of citizenship of the child of Grand Canyon's producer?
2709,"How much yearly precipitation, in millimeters, is received by the American state that Tito visited when he saw the organization that employs Sinha Basnayake?"
2710,Who began exploration of the Atlantic coast of the continent Tekezé River is located?
2711,What position did the Republican candidate running for governor in the state with the most lighthouses in the US hold?
2712,What is the largest football stadium in the world in the country neighboring the country with the best internet in the world?
2713,What is the unit of currency in the country that has the After the Morning performer as one of its citizens?
2714,In what country is the county where Tyesha Mattis was born?
2715,Who won the mayoral race in the city where the corporate offices of the distributers of Change of Habit are located?
2716,What was the importance to the American Revolution of the battle named after the capital of the county where Princeton is also located?
2717,How many Jews live in the continent of the first leg of Queen's mid 2000s tour with the performer of Now and Live/
2718,Where was the creator of the paintings named for Saleh Al-Buraiki's birthplace born?
2719,When did the country that provided the most legal immigrants in 2013 out of all the countries in the continent raw stevia comes from change to US dollar?
2720,What are the biggest terrorist attacks by the group Bush said the war on terror begins with against the country using NIBRS?
2721,What did Macau and Chinese city of residence of Bishonen's director call the Korean War?
2722,What is the country for the birthplace of the author of At Home: A Short History of Private Life?
2723,What followed the first British settlers in the country where the first basketball game was played?
2724,When was the country that approved the first name of the astronomical location that has the Small Dark Spot occupied by german in ww2?
2725,What is the largest lake in the country where the villages of Wengen and Otto Furrer's birth place locate?
2726,"What is Crawford House, located in the same city as the bar from Cheers in the same state as Wellesley College in Mona Lisa Smile, an instance of?"
2727,Where does the child of the director of The Mackintosh Man hold citizenship?
2728,What followed the Twenty-sixth Dynasty of the country which was the setting for a version of the fairy tale which is the basis of the movie Ever After?
2729,"In what county is Millbrook, in the state where the candidate who won the South Carolina primary was a senator, located?"
2730,What was the highest temperature recorded in the birth place of Boss Life's performer?
2731,The period during which the mosaic fell out of fashion began in which area of the continent where Segrate is located?
2732,"In the year 2012, how many non-Hispanic whites lived in the city where The Man Who Mistook His Wife for a Hat author worked?"
2733,What followed the reign of the monarch who retranslated Reflections into French in the country the statue was constructed?
2734,What is the position held by the republican candidate running for governor in the state that contains M-106?
2735,Who will be the new president of the country that once controlled Noriega's country?
2736,"In 2018, when do we vote for the legislative body given authority under the US supreme law giving Congress limited power to enact statutes to choose the president in 1824?"
2737,Which city is located in the county sharing a border with Jacinto's county?
2738,When did the empire which the country where Marwan died became a colony of in the 1st century B.C. begin to fall?
2739,Which county shares a border with the county Elisha Reynolds Potter was born in?
2740,What rank does the Idlewild author's birthplace hold as far as being an economically powerful city in the world?
2741,The people that Xenophon said Armenian language sounded like make up what percentage of the country where Through the Olive Trees was set?
2742,"The 1999 Tour of the country sometimes known by the name of the nation where Boesingheliede is found, is an instance of what?"
2743,What military branch did the president who purchased the state where Season 3 of The Detour was filmed lead?
2744,When was Way Down released by the performer who lived in the city where the Pawn Stars narrative takes place?
2745,Which organ of the Freedom from Fear author's employer has suspended operations since 1994?
2746,What Columbia President went to the employer of the designer of Stillman House?
2747,"How many Jews live in the country which, besides Britain, claims the country where Mount Low is located?"
2748,What country is in the middle of the ocean adjacent to the county where Triangle Lake is located?
2749,How much was pledged by the country where the composer of Rock Lobster holds a citizenship?
2750,The era when the linear perspective was perfected began in which area of the continent Segrate is located?
2751,"How was mangalyaan, from the country where Goa was found, sent to the planet with Euripus Mons?"
2752,When did Germany invade the continent where the river serves as drainage for the southwest plain of the Congo located in WWII?
2753,Why did the country that russia was called after the Russian Revolution complain about the action of the US to the organization that excludes countries lacking strategic and hard power?
2754,In what period did Islamic armies conquer the country that is known for Muslims and its people who attempted a large-scale effort at translation?
2755,What republic is governed by the president of the country where the birthplace of Giovanni Buonconsiglio is located?
2756,In what part of the country where the author of Odayil Ninnu is from is Delhi located?
2757,When did the Vegetative Sculpture I's artist's city hold the Olympic Games?
2758,In which country is the representative of the country where Mount Sulivan is located in the city where the first Pan-African conference was held?
2759,When was the city where the governor during the Civil War died added to the union?
2760,"Who is the mother of Blanche of Navarre, the queen of a country that the creator of the Monument aux Morts de Montauban was a citizen of?"
2761,When does the school year start in the country that releases the band that sang love me love me say that you love me?
2762,When did the organization start that ruled during the reign of terror in the country in which the film Chanel Solitaire was set?
2763,What did the entity that serves as the largest employer in James Hillhouse's place of death do about the Title IX complaint?
2764,What Columbia President attended the school that was the employer of the person who wrote the significance of the frontier in american history?
2765,What mountain range is the range that Mount Henry in the state Lake Helena is located a part of?
2766,What percentage of the population of the country where Taft County is located is made of of the people whose language Armenia's resembles most?
2767,"Who was the mother of Blanche of Navarre, Queen of the country where the creator of Hercules the Archer holds citizenship?"
2768,What is the equivalent of the American agency that appoints members of the public company accounting oversight board in the country that declined to sign the Social charter?
2769,What part of the GDP of the country where the performer of Somebody's Leavin' lives is oil?
2770,Who is the child of the person who ruled the country from which very expensive wallpaper was imported during the Tiananmen Square protests of 1989?
2771,In what country is the representative of the country where Johnson's Harbour is located in the city where the first Pan-African conference was held?
2772,When did the country that colonized Manuel John Johnson's place of birth legalize same-sex marriage?
2773,What is to the north of the country that held hostage 66 individuals from a country the Soviets did not want to engage in conflict?
2774,What is the country having the chechen republic located in this region of the country having U;yanovsk?
2775,What did the country of citizenship of Chorus' performer and the Soviet Union sign in 1939?
2776,When does it start to snow in the city where the author of Transparent Stained-Glass Windows works?
2777,When did Hurricane Sandy hit the birthplace of the Mal 81 performer?
2778,What concert venue in the city where Goldfinger's author was born shares its first name with a famous football stadium?
2779,Who owns the Biltmore estate in Asheville of the US state having as a senator the candidate going on to win the South Carolina primary?
2780,What does the country having a list of tallest buildings in the birth city of Paul Cheng mean?
2781,Who was sent to represent the RCC in the country that contains the village of Wengen and the birthplace of Fränzi Aufdenblatten?
2782,"What did the organization that the country Kyzyl-Kyshtak is located in a member of name ""The Trusteeship Of The Powerful""?"
2783,"In 2018, when do we vote for the body given authority to choose the president in 1824 by the document in which Stewart could not find Wall of Separation?"
2784,Who is the minister for defense in the country compared to a stringed agent as a lion is compared to the country travelled to by Queen Margaret and her son?
2785,"Who is the father of Queen of Navarre, Isabella of the country approving the first name of the planet having Small Dark Spot?"
2786,What body of water is by the city where the Pootie Tang screenwriter lives?
2787,What major department store operates in the city where the creator of The Vegetative Sculpture I died?
2788,Which military branch was under the president when the state having the highest population of bears was purchased?
2789,In which country is the Embassy of Poland located in the city where the director of The Girl with the Pistol was born?
2790,Which county shares a border with the county sharing a border with Washington Township's county?
2791,How much of the country where the organization that intervened for the mediation for the governments is located is covered by the Alps?
2792,In which county of the state where the character of the actor of Captain Miller in Saving Private Ryan is from in The Terminal is Cato located?
2793,What county shares a border with the county that Miami Township's county shares a border with?
2794,What effort was the Canadian military known for in the country where the singer of Yellow Fields is from?
2795,What did the country the spouse of Kseniya Boguslavskaya is from receive in return for signing the Treat of Brest-Litovsk?
2796,"In which country is Upland, West Virginia, in county sharing a border with the county where Ingalls is located?"
2797,What mountain range is the range that Mount Henry is located in the state Donald McIntosh died part of?
2798,What country does the country where Elephant Jason is located in the city where the first pan-African conference was held represent?
2799,From what country is the reality TV show about the highest paid TV actor's spouse and partly titled It's Complicated?
2800,What is the main international airport where the political party of Ulf Holm is based?
2801,How much of the country where Otto Furrer was born is covered by the Alps?
2802,What used to be the main party district of the city where Spectre filming took place after leaving the city where he died?
2803,How many square miles is the state that contains the school where Georges Doriot received his education?
2804,Where was the owner of the gold spike in Andre Agassi's birthplace educated?
2805,When was the Convention on the Rights of the Child created by the organization that US and the country US beat in Miracle on Ice are both members of?
2806,"In the country where the Prince of Thieves film was made, featuring the title character typically depicted alongside John, who picks the Prime Minister?"
2807,What country is the region where Chechen is located in the country AGT is from part of?
2808,"How long was the development of the Become Human video game, named after the city where the performer of Preminado was born?"
2809,What are Spain and the country of citizenship of the singer of Be Someone Else collectively known as?
2810,"What characterized the end of the 18th Century, on the continent that has the river with the Tikhaya Sosna as its mouth?"
2811,"Until the 18th century, on what day was the Annunciation traditionally celebrated in the country where the screenwriter of Battle of the Damned holds citizenship?"
2812,Who wrote the theme song for out of the continent where the river that the Tekeze river turns into?
2813,"In the country where the RAF Brize Norton is located, what is the equivalent of the organization that appoints the members of the public company accounting oversight board?"
2814,What county shares a border with the county that shares a border with the county containing Bethel?
2815,What country is the Representative of the place Carcass Island is located in the city where the first Pan African Conference was held part of?
2816,"Who heads the Catholic Church, in the country that a harp is associated with, as a lion is associated with the country that Queen Margaret and her son traveled to?"
2817,Who is the chief of police in the city where the band who performed Mighty Joe Moon was formed?
2818,The 1992 Tour of the official name of the country Purmerbuurt is located in is a part of what?
2819,Logan in the county sharing border with Barry County in the US state having Center Square is in what country?
2820,Who is the coach for the basketball team in the US state having the American Idol contestant performing a Fuel song on this season?
2821,How close is Wrigley Field to the source of drinking water for the city in which The In Laws was filmed?
2822,What is the main international airport in the city that is the work location of the political party that has Helena Leander among its members/
2823,When was the Circus Maximus built in the city that was the center of imperial life during the regime from which the term the west originated?
2824,How many tornadoes does the state where the Diocese of Charlotte of the religion most immigrants identify with is located have per year?
2825,When did Germany invade the continent where the river Tekezé River turns into is located in World War 2?
2826,Next to which body of water is the island located which is fought over by Denmark and the country where tensions can be found in the federalist provinces?
2827,A legislative branch presides over any impeachment trial of the president of the country of citizenship of Matthias W. Day. In which of this branch of the legislative body determining the size of the supreme court must revenue bills originate and why?
2828,What is the only major mountain range between the Appalachian Mountains and the mountains higher than the mountains found in the state the Museum of Appalachia is located?
2829,What town is found within the same county as Shady Grove in the state where the most wind power is used in the country Logan return to?
2830,When did Muslim armies invade the country where al-Bahluliyah is located and the country where Al-Mu'tamid's successor was a citizen?
2831,The Tyras Vallis is the same type of geographical feature as the one of Ten Thousand Smokes in the state purchased from Russia. Which military branch did the president who purchased that state serve in?
2832,"What was the 2018 population of the country, that hosted the 1920 Summer Olympics, where the nation containing the organization that intervened with mediation for the governments, competed?"
2833,Crawford House in the city where Montcalm and Wolfe's author was born in the state of Wellesley College in Mona Lisa Smile is an instance of what?
2834,What did Goring believe the operator of battleships from the country where Marie Elisabeth of Brunswick-Wolfenbüttel lived when she died would gain with further support?
2835,"What was the 2018 population of the host of the 1920 Summer Olympics, that involved the country housing the organization that Congress refused to let the US join?"
2836,What country sent the most legal immigrants to the city where Gotham is filmed from the region serving as the middle leg of the journey from England to the continent where the blacks were to the Americas?
2837,In which country is the prefecture serving as the largest base for shooting films and TV dramas in the country whose citizen was Qiu Shihua?
2838,"This government body has oversight of the organization that issued the report in 1958. When did the 16th amendment to the document where the phrase ""wall of separation"" was nowhere to be found legalize levying of income tax by that government body?"
2839,The Prince of Thieves film about the outlaw often depicted alongside King John was filmed in a country. In 1945 outside of the country how many people were in its empire?
2840,What weekly publication in the city where Steven Segaloff died is issued by the school attended by the author of America-Lite: How Imperial Academia Dismantled Our Culture?
2841,What are the biggest terrorist attacks by the group Bush said the war on terror begins with against the country where Sandy Eisenberg Sasso was born?
2842,Jörg van Nieuwenhuijzen's team's dutch country has an official name. The cycling race described as the 1989 tour of that official country name is part of what annual event?
2843,The director of Su íntimo secreto is a South American country's citizen. Who was the first European in America to see the ocean where the warm moist air mass over the Andes mountains in that country comes from?
2844,The performer of On the Avenue Live: Cookin' with the record label of Tokyo Live's performer at Montreux is a genre of what?
2845,What is the death city of the leader of the largest country in Europe by square miles after the collapse of the country building the first satellite to orbit earth?
2846,Who owns the Biltmore estate in Asheville in the state that borders the east of the state where Hello Love's performer lived in when he died?
2847,Teesdale is the same type of geographical feature as the one of Ten Thousand Smokes in the state purchased from Russia. Which military branch did the president who signed that treaty serve in?
2848,How close is Wrigley Field to the place Soul Fountain's performer's birthplace gets its drinking water from?
2849,"In which country is Logan, a city in the county sharing a border with Kings Prairie Township's county in the state where the largest ancestry group is German?"
2850,The era during which musical forms for dance began standardization started in what area of the continent where the mouth of the Tikhaya Sosna is located?
2851,What social activities have Muslim's contributed to in The Mystic Masseur film's producer's birth country?
2852,Where did the man who became leader of the largest European country after the collapse of the top medal winner from the 1960 Olympics die?
2853,How many people new students were once called by others live in the country discovered by the place The Art of Amalia is from?
2854,What term is used to refer to an institution like a German Fachhochschule in Eric Losfeld's birth country and the country where Dutch is spoken?
2855,Which district has city of Peru in the country that is marooned in the county that Al-Mu'tamid is a citizen of?
2856,"What is the global GDP ranking of the city where Spectre was filmed, after filming in the place where the author of Cum nimis absurdum died?"
2857,When did Muslim armies invade the country where Al-Qutayfah is found and the country where Al-Mu'tamid's follower was a citizen?
2858,What did Goring believe the operator of battleships in the country where Princess Sophie of Saxe-Hildburghausen died would gain with further support?
2859,"How much of the glaciation has disappeared in the country where, along with Germany and the country where Karin Thomas was born, Lake Constance can be found?"
2860,"How much glaciation disappeared in the country where, along with Germany and the country where Monte Rosa Hotel is located, Lake Constance can be found?"
2861,Country A seized the country containing Al-Berka from the empire that declined after the Crimean War. Country A has what status among European countries?
2862,"Of all the countries in Tebicuary Rivers' continent, the one that provided the most immigrants in 2013 has what type of government?"
2863,What type of building is the Crawford House in the birthplace of Jyothi's performer in the state of Elbridge Gerry's constituency?
2864,What weekly publication in the birth place of Jeanne Flanagan is issued by the employer of Yale staffed labor historian advising other younger labor historians?
2865,The Minio Vallis is the same type of geographical feature as the one of Ten Thousand Smokes in the state purchased from Russia. What military branch did the president who purchased the state serve under?
2866,"What is the main international airport in the city where John III, of the country that released the performer of Live and Learn, died?"
2867,What genre is album released by On the Avenue's performer in the album Cookin' it with He Is the Light's performer's record label at Montreux?
2868,What is the term length of an official from the house of the body providing oversight for David Vladeck's employer?
2869,How many of the people that new student were once called live in the South American country discovered by the country that left Guinae-Bissau in 1974?
2870,"What is the biggest attack by the Islamic terror group that Bush said the 'war on terror' began with, against the country where the Federal Detention Center can be found in the city where Michael Peskin was born?"
2871,How many square miles is the country that sent the most legal immigrants where most Jamaicans live in the US from the place where Andy sailed to in The Office?
2872,What country sent the most legal immigrants to Gotham's filming location from the middle leg of the journey from England to the continent of Sobat River to the Americas?
2873,What is the main party district of the city where Spectre was filmed after filming where the author of Cum nimis absurdum died?
2874,Who conspired to bring about a revolution in the country seizing Libya in 1911 from the main subject of Ottoman era in the history of the country having Rila?
2875,What is the highest area of land in the body of water that is the middle leg of the journey from england to the continent that contains the river that the Tekezé turns into?
2876,Who fathered the person who led the first expedition to reach Asia by sailing west across the ocean containing the atoll that Faiava Lasi is part of?
2877,The Subtle Ways album's group formed in a city and state with the highest US minimum wage. The live album named 11/6/00 and that city and state is by a band from which country?
2878,Who became the leader of the country Marooned in Al-Mu'tamid's follower's country of citizenship is set?
2879,Where was the first Aldi in the country that recognized Gaddafi's government at an early date along with the country where a president was previously Eisenhower's Vice President?
2880,"How did the political union that St. Barts joined in 2012 rank the economy of the nation where Wengen, and the birthplace of Fränzi Aufdenblatten are located?"
2881,In which county is the National Historic Site for the president during the purchase of Platinum Airport's state?
2882,"In what country is Tuolumne, which is within a county that borders the county containing Jamestown, and is located within the state where Some Like It Hot was filmed?"
2883,"Libya's new government, publicly represented by a revolutionary leader, was recognized by a country that produces most of their own oil and a European country. What is the corporation tax rate in that European country?"
2884,KCOM Stadium has had concerts by a couple of artists who were contemporaries of a band named after an American city. How far from Wrigley Field is the lake that the city gets its drinking water from?
2885,"What is the biggest attack by the group Bush said the 'war on terror' began with, on the country containing the Federal Detention Center, in the birthplace of George Pocheptsov?"
2886,What is the 2018 population of the host of the 1920 Summer Olympics that featured the country containing both the village of Wengen and the birthplace of Fränzi Aufdenblatten?
2887,"In the country of origin that makes up foreign inhabitants of the country where Best Of's performers are from, what is something not consistent between the Jewish population?"
2888,What is the only major mountain ranged located between the Appalachian Mountains and the mountains higher than those which contain temperate parts of the state home to the Lone Mountain State Forest?
2889,How many people starting the great migration of the Slavs live in the country being the colonial holding in the continent having Purus River and governed by Portugal?
2890,What term means an institution like a German Fachhochschule in the country where Remy Cogghe was born and the country where Dutch is spoken?
2891,What are the biggest terrorist attacks by the group with which Bush said the war on terror begins against the country where Lawrence Zazzo was born?
2892,Through what are the fundamental rights guaranteed by it in the country having the birth city of the director of The Mystic Masseur?
2893,What part of the world contains the country which provides some of the foreign inhabitants to the country of citizenship of Karin Larsson's spouse?
2894,Who won the 2017 presidential election in the country which provided the most legal immigrants in 2013 from the continent where the country where the last football tournament was held is located?
2895,When did the 5th Dalai Lama gain political control over the country which had large amounts of contact with the country the person who described evaporation is from?
2896,What did Goring believe the operator of battleships from Bernhard Fischer's birth country would gain with further support?
2897,How many square miles are there in the city which is the capital of the state where the school that educated Georges Doriot is located?
2898,What did Goring believe the operator of battleships from the country of the military that follows the Reichswehr would gain with further support?
2899,"In 2017, when did the chemical attack occur in one of the countries that makes up foreign inhabitants of the country of citizenship for the spouse of Karin Larsson?"
2900,Who was the mother of the emperor when the foreign group that conquered the nation where the industrial revolution began reach its greatest extent?
2901,Which country contains Logan in the county bordering with the county having Chain-O-Lakes in the US state having German as the largest ancestry group?
2902,What is the only major mountain ranged located between the Appalachian Mountains and the mountains higher than those which contain temperate parts of the state where Fort Nashborough is located?
2903,When did Muslim armies invade the country containing Al-Mastumah and the country of the man who followed the reign of Al-Mu'tamid?
2904,The 1998 Tour of the country that Jörg van Nieuwenhuijzen's team plays for is an instance of what?
2905,What is the economic output of the capital of the state where the school that educated Michael Porter is located?
2906,"What is the genre of the band with a name starting with ""Out of the"" and followed by the name of mascot of the state having roads and freeways in the metropolitan providing a filming location for Children Without?"
2907,Where did the plane crash in the largest river in the state Tito visited when he saw the organization North Korea belongs to?
2908,What part of the document in which Stewart found no instances of the phrase Wall of Separation is the basis for the implied powers of the body providing oversight for the agency that issued the report in 1958?
2909,Crawford House in the city where Jyothi's performer was born in the state where Kerry was a Lt. Gov. is an instance of what?
2910,What is a social security number in the country having the gallery displaying The Woman Taken in the main subject of milkman joke?
2911,Performer of On the Avenue Live: Cookin' with the record label of the singer of Your Heart's In Good Hands is a genre of what?
2912,Al-Damiri lived in a country that became a colony of an empire that reached it's maximum size under an emperor. Who was that emperor's mother?
2913,"In which country is Logan, a city in the county sharing a border with Dowling's county in the state where The Ozarks takes place?"
2914,"In which country is Four Corners, an intersection in the county where RealDoll is headquartered in the state where Some Like it Hot was filmed?"
2915,Who fathered the leader of the first expedition to reach Koyambedu's continent by sailing west across the ocean bordering eastern Russia?
2916,When did the second world war end in the country the European state seized an area where Al-Berka is from an empire that declined after the Crimean War?
2917,"Based on population alone, what is the ranking of the city having the Courthouse of the birthplace of James Glisson in the country winning the rugby 7 in Las Vegas?"
2918,What is something inconsistent between the Jewish populations in one of the home countries of foreigners living in the country where Bengt Lagerberg's band comes from?
2919,Who dropped out of the alma mater of the man who owns the gold spike in the city where The Killers was founded and became the person many refer to as the founder of public relations?
2920,Which body of water is near the capitol of the state where Michael Porter was educated?
2921,What is the main international airport in the place where John III of the country where the singers of love me love me say that you love me came from?
2922,How many countries on the continent of Nikifor Popov's birth does the mediator of the truce ending the Iran-Iraq War recognize?
2923,Who is the minister for defense in the country compared to a stringed agent while the country Chopin was invited to by the person paying for Chopin's funeral was compared to a lion?
2924,"In one source of foreign inhabitants in the country where the performer of Live and Learn originated, what is something that is not consistent between the Jewish population?"
2925,In which county is the location of the National Historic Site of the president during the purchase of the largest US state?
2926,A region is the middle leg of the journey from England to the continent having Togo to the Americas. What nation provided the most legal immigrants to the US city filming the tv show Gotham in this region?
2927,What other system is used in the colonial holding that was governed by the country of Prazeres in the continent on which Aruba can be found?
2928,Who was the last woman hanged in the country compared to a stringed agent as a lion is compared to the country the payer for Chopin's funeral invited Chopin?
2929,What term is used to refer to an institution like a German Fachhochschule in the country where Renaud was born and the European country contributing the most to UNFPA in 2008?
2930,A country's city has both an Embassy of France and Pontus Segerström's team's home. When did the Alanders rejoin that country?
2931,"Who dropped out of the school that educated the owner of the Gold Spike, located in the 1997 home of KMXB, and became known as the founder of public relations?"
2932,When was way down by the performer of Live in the large city southeastern of the US state having Pyramid Lake Fault Zone released?
2933,"What country is Four Corners, in the county Fluid Components International's headquarters are located in the state they filmed Some Like It Hot located?"
2934,"There are a people A whose language Xenophon said sounded like Armenian and there is a nation B, who held hostage 66 individuals from a country the Soviets did not want to engage in conflict. What percentage of nation B's population are people A?"
2935,How many people who started the great migration of the slavs live in the colonial holding that was governed by Portugal in the continent where Airoldi moved to seek fortune?
2936,Who is the father of the person who led the first expedition to reach the continent where Chelyabinsk is found by sailing west across the ocean along eastern Russia?
2937,What nation in the terrain feature having the French part of the island containing Philipsburg provided the most legal immigrants to the city filming the tv show gotham?
2938,What genre is album released by On the Avenue's performer in the album Cookin' it with Tired of Being Alone's performer's record label at Montreux?
2939,What is the GDP of the city where Spectre filming moved after the city where the author of Cum nimis absurdum died?
2940,In what country is the state where Osark is set and that contains a county bordering the Chain-O-Lakes village's county?
2941,"The Liberian flag and constitution was modeled after a country. In that country, which legislative branch presiding over any impeachment trial of its president of the country legislature limiting the level of the nation's debt must revenue bills originate and why?"
2942,"What percentage of the population of the country, that held 66 of the people who the Bush administration described as heroic hostage for 444 days in the late 1970s, is made up of the people whose language Xenophon said sounded like Armenian?"
2943,"In which country is Tuolumne, a city in the county sharing a border with Avery's county in the state where Some Like It Hot was filmed?"
2944,what country is the largest base of shooting films and TV dramas in the country Rao Shushi is from located?
2945,"Who claimed a homeland in parts of Turkey, the nation Shiraz is in, and the birth country of Qusay Hussein's mother?"
2946,Who is the child of Maria Leopoldina of the country having Lake Constance besides Germany and the country containing the villages of Wengen and the municipality housing Monte Rosa Hotel?
2947,Who is the mother of Anna from the country where Korolyov's namesake resides?
2948,Jörg van Nieuwenhuijzen's former team has a player from a region of a country that is sometimes known by that region's name. The 1990 Tour of that country is an edition of what annual event?
2949,"In which country is Logan, a city in the county sharing a border with Sugar Creek Township's county in the state where the largest ancestry group is German?"
2950,What term means an institution like a German Fachhochschule in Remy Cogghe's birth country and the home of the Dutch Reformed Church?
2951,Who was the father of the person who led the first expedition to reach Asia by sailing west across the body of water David Ishii's birthplace is located in?
2952,When was the first mall built in the birth country of The Mystic Masseur's producer?
2953,What was the 2018 population in the country of the 1920 Summer Olympics involving the nation with the Japanese School in the city where Christina went in Grey's Anatomy?
2954,"What is the GDP of the city where Spectre was filmed, after its filming in the city that once headquartered the political party of Antonio Gramsci?"
2955,What's another name for the appropriation bill-introducing house of the body providing oversight for the commission that issued the report in 1958?
2956,The era during which the use of the first ass instruments began started in what area of the continent where the mouth of the Tikhaya Sosna is located?
2957,Crawford House in the city where Jyothi's performer was born in the state where the Drive franchise relocated to is an instance of what?
2958,What weekly publication in Loren Mazzacane Connors' birthplace is issued by the school attended by the author of America-Lite: How Imperial Academia Dismantled Our Culture?
2959,What was the benefit of the Treaty of Brest-Litovsk to the country who has a Chinese Embassy in their city which also contains the alma mater of Sergei Vronsky?
2960,How many people responsible for the great migration of the Slavs live in the colonial holding governed by Portugal on the continent where Saramacca District is located?
2961,"How close is Wrigley Field to the source of drinking water for the city that a prominent adult contemporary band from this period, along with the Eagles and the composer of The Lion King, was named after?"
2962,What genre is album released by On the Avenue's performer in the album Cookin' it with Simply Beautiful's performer's record label at Montreux?
2963,What is the birth city of the person becoming leader of the largest country in Europe by square miles after the collapse of the state leading the space race in april of 1961?
2964,Who fathered the leader of the first expedition to reach Shimla's continent by sailing west across the ocean bordering eastern Russia?
2965,How long is the border with the country where Korolyov lives?
2966,when did US and UK invade the country that seized Libya in 1911 from the empire that used to rule where Rila is today?
2967,In which country is the prefecture serving as the largest base for shooting films and TV dramas in the country where the majority of apples come from?
2968,The colonial holding in the continent where Aruba is located was governed by the country where Modicus originated. What was the capital of the colonial holding before Brasilia?
2969,Who fathered the leader of the first expedition to reach Asia by sailing west across the ocean serving as the mouth of the river the Salmonberry River flows into?
2970,Who conspired to start a revolution in the country that in 1911 seized Al-Berka's country from the empire against which the Gallipoli Campaign was fought?
2971,What government controls the city that is part of the province that is considered the largest base for shooting films in the country where guānjīnyuán was a currency?
2972,How many of those who started the great migration of the Slavs live in the colonial holding of Portugal on the continent home to the Courantyne River?
2973,What's the only major mountain range between the Appalachian Mountains and the mountains higher than those in temperate parts of the state where Chickamauga Lake is located?
2974,When did Islamic armies conquer one of the home countries of foreigners living in the country where the Best Of performer comes from?
2975,When did Alanders rejoin the country where the Embassy of France is in the headquarters city of Daniel Majstorovic's sports team?
2976,An institution like a German Fachhochschule is referred to by what term in Jean-Luc Vandenbroucke's birth country and the Dutch Reformed Church's country?
2977,"What percentage of the population of the country, that held 66 of the people who won the battle of saratoga in 1777 hostage for 444 days in the late 1970s, is composed of the people whose language most resembles Armenia's?"
2978,How many people whose name new students were once called by others live in the country discovered by the country in which you can find Vascoes?
2979,Which US general led forces in the country that seized the country where Al-Berka is located in 1911 from the empire that declined after the Crimean War?
2980,When was gay marriage legalized in the city where Spectre was filmed after filming where the author of Cum nimis absurdum died?
2981,How close is Wrigley Field to the source of drinking water for the birthplace of the performer of Lucid Intervals and Moments of Clarity?
2982,What nation provided the most legal immigrants to where Gotham is filmed in the region that was the middle leg of the journey from England to Azania's location to America?
2983,Who fathered the leader of the first expedition to reach Asia by sailing west across the ocean that contains Teafuone.
2984,Who followed the king being the last person to live in Versailles of the country approving the first name of the planet having Small Dark Spot?
2985,How did a federal union rank the economy of the country where Franzi Aufdenblatten was born?
2986,Who fathered the person leading the first expedition to reach Asia by sailing west across the ocean having Ryler DeHeart's birthplace?
2987,What is the nickname of the state that borders the east of the state where Hello Love's performer lived in when he died?
2988,Where does the Columbia River meet the source of the warm moist air mass over the Andes where El Alma de un tango's director is a citizen?
2989,What are the biggest terrorist attacks by the group with which Bush said the war on terror begins against the country where Roberts Vaux died?
2990,When was the break up of the allied nation that first reached The Man from Morocco film's director's birth city?
2991,What is the size in square miles of the nation that has provided the most legal immigrants to where Gotham was filmed in the place Turks and Caicos is located?
2992,"In 1772, who established the first committee of correspondence in the capitol of the state where Georges Doriot was education?"
2993,What term is used in the country of Arrondissement of Renaud's birth place and the nation having people speak Dutch to refer to an institution like a German Fachhochschule?
2994,Who fathered the man who led the first expedition to reach Asia by sailing across the body of water containing the island where Kalaheo is located?
2995,What is the enrollment of undergraduates at the alma mater of the man who owns the gold spike in the city where R&R Partners is headquartered?
2996,When were the subways built in the city where the sociolinguist who studied the accent at the University of Pennsylvania was educated?
2997,How many people with the same origin as those who sent families to concentration camps live in the former Portuguese colonial holding on the continent where The Mission was set?
2998,How long are terms in the house of the body which provides oversight for the agency who issued the report in 1958?
2999,What weekly publication in Toby Edward Rosenthal's birthplace is issued by the university the author of America-Lite: How Imperial Academia Dismantled Our Culture attended?
