qid,question_text,methodA_id,methodB_id,methodA_text,methodB_text,scoreA,scoreB,pair_label,best_methods_json,num_best_methods,is_tied_best
0,What is the current home arena of the NHL team Chris Summers plays for?,dalk,hippo,"Question: What is the current home arena of the NHL team Chris Summers plays for?
Method: dalk
Method profile: retrieval-based QA method
Task type: find the home arena of a team associated with a specific player
Answer type: location
Reasoning profile: hop_count=2; multi_hop=true; comparison=false; temporal=true; aggregation=false; entity_linking=true; relation_chaining=true; disambiguation=true
Method selection signals: entity linking for athlete name; multi-hop relation chaining (player to team to venue); temporal filtering for current affiliation; sports knowledge retrieval","Question: What is the current home arena of the NHL team Chris Summers plays for?
Method: hippo
Method profile: multi-step retrieval and reasoning method
Task type: find the home arena of a team associated with a specific player
Answer type: location
Reasoning profile: hop_count=2; multi_hop=true; comparison=false; temporal=true; aggregation=false; entity_linking=true; relation_chaining=true; disambiguation=true
Method selection signals: entity linking for athlete name; multi-hop relation chaining (player to team to venue); temporal filtering for current affiliation; sports knowledge retrieval",0.3529411765,1.0,0,"[""hippo""]",1,False
0,What is the current home arena of the NHL team Chris Summers plays for?,hippo,gr,"Question: What is the current home arena of the NHL team Chris Summers plays for?
Method: hippo
Method profile: multi-step retrieval and reasoning method
Task type: find the home arena of a team associated with a specific player
Answer type: location
Reasoning profile: hop_count=2; multi_hop=true; comparison=false; temporal=true; aggregation=false; entity_linking=true; relation_chaining=true; disambiguation=true
Method selection signals: entity linking for athlete name; multi-hop relation chaining (player to team to venue); temporal filtering for current affiliation; sports knowledge retrieval","Question: What is the current home arena of the NHL team Chris Summers plays for?
Method: gr
Method profile: graph reasoning oriented method
Task type: find the home arena of a team associated with a specific player
Answer type: location
Reasoning profile: hop_count=2; multi_hop=true; comparison=false; temporal=true; aggregation=false; entity_linking=true; relation_chaining=true; disambiguation=true
Method selection signals: entity linking for athlete name; multi-hop relation chaining (player to team to venue); temporal filtering for current affiliation; sports knowledge retrieval",1.0,0.0869565217,1,"[""hippo""]",1,False
0,What is the current home arena of the NHL team Chris Summers plays for?,hippo,lgraph,"Question: What is the current home arena of the NHL team Chris Summers plays for?
Method: hippo
Method profile: multi-step retrieval and reasoning method
Task type: find the home arena of a team associated with a specific player
Answer type: location
Reasoning profile: hop_count=2; multi_hop=true; comparison=false; temporal=true; aggregation=false; entity_linking=true; relation_chaining=true; disambiguation=true
Method selection signals: entity linking for athlete name; multi-hop relation chaining (player to team to venue); temporal filtering for current affiliation; sports knowledge retrieval","Question: What is the current home arena of the NHL team Chris Summers plays for?
Method: lgraph
Method profile: graph-centric reasoning and linking method
Task type: find the home arena of a team associated with a specific player
Answer type: location
Reasoning profile: hop_count=2; multi_hop=true; comparison=false; temporal=true; aggregation=false; entity_linking=true; relation_chaining=true; disambiguation=true
Method selection signals: entity linking for athlete name; multi-hop relation chaining (player to team to venue); temporal filtering for current affiliation; sports knowledge retrieval",1.0,0.0,1,"[""hippo""]",1,False
0,What is the current home arena of the NHL team Chris Summers plays for?,hippo,light,"Question: What is the current home arena of the NHL team Chris Summers plays for?
Method: hippo
Method profile: multi-step retrieval and reasoning method
Task type: find the home arena of a team associated with a specific player
Answer type: location
Reasoning profile: hop_count=2; multi_hop=true; comparison=false; temporal=true; aggregation=false; entity_linking=true; relation_chaining=true; disambiguation=true
Method selection signals: entity linking for athlete name; multi-hop relation chaining (player to team to venue); temporal filtering for current affiliation; sports knowledge retrieval","Question: What is the current home arena of the NHL team Chris Summers plays for?
Method: light
Method profile: lightweight retrieval and reasoning method
Task type: find the home arena of a team associated with a specific player
Answer type: location
Reasoning profile: hop_count=2; multi_hop=true; comparison=false; temporal=true; aggregation=false; entity_linking=true; relation_chaining=true; disambiguation=true
Method selection signals: entity linking for athlete name; multi-hop relation chaining (player to team to venue); temporal filtering for current affiliation; sports knowledge retrieval",1.0,0.1,1,"[""hippo""]",1,False
0,What is the current home arena of the NHL team Chris Summers plays for?,qagn,hippo,"Question: What is the current home arena of the NHL team Chris Summers plays for?
Method: qagn
Method profile: question answering with graph/navigation signals
Task type: find the home arena of a team associated with a specific player
Answer type: location
Reasoning profile: hop_count=2; multi_hop=true; comparison=false; temporal=true; aggregation=false; entity_linking=true; relation_chaining=true; disambiguation=true
Method selection signals: entity linking for athlete name; multi-hop relation chaining (player to team to venue); temporal filtering for current affiliation; sports knowledge retrieval","Question: What is the current home arena of the NHL team Chris Summers plays for?
Method: hippo
Method profile: multi-step retrieval and reasoning method
Task type: find the home arena of a team associated with a specific player
Answer type: location
Reasoning profile: hop_count=2; multi_hop=true; comparison=false; temporal=true; aggregation=false; entity_linking=true; relation_chaining=true; disambiguation=true
Method selection signals: entity linking for athlete name; multi-hop relation chaining (player to team to venue); temporal filtering for current affiliation; sports knowledge retrieval",0.3529411765,1.0,0,"[""hippo""]",1,False
1,One of the members of Dru Hill is nicknamed after which cartoon character?,gr,dalk,"Question: One of the members of Dru Hill is nicknamed after which cartoon character?
Method: gr
Method profile: graph reasoning oriented method
Task type: identify a cartoon character linked to a music group member's nickname
Answer type: other
Reasoning profile: hop_count=2; multi_hop=true; comparison=false; temporal=false; aggregation=false; entity_linking=true; relation_chaining=true; disambiguation=true
Method selection signals: music group member retrieval; nickname or alias lookup; pop culture reference matching; multi-hop entity relation tracing","Question: One of the members of Dru Hill is nicknamed after which cartoon character?
Method: dalk
Method profile: retrieval-based QA method
Task type: identify a cartoon character linked to a music group member's nickname
Answer type: other
Reasoning profile: hop_count=2; multi_hop=true; comparison=false; temporal=false; aggregation=false; entity_linking=true; relation_chaining=true; disambiguation=true
Method selection signals: music group member retrieval; nickname or alias lookup; pop culture reference matching; multi-hop entity relation tracing",0.0,1.0,0,"[""dalk""]",1,False
1,One of the members of Dru Hill is nicknamed after which cartoon character?,hippo,dalk,"Question: One of the members of Dru Hill is nicknamed after which cartoon character?
Method: hippo
Method profile: multi-step retrieval and reasoning method
Task type: identify a cartoon character linked to a music group member's nickname
Answer type: other
Reasoning profile: hop_count=2; multi_hop=true; comparison=false; temporal=false; aggregation=false; entity_linking=true; relation_chaining=true; disambiguation=true
Method selection signals: music group member retrieval; nickname or alias lookup; pop culture reference matching; multi-hop entity relation tracing","Question: One of the members of Dru Hill is nicknamed after which cartoon character?
Method: dalk
Method profile: retrieval-based QA method
Task type: identify a cartoon character linked to a music group member's nickname
Answer type: other
Reasoning profile: hop_count=2; multi_hop=true; comparison=false; temporal=false; aggregation=false; entity_linking=true; relation_chaining=true; disambiguation=true
Method selection signals: music group member retrieval; nickname or alias lookup; pop culture reference matching; multi-hop entity relation tracing",0.4444444444,1.0,0,"[""dalk""]",1,False
1,One of the members of Dru Hill is nicknamed after which cartoon character?,dalk,lgraph,"Question: One of the members of Dru Hill is nicknamed after which cartoon character?
Method: dalk
Method profile: retrieval-based QA method
Task type: identify a cartoon character linked to a music group member's nickname
Answer type: other
Reasoning profile: hop_count=2; multi_hop=true; comparison=false; temporal=false; aggregation=false; entity_linking=true; relation_chaining=true; disambiguation=true
Method selection signals: music group member retrieval; nickname or alias lookup; pop culture reference matching; multi-hop entity relation tracing","Question: One of the members of Dru Hill is nicknamed after which cartoon character?
Method: lgraph
Method profile: graph-centric reasoning and linking method
Task type: identify a cartoon character linked to a music group member's nickname
Answer type: other
Reasoning profile: hop_count=2; multi_hop=true; comparison=false; temporal=false; aggregation=false; entity_linking=true; relation_chaining=true; disambiguation=true
Method selection signals: music group member retrieval; nickname or alias lookup; pop culture reference matching; multi-hop entity relation tracing",1.0,0.5,1,"[""dalk""]",1,False
1,One of the members of Dru Hill is nicknamed after which cartoon character?,dalk,light,"Question: One of the members of Dru Hill is nicknamed after which cartoon character?
Method: dalk
Method profile: retrieval-based QA method
Task type: identify a cartoon character linked to a music group member's nickname
Answer type: other
Reasoning profile: hop_count=2; multi_hop=true; comparison=false; temporal=false; aggregation=false; entity_linking=true; relation_chaining=true; disambiguation=true
Method selection signals: music group member retrieval; nickname or alias lookup; pop culture reference matching; multi-hop entity relation tracing","Question: One of the members of Dru Hill is nicknamed after which cartoon character?
Method: light
Method profile: lightweight retrieval and reasoning method
Task type: identify a cartoon character linked to a music group member's nickname
Answer type: other
Reasoning profile: hop_count=2; multi_hop=true; comparison=false; temporal=false; aggregation=false; entity_linking=true; relation_chaining=true; disambiguation=true
Method selection signals: music group member retrieval; nickname or alias lookup; pop culture reference matching; multi-hop entity relation tracing",1.0,0.5,1,"[""dalk""]",1,False
1,One of the members of Dru Hill is nicknamed after which cartoon character?,dalk,qagn,"Question: One of the members of Dru Hill is nicknamed after which cartoon character?
Method: dalk
Method profile: retrieval-based QA method
Task type: identify a cartoon character linked to a music group member's nickname
Answer type: other
Reasoning profile: hop_count=2; multi_hop=true; comparison=false; temporal=false; aggregation=false; entity_linking=true; relation_chaining=true; disambiguation=true
Method selection signals: music group member retrieval; nickname or alias lookup; pop culture reference matching; multi-hop entity relation tracing","Question: One of the members of Dru Hill is nicknamed after which cartoon character?
Method: qagn
Method profile: question answering with graph/navigation signals
Task type: identify a cartoon character linked to a music group member's nickname
Answer type: other
Reasoning profile: hop_count=2; multi_hop=true; comparison=false; temporal=false; aggregation=false; entity_linking=true; relation_chaining=true; disambiguation=true
Method selection signals: music group member retrieval; nickname or alias lookup; pop culture reference matching; multi-hop entity relation tracing",1.0,0.5,1,"[""dalk""]",1,False
2,"The Order of th elithuanian Grand Duke Gediminas features one of the earliest symbols of Lithuania, that was used by the Lithuanian Republic as a minor state symbol during what period?",hippo,dalk,"Question: The Order of th elithuanian Grand Duke Gediminas features one of the earliest symbols of Lithuania, that was used by the Lithuanian Republic as a minor state symbol during what period?
Method: hippo
Method profile: multi-step retrieval and reasoning method
Task type: find the historical period of usage for a state symbol identified via a state order
Answer type: date
Reasoning profile: hop_count=2; multi_hop=true; comparison=false; temporal=true; aggregation=false; entity_linking=true; relation_chaining=true; disambiguation=true
Method selection signals: multi-hop entity retrieval; historical symbol identification; temporal period extraction; state order and emblem relation chaining","Question: The Order of th elithuanian Grand Duke Gediminas features one of the earliest symbols of Lithuania, that was used by the Lithuanian Republic as a minor state symbol during what period?
Method: dalk
Method profile: retrieval-based QA method
Task type: find the historical period of usage for a state symbol identified via a state order
Answer type: date
Reasoning profile: hop_count=2; multi_hop=true; comparison=false; temporal=true; aggregation=false; entity_linking=true; relation_chaining=true; disambiguation=true
Method selection signals: multi-hop entity retrieval; historical symbol identification; temporal period extraction; state order and emblem relation chaining",0.9411764706,0.0,1,"[""hippo""]",1,False
2,"The Order of th elithuanian Grand Duke Gediminas features one of the earliest symbols of Lithuania, that was used by the Lithuanian Republic as a minor state symbol during what period?",gr,hippo,"Question: The Order of th elithuanian Grand Duke Gediminas features one of the earliest symbols of Lithuania, that was used by the Lithuanian Republic as a minor state symbol during what period?
Method: gr
Method profile: graph reasoning oriented method
Task type: find the historical period of usage for a state symbol identified via a state order
Answer type: date
Reasoning profile: hop_count=2; multi_hop=true; comparison=false; temporal=true; aggregation=false; entity_linking=true; relation_chaining=true; disambiguation=true
Method selection signals: multi-hop entity retrieval; historical symbol identification; temporal period extraction; state order and emblem relation chaining","Question: The Order of th elithuanian Grand Duke Gediminas features one of the earliest symbols of Lithuania, that was used by the Lithuanian Republic as a minor state symbol during what period?
Method: hippo
Method profile: multi-step retrieval and reasoning method
Task type: find the historical period of usage for a state symbol identified via a state order
Answer type: date
Reasoning profile: hop_count=2; multi_hop=true; comparison=false; temporal=true; aggregation=false; entity_linking=true; relation_chaining=true; disambiguation=true
Method selection signals: multi-hop entity retrieval; historical symbol identification; temporal period extraction; state order and emblem relation chaining",0.0,0.9411764706,0,"[""hippo""]",1,False
2,"The Order of th elithuanian Grand Duke Gediminas features one of the earliest symbols of Lithuania, that was used by the Lithuanian Republic as a minor state symbol during what period?",hippo,lgraph,"Question: The Order of th elithuanian Grand Duke Gediminas features one of the earliest symbols of Lithuania, that was used by the Lithuanian Republic as a minor state symbol during what period?
Method: hippo
Method profile: multi-step retrieval and reasoning method
Task type: find the historical period of usage for a state symbol identified via a state order
Answer type: date
Reasoning profile: hop_count=2; multi_hop=true; comparison=false; temporal=true; aggregation=false; entity_linking=true; relation_chaining=true; disambiguation=true
Method selection signals: multi-hop entity retrieval; historical symbol identification; temporal period extraction; state order and emblem relation chaining","Question: The Order of th elithuanian Grand Duke Gediminas features one of the earliest symbols of Lithuania, that was used by the Lithuanian Republic as a minor state symbol during what period?
Method: lgraph
Method profile: graph-centric reasoning and linking method
Task type: find the historical period of usage for a state symbol identified via a state order
Answer type: date
Reasoning profile: hop_count=2; multi_hop=true; comparison=false; temporal=true; aggregation=false; entity_linking=true; relation_chaining=true; disambiguation=true
Method selection signals: multi-hop entity retrieval; historical symbol identification; temporal period extraction; state order and emblem relation chaining",0.9411764706,0.0,1,"[""hippo""]",1,False
2,"The Order of th elithuanian Grand Duke Gediminas features one of the earliest symbols of Lithuania, that was used by the Lithuanian Republic as a minor state symbol during what period?",hippo,light,"Question: The Order of th elithuanian Grand Duke Gediminas features one of the earliest symbols of Lithuania, that was used by the Lithuanian Republic as a minor state symbol during what period?
Method: hippo
Method profile: multi-step retrieval and reasoning method
Task type: find the historical period of usage for a state symbol identified via a state order
Answer type: date
Reasoning profile: hop_count=2; multi_hop=true; comparison=false; temporal=true; aggregation=false; entity_linking=true; relation_chaining=true; disambiguation=true
Method selection signals: multi-hop entity retrieval; historical symbol identification; temporal period extraction; state order and emblem relation chaining","Question: The Order of th elithuanian Grand Duke Gediminas features one of the earliest symbols of Lithuania, that was used by the Lithuanian Republic as a minor state symbol during what period?
Method: light
Method profile: lightweight retrieval and reasoning method
Task type: find the historical period of usage for a state symbol identified via a state order
Answer type: date
Reasoning profile: hop_count=2; multi_hop=true; comparison=false; temporal=true; aggregation=false; entity_linking=true; relation_chaining=true; disambiguation=true
Method selection signals: multi-hop entity retrieval; historical symbol identification; temporal period extraction; state order and emblem relation chaining",0.9411764706,0.0,1,"[""hippo""]",1,False
2,"The Order of th elithuanian Grand Duke Gediminas features one of the earliest symbols of Lithuania, that was used by the Lithuanian Republic as a minor state symbol during what period?",qagn,hippo,"Question: The Order of th elithuanian Grand Duke Gediminas features one of the earliest symbols of Lithuania, that was used by the Lithuanian Republic as a minor state symbol during what period?
Method: qagn
Method profile: question answering with graph/navigation signals
Task type: find the historical period of usage for a state symbol identified via a state order
Answer type: date
Reasoning profile: hop_count=2; multi_hop=true; comparison=false; temporal=true; aggregation=false; entity_linking=true; relation_chaining=true; disambiguation=true
Method selection signals: multi-hop entity retrieval; historical symbol identification; temporal period extraction; state order and emblem relation chaining","Question: The Order of th elithuanian Grand Duke Gediminas features one of the earliest symbols of Lithuania, that was used by the Lithuanian Republic as a minor state symbol during what period?
Method: hippo
Method profile: multi-step retrieval and reasoning method
Task type: find the historical period of usage for a state symbol identified via a state order
Answer type: date
Reasoning profile: hop_count=2; multi_hop=true; comparison=false; temporal=true; aggregation=false; entity_linking=true; relation_chaining=true; disambiguation=true
Method selection signals: multi-hop entity retrieval; historical symbol identification; temporal period extraction; state order and emblem relation chaining",0.5333333333,0.9411764706,0,"[""hippo""]",1,False
5,In which six Western European territories have Celtic languages or cultural traits survived?,dalk,light,"Question: In which six Western European territories have Celtic languages or cultural traits survived?
Method: dalk
Method profile: retrieval-based QA method
Task type: identify a specific set of locations based on linguistic and cultural criteria
Answer type: location
Reasoning profile: hop_count=2; multi_hop=true; comparison=false; temporal=false; aggregation=true; entity_linking=true; relation_chaining=false; disambiguation=true
Method selection signals: geographic and cultural criteria filtering; list aggregation; entity classification; count verification","Question: In which six Western European territories have Celtic languages or cultural traits survived?
Method: light
Method profile: lightweight retrieval and reasoning method
Task type: identify a specific set of locations based on linguistic and cultural criteria
Answer type: location
Reasoning profile: hop_count=2; multi_hop=true; comparison=false; temporal=false; aggregation=true; entity_linking=true; relation_chaining=false; disambiguation=true
Method selection signals: geographic and cultural criteria filtering; list aggregation; entity classification; count verification",0.4137931034,0.9473684211,0,"[""light""]",1,False
5,In which six Western European territories have Celtic languages or cultural traits survived?,light,gr,"Question: In which six Western European territories have Celtic languages or cultural traits survived?
Method: light
Method profile: lightweight retrieval and reasoning method
Task type: identify a specific set of locations based on linguistic and cultural criteria
Answer type: location
Reasoning profile: hop_count=2; multi_hop=true; comparison=false; temporal=false; aggregation=true; entity_linking=true; relation_chaining=false; disambiguation=true
Method selection signals: geographic and cultural criteria filtering; list aggregation; entity classification; count verification","Question: In which six Western European territories have Celtic languages or cultural traits survived?
Method: gr
Method profile: graph reasoning oriented method
Task type: identify a specific set of locations based on linguistic and cultural criteria
Answer type: location
Reasoning profile: hop_count=2; multi_hop=true; comparison=false; temporal=false; aggregation=true; entity_linking=true; relation_chaining=false; disambiguation=true
Method selection signals: geographic and cultural criteria filtering; list aggregation; entity classification; count verification",0.9473684211,0.0,1,"[""light""]",1,False
5,In which six Western European territories have Celtic languages or cultural traits survived?,hippo,light,"Question: In which six Western European territories have Celtic languages or cultural traits survived?
Method: hippo
Method profile: multi-step retrieval and reasoning method
Task type: identify a specific set of locations based on linguistic and cultural criteria
Answer type: location
Reasoning profile: hop_count=2; multi_hop=true; comparison=false; temporal=false; aggregation=true; entity_linking=true; relation_chaining=false; disambiguation=true
Method selection signals: geographic and cultural criteria filtering; list aggregation; entity classification; count verification","Question: In which six Western European territories have Celtic languages or cultural traits survived?
Method: light
Method profile: lightweight retrieval and reasoning method
Task type: identify a specific set of locations based on linguistic and cultural criteria
Answer type: location
Reasoning profile: hop_count=2; multi_hop=true; comparison=false; temporal=false; aggregation=true; entity_linking=true; relation_chaining=false; disambiguation=true
Method selection signals: geographic and cultural criteria filtering; list aggregation; entity classification; count verification",0.5806451613,0.9473684211,0,"[""light""]",1,False
5,In which six Western European territories have Celtic languages or cultural traits survived?,lgraph,light,"Question: In which six Western European territories have Celtic languages or cultural traits survived?
Method: lgraph
Method profile: graph-centric reasoning and linking method
Task type: identify a specific set of locations based on linguistic and cultural criteria
Answer type: location
Reasoning profile: hop_count=2; multi_hop=true; comparison=false; temporal=false; aggregation=true; entity_linking=true; relation_chaining=false; disambiguation=true
Method selection signals: geographic and cultural criteria filtering; list aggregation; entity classification; count verification","Question: In which six Western European territories have Celtic languages or cultural traits survived?
Method: light
Method profile: lightweight retrieval and reasoning method
Task type: identify a specific set of locations based on linguistic and cultural criteria
Answer type: location
Reasoning profile: hop_count=2; multi_hop=true; comparison=false; temporal=false; aggregation=true; entity_linking=true; relation_chaining=false; disambiguation=true
Method selection signals: geographic and cultural criteria filtering; list aggregation; entity classification; count verification",0.0,0.9473684211,0,"[""light""]",1,False
5,In which six Western European territories have Celtic languages or cultural traits survived?,light,qagn,"Question: In which six Western European territories have Celtic languages or cultural traits survived?
Method: light
Method profile: lightweight retrieval and reasoning method
Task type: identify a specific set of locations based on linguistic and cultural criteria
Answer type: location
Reasoning profile: hop_count=2; multi_hop=true; comparison=false; temporal=false; aggregation=true; entity_linking=true; relation_chaining=false; disambiguation=true
Method selection signals: geographic and cultural criteria filtering; list aggregation; entity classification; count verification","Question: In which six Western European territories have Celtic languages or cultural traits survived?
Method: qagn
Method profile: question answering with graph/navigation signals
Task type: identify a specific set of locations based on linguistic and cultural criteria
Answer type: location
Reasoning profile: hop_count=2; multi_hop=true; comparison=false; temporal=false; aggregation=true; entity_linking=true; relation_chaining=false; disambiguation=true
Method selection signals: geographic and cultural criteria filtering; list aggregation; entity classification; count verification",0.9473684211,0.5806451613,1,"[""light""]",1,False
6,What team is coached by former head college coach Connie Yori?,gr,dalk,"Question: What team is coached by former head college coach Connie Yori?
Method: gr
Method profile: graph reasoning oriented method
Task type: find the team associated with a specific coach
Answer type: organization
Reasoning profile: hop_count=1; multi_hop=false; comparison=false; temporal=false; aggregation=false; entity_linking=true; relation_chaining=false; disambiguation=false
Method selection signals: person entity lookup; sports role extraction; team affiliation retrieval; direct attribute search","Question: What team is coached by former head college coach Connie Yori?
Method: dalk
Method profile: retrieval-based QA method
Task type: find the team associated with a specific coach
Answer type: organization
Reasoning profile: hop_count=1; multi_hop=false; comparison=false; temporal=false; aggregation=false; entity_linking=true; relation_chaining=false; disambiguation=false
Method selection signals: person entity lookup; sports role extraction; team affiliation retrieval; direct attribute search",0.0,0.8888888889,0,"[""dalk"", ""hippo"", ""lgraph"", ""light"", ""qagn""]",5,True
6,What team is coached by former head college coach Connie Yori?,gr,hippo,"Question: What team is coached by former head college coach Connie Yori?
Method: gr
Method profile: graph reasoning oriented method
Task type: find the team associated with a specific coach
Answer type: organization
Reasoning profile: hop_count=1; multi_hop=false; comparison=false; temporal=false; aggregation=false; entity_linking=true; relation_chaining=false; disambiguation=false
Method selection signals: person entity lookup; sports role extraction; team affiliation retrieval; direct attribute search","Question: What team is coached by former head college coach Connie Yori?
Method: hippo
Method profile: multi-step retrieval and reasoning method
Task type: find the team associated with a specific coach
Answer type: organization
Reasoning profile: hop_count=1; multi_hop=false; comparison=false; temporal=false; aggregation=false; entity_linking=true; relation_chaining=false; disambiguation=false
Method selection signals: person entity lookup; sports role extraction; team affiliation retrieval; direct attribute search",0.0,0.8888888889,0,"[""dalk"", ""hippo"", ""lgraph"", ""light"", ""qagn""]",5,True
6,What team is coached by former head college coach Connie Yori?,lgraph,gr,"Question: What team is coached by former head college coach Connie Yori?
Method: lgraph
Method profile: graph-centric reasoning and linking method
Task type: find the team associated with a specific coach
Answer type: organization
Reasoning profile: hop_count=1; multi_hop=false; comparison=false; temporal=false; aggregation=false; entity_linking=true; relation_chaining=false; disambiguation=false
Method selection signals: person entity lookup; sports role extraction; team affiliation retrieval; direct attribute search","Question: What team is coached by former head college coach Connie Yori?
Method: gr
Method profile: graph reasoning oriented method
Task type: find the team associated with a specific coach
Answer type: organization
Reasoning profile: hop_count=1; multi_hop=false; comparison=false; temporal=false; aggregation=false; entity_linking=true; relation_chaining=false; disambiguation=false
Method selection signals: person entity lookup; sports role extraction; team affiliation retrieval; direct attribute search",0.8888888889,0.0,1,"[""dalk"", ""hippo"", ""lgraph"", ""light"", ""qagn""]",5,True
6,What team is coached by former head college coach Connie Yori?,light,gr,"Question: What team is coached by former head college coach Connie Yori?
Method: light
Method profile: lightweight retrieval and reasoning method
Task type: find the team associated with a specific coach
Answer type: organization
Reasoning profile: hop_count=1; multi_hop=false; comparison=false; temporal=false; aggregation=false; entity_linking=true; relation_chaining=false; disambiguation=false
Method selection signals: person entity lookup; sports role extraction; team affiliation retrieval; direct attribute search","Question: What team is coached by former head college coach Connie Yori?
Method: gr
Method profile: graph reasoning oriented method
Task type: find the team associated with a specific coach
Answer type: organization
Reasoning profile: hop_count=1; multi_hop=false; comparison=false; temporal=false; aggregation=false; entity_linking=true; relation_chaining=false; disambiguation=false
Method selection signals: person entity lookup; sports role extraction; team affiliation retrieval; direct attribute search",0.8888888889,0.0,1,"[""dalk"", ""hippo"", ""lgraph"", ""light"", ""qagn""]",5,True
6,What team is coached by former head college coach Connie Yori?,gr,qagn,"Question: What team is coached by former head college coach Connie Yori?
Method: gr
Method profile: graph reasoning oriented method
Task type: find the team associated with a specific coach
Answer type: organization
Reasoning profile: hop_count=1; multi_hop=false; comparison=false; temporal=false; aggregation=false; entity_linking=true; relation_chaining=false; disambiguation=false
Method selection signals: person entity lookup; sports role extraction; team affiliation retrieval; direct attribute search","Question: What team is coached by former head college coach Connie Yori?
Method: qagn
Method profile: question answering with graph/navigation signals
Task type: find the team associated with a specific coach
Answer type: organization
Reasoning profile: hop_count=1; multi_hop=false; comparison=false; temporal=false; aggregation=false; entity_linking=true; relation_chaining=false; disambiguation=false
Method selection signals: person entity lookup; sports role extraction; team affiliation retrieval; direct attribute search",0.0,0.8888888889,0,"[""dalk"", ""hippo"", ""lgraph"", ""light"", ""qagn""]",5,True
7,"According to the 2010 census, what was the population of the city in which Andover USD 385 is located?",light,dalk,"Question: According to the 2010 census, what was the population of the city in which Andover USD 385 is located?
Method: light
Method profile: lightweight retrieval and reasoning method
Task type: find population of a city associated with a specific school district
Answer type: other
Reasoning profile: hop_count=2; multi_hop=true; comparison=false; temporal=true; aggregation=false; entity_linking=true; relation_chaining=true; disambiguation=true
Method selection signals: organization to location mapping; temporal constraint filtering; demographic data retrieval; specific entity identifier resolution","Question: According to the 2010 census, what was the population of the city in which Andover USD 385 is located?
Method: dalk
Method profile: retrieval-based QA method
Task type: find population of a city associated with a specific school district
Answer type: other
Reasoning profile: hop_count=2; multi_hop=true; comparison=false; temporal=true; aggregation=false; entity_linking=true; relation_chaining=true; disambiguation=true
Method selection signals: organization to location mapping; temporal constraint filtering; demographic data retrieval; specific entity identifier resolution",1.0,0.0,1,"[""light""]",1,False
7,"According to the 2010 census, what was the population of the city in which Andover USD 385 is located?",light,gr,"Question: According to the 2010 census, what was the population of the city in which Andover USD 385 is located?
Method: light
Method profile: lightweight retrieval and reasoning method
Task type: find population of a city associated with a specific school district
Answer type: other
Reasoning profile: hop_count=2; multi_hop=true; comparison=false; temporal=true; aggregation=false; entity_linking=true; relation_chaining=true; disambiguation=true
Method selection signals: organization to location mapping; temporal constraint filtering; demographic data retrieval; specific entity identifier resolution","Question: According to the 2010 census, what was the population of the city in which Andover USD 385 is located?
Method: gr
Method profile: graph reasoning oriented method
Task type: find population of a city associated with a specific school district
Answer type: other
Reasoning profile: hop_count=2; multi_hop=true; comparison=false; temporal=true; aggregation=false; entity_linking=true; relation_chaining=true; disambiguation=true
Method selection signals: organization to location mapping; temporal constraint filtering; demographic data retrieval; specific entity identifier resolution",1.0,0.0,1,"[""light""]",1,False
7,"According to the 2010 census, what was the population of the city in which Andover USD 385 is located?",light,hippo,"Question: According to the 2010 census, what was the population of the city in which Andover USD 385 is located?
Method: light
Method profile: lightweight retrieval and reasoning method
Task type: find population of a city associated with a specific school district
Answer type: other
Reasoning profile: hop_count=2; multi_hop=true; comparison=false; temporal=true; aggregation=false; entity_linking=true; relation_chaining=true; disambiguation=true
Method selection signals: organization to location mapping; temporal constraint filtering; demographic data retrieval; specific entity identifier resolution","Question: According to the 2010 census, what was the population of the city in which Andover USD 385 is located?
Method: hippo
Method profile: multi-step retrieval and reasoning method
Task type: find population of a city associated with a specific school district
Answer type: other
Reasoning profile: hop_count=2; multi_hop=true; comparison=false; temporal=true; aggregation=false; entity_linking=true; relation_chaining=true; disambiguation=true
Method selection signals: organization to location mapping; temporal constraint filtering; demographic data retrieval; specific entity identifier resolution",1.0,0.1333333333,1,"[""light""]",1,False
7,"According to the 2010 census, what was the population of the city in which Andover USD 385 is located?",lgraph,light,"Question: According to the 2010 census, what was the population of the city in which Andover USD 385 is located?
Method: lgraph
Method profile: graph-centric reasoning and linking method
Task type: find population of a city associated with a specific school district
Answer type: other
Reasoning profile: hop_count=2; multi_hop=true; comparison=false; temporal=true; aggregation=false; entity_linking=true; relation_chaining=true; disambiguation=true
Method selection signals: organization to location mapping; temporal constraint filtering; demographic data retrieval; specific entity identifier resolution","Question: According to the 2010 census, what was the population of the city in which Andover USD 385 is located?
Method: light
Method profile: lightweight retrieval and reasoning method
Task type: find population of a city associated with a specific school district
Answer type: other
Reasoning profile: hop_count=2; multi_hop=true; comparison=false; temporal=true; aggregation=false; entity_linking=true; relation_chaining=true; disambiguation=true
Method selection signals: organization to location mapping; temporal constraint filtering; demographic data retrieval; specific entity identifier resolution",0.1333333333,1.0,0,"[""light""]",1,False
7,"According to the 2010 census, what was the population of the city in which Andover USD 385 is located?",qagn,light,"Question: According to the 2010 census, what was the population of the city in which Andover USD 385 is located?
Method: qagn
Method profile: question answering with graph/navigation signals
Task type: find population of a city associated with a specific school district
Answer type: other
Reasoning profile: hop_count=2; multi_hop=true; comparison=false; temporal=true; aggregation=false; entity_linking=true; relation_chaining=true; disambiguation=true
Method selection signals: organization to location mapping; temporal constraint filtering; demographic data retrieval; specific entity identifier resolution","Question: According to the 2010 census, what was the population of the city in which Andover USD 385 is located?
Method: light
Method profile: lightweight retrieval and reasoning method
Task type: find population of a city associated with a specific school district
Answer type: other
Reasoning profile: hop_count=2; multi_hop=true; comparison=false; temporal=true; aggregation=false; entity_linking=true; relation_chaining=true; disambiguation=true
Method selection signals: organization to location mapping; temporal constraint filtering; demographic data retrieval; specific entity identifier resolution",0.1333333333,1.0,0,"[""light""]",1,False
8,"Kung Fu Magoo is a Mexican-American animated action comedy film with an English voice cast star best known for her roll as what in ""Naruto""?",dalk,lgraph,"Question: Kung Fu Magoo is a Mexican-American animated action comedy film with an English voice cast star best known for her roll as what in ""Naruto""?
Method: dalk
Method profile: retrieval-based QA method
Task type: identify a character role played by a voice actor from a specific film
Answer type: other
Reasoning profile: hop_count=2; multi_hop=true; comparison=false; temporal=false; aggregation=false; entity_linking=true; relation_chaining=true; disambiguation=true
Method selection signals: film cast retrieval; actor filmography cross-referencing; entity linking for film and anime titles; role identification within a franchise","Question: Kung Fu Magoo is a Mexican-American animated action comedy film with an English voice cast star best known for her roll as what in ""Naruto""?
Method: lgraph
Method profile: graph-centric reasoning and linking method
Task type: identify a character role played by a voice actor from a specific film
Answer type: other
Reasoning profile: hop_count=2; multi_hop=true; comparison=false; temporal=false; aggregation=false; entity_linking=true; relation_chaining=true; disambiguation=true
Method selection signals: film cast retrieval; actor filmography cross-referencing; entity linking for film and anime titles; role identification within a franchise",0.3333333333,1.0,0,"[""lgraph"", ""light"", ""qagn""]",3,True
8,"Kung Fu Magoo is a Mexican-American animated action comedy film with an English voice cast star best known for her roll as what in ""Naruto""?",gr,lgraph,"Question: Kung Fu Magoo is a Mexican-American animated action comedy film with an English voice cast star best known for her roll as what in ""Naruto""?
Method: gr
Method profile: graph reasoning oriented method
Task type: identify a character role played by a voice actor from a specific film
Answer type: other
Reasoning profile: hop_count=2; multi_hop=true; comparison=false; temporal=false; aggregation=false; entity_linking=true; relation_chaining=true; disambiguation=true
Method selection signals: film cast retrieval; actor filmography cross-referencing; entity linking for film and anime titles; role identification within a franchise","Question: Kung Fu Magoo is a Mexican-American animated action comedy film with an English voice cast star best known for her roll as what in ""Naruto""?
Method: lgraph
Method profile: graph-centric reasoning and linking method
Task type: identify a character role played by a voice actor from a specific film
Answer type: other
Reasoning profile: hop_count=2; multi_hop=true; comparison=false; temporal=false; aggregation=false; entity_linking=true; relation_chaining=true; disambiguation=true
Method selection signals: film cast retrieval; actor filmography cross-referencing; entity linking for film and anime titles; role identification within a franchise",0.0,1.0,0,"[""lgraph"", ""light"", ""qagn""]",3,True
8,"Kung Fu Magoo is a Mexican-American animated action comedy film with an English voice cast star best known for her roll as what in ""Naruto""?",hippo,lgraph,"Question: Kung Fu Magoo is a Mexican-American animated action comedy film with an English voice cast star best known for her roll as what in ""Naruto""?
Method: hippo
Method profile: multi-step retrieval and reasoning method
Task type: identify a character role played by a voice actor from a specific film
Answer type: other
Reasoning profile: hop_count=2; multi_hop=true; comparison=false; temporal=false; aggregation=false; entity_linking=true; relation_chaining=true; disambiguation=true
Method selection signals: film cast retrieval; actor filmography cross-referencing; entity linking for film and anime titles; role identification within a franchise","Question: Kung Fu Magoo is a Mexican-American animated action comedy film with an English voice cast star best known for her roll as what in ""Naruto""?
Method: lgraph
Method profile: graph-centric reasoning and linking method
Task type: identify a character role played by a voice actor from a specific film
Answer type: other
Reasoning profile: hop_count=2; multi_hop=true; comparison=false; temporal=false; aggregation=false; entity_linking=true; relation_chaining=true; disambiguation=true
Method selection signals: film cast retrieval; actor filmography cross-referencing; entity linking for film and anime titles; role identification within a franchise",0.16,1.0,0,"[""lgraph"", ""light"", ""qagn""]",3,True
8,"Kung Fu Magoo is a Mexican-American animated action comedy film with an English voice cast star best known for her roll as what in ""Naruto""?",dalk,light,"Question: Kung Fu Magoo is a Mexican-American animated action comedy film with an English voice cast star best known for her roll as what in ""Naruto""?
Method: dalk
Method profile: retrieval-based QA method
Task type: identify a character role played by a voice actor from a specific film
Answer type: other
Reasoning profile: hop_count=2; multi_hop=true; comparison=false; temporal=false; aggregation=false; entity_linking=true; relation_chaining=true; disambiguation=true
Method selection signals: film cast retrieval; actor filmography cross-referencing; entity linking for film and anime titles; role identification within a franchise","Question: Kung Fu Magoo is a Mexican-American animated action comedy film with an English voice cast star best known for her roll as what in ""Naruto""?
Method: light
Method profile: lightweight retrieval and reasoning method
Task type: identify a character role played by a voice actor from a specific film
Answer type: other
Reasoning profile: hop_count=2; multi_hop=true; comparison=false; temporal=false; aggregation=false; entity_linking=true; relation_chaining=true; disambiguation=true
Method selection signals: film cast retrieval; actor filmography cross-referencing; entity linking for film and anime titles; role identification within a franchise",0.3333333333,1.0,0,"[""lgraph"", ""light"", ""qagn""]",3,True
8,"Kung Fu Magoo is a Mexican-American animated action comedy film with an English voice cast star best known for her roll as what in ""Naruto""?",light,gr,"Question: Kung Fu Magoo is a Mexican-American animated action comedy film with an English voice cast star best known for her roll as what in ""Naruto""?
Method: light
Method profile: lightweight retrieval and reasoning method
Task type: identify a character role played by a voice actor from a specific film
Answer type: other
Reasoning profile: hop_count=2; multi_hop=true; comparison=false; temporal=false; aggregation=false; entity_linking=true; relation_chaining=true; disambiguation=true
Method selection signals: film cast retrieval; actor filmography cross-referencing; entity linking for film and anime titles; role identification within a franchise","Question: Kung Fu Magoo is a Mexican-American animated action comedy film with an English voice cast star best known for her roll as what in ""Naruto""?
Method: gr
Method profile: graph reasoning oriented method
Task type: identify a character role played by a voice actor from a specific film
Answer type: other
Reasoning profile: hop_count=2; multi_hop=true; comparison=false; temporal=false; aggregation=false; entity_linking=true; relation_chaining=true; disambiguation=true
Method selection signals: film cast retrieval; actor filmography cross-referencing; entity linking for film and anime titles; role identification within a franchise",1.0,0.0,1,"[""lgraph"", ""light"", ""qagn""]",3,True
8,"Kung Fu Magoo is a Mexican-American animated action comedy film with an English voice cast star best known for her roll as what in ""Naruto""?",hippo,light,"Question: Kung Fu Magoo is a Mexican-American animated action comedy film with an English voice cast star best known for her roll as what in ""Naruto""?
Method: hippo
Method profile: multi-step retrieval and reasoning method
Task type: identify a character role played by a voice actor from a specific film
Answer type: other
Reasoning profile: hop_count=2; multi_hop=true; comparison=false; temporal=false; aggregation=false; entity_linking=true; relation_chaining=true; disambiguation=true
Method selection signals: film cast retrieval; actor filmography cross-referencing; entity linking for film and anime titles; role identification within a franchise","Question: Kung Fu Magoo is a Mexican-American animated action comedy film with an English voice cast star best known for her roll as what in ""Naruto""?
Method: light
Method profile: lightweight retrieval and reasoning method
Task type: identify a character role played by a voice actor from a specific film
Answer type: other
Reasoning profile: hop_count=2; multi_hop=true; comparison=false; temporal=false; aggregation=false; entity_linking=true; relation_chaining=true; disambiguation=true
Method selection signals: film cast retrieval; actor filmography cross-referencing; entity linking for film and anime titles; role identification within a franchise",0.16,1.0,0,"[""lgraph"", ""light"", ""qagn""]",3,True
8,"Kung Fu Magoo is a Mexican-American animated action comedy film with an English voice cast star best known for her roll as what in ""Naruto""?",dalk,qagn,"Question: Kung Fu Magoo is a Mexican-American animated action comedy film with an English voice cast star best known for her roll as what in ""Naruto""?
Method: dalk
Method profile: retrieval-based QA method
Task type: identify a character role played by a voice actor from a specific film
Answer type: other
Reasoning profile: hop_count=2; multi_hop=true; comparison=false; temporal=false; aggregation=false; entity_linking=true; relation_chaining=true; disambiguation=true
Method selection signals: film cast retrieval; actor filmography cross-referencing; entity linking for film and anime titles; role identification within a franchise","Question: Kung Fu Magoo is a Mexican-American animated action comedy film with an English voice cast star best known for her roll as what in ""Naruto""?
Method: qagn
Method profile: question answering with graph/navigation signals
Task type: identify a character role played by a voice actor from a specific film
Answer type: other
Reasoning profile: hop_count=2; multi_hop=true; comparison=false; temporal=false; aggregation=false; entity_linking=true; relation_chaining=true; disambiguation=true
Method selection signals: film cast retrieval; actor filmography cross-referencing; entity linking for film and anime titles; role identification within a franchise",0.3333333333,1.0,0,"[""lgraph"", ""light"", ""qagn""]",3,True
8,"Kung Fu Magoo is a Mexican-American animated action comedy film with an English voice cast star best known for her roll as what in ""Naruto""?",gr,qagn,"Question: Kung Fu Magoo is a Mexican-American animated action comedy film with an English voice cast star best known for her roll as what in ""Naruto""?
Method: gr
Method profile: graph reasoning oriented method
Task type: identify a character role played by a voice actor from a specific film
Answer type: other
Reasoning profile: hop_count=2; multi_hop=true; comparison=false; temporal=false; aggregation=false; entity_linking=true; relation_chaining=true; disambiguation=true
Method selection signals: film cast retrieval; actor filmography cross-referencing; entity linking for film and anime titles; role identification within a franchise","Question: Kung Fu Magoo is a Mexican-American animated action comedy film with an English voice cast star best known for her roll as what in ""Naruto""?
Method: qagn
Method profile: question answering with graph/navigation signals
Task type: identify a character role played by a voice actor from a specific film
Answer type: other
Reasoning profile: hop_count=2; multi_hop=true; comparison=false; temporal=false; aggregation=false; entity_linking=true; relation_chaining=true; disambiguation=true
Method selection signals: film cast retrieval; actor filmography cross-referencing; entity linking for film and anime titles; role identification within a franchise",0.0,1.0,0,"[""lgraph"", ""light"", ""qagn""]",3,True
8,"Kung Fu Magoo is a Mexican-American animated action comedy film with an English voice cast star best known for her roll as what in ""Naruto""?",hippo,qagn,"Question: Kung Fu Magoo is a Mexican-American animated action comedy film with an English voice cast star best known for her roll as what in ""Naruto""?
Method: hippo
Method profile: multi-step retrieval and reasoning method
Task type: identify a character role played by a voice actor from a specific film
Answer type: other
Reasoning profile: hop_count=2; multi_hop=true; comparison=false; temporal=false; aggregation=false; entity_linking=true; relation_chaining=true; disambiguation=true
Method selection signals: film cast retrieval; actor filmography cross-referencing; entity linking for film and anime titles; role identification within a franchise","Question: Kung Fu Magoo is a Mexican-American animated action comedy film with an English voice cast star best known for her roll as what in ""Naruto""?
Method: qagn
Method profile: question answering with graph/navigation signals
Task type: identify a character role played by a voice actor from a specific film
Answer type: other
Reasoning profile: hop_count=2; multi_hop=true; comparison=false; temporal=false; aggregation=false; entity_linking=true; relation_chaining=true; disambiguation=true
Method selection signals: film cast retrieval; actor filmography cross-referencing; entity linking for film and anime titles; role identification within a franchise",0.16,1.0,0,"[""lgraph"", ""light"", ""qagn""]",3,True
10,The eldest daughter of Princess Louise of Denmark and Norway was the wife of a king whose motto was what?,dalk,hippo,"Question: The eldest daughter of Princess Louise of Denmark and Norway was the wife of a king whose motto was what?
Method: dalk
Method profile: retrieval-based QA method
Task type: find the motto of a king identified through a familial chain
Answer type: other
Reasoning profile: hop_count=3; multi_hop=true; comparison=true; temporal=true; aggregation=false; entity_linking=true; relation_chaining=true; disambiguation=true
Method selection signals: multi-hop relation chaining across genealogy; entity disambiguation for historical royalty; birth order comparison for entity selection; retrieval of specific attributes (motto) for a monarch","Question: The eldest daughter of Princess Louise of Denmark and Norway was the wife of a king whose motto was what?
Method: hippo
Method profile: multi-step retrieval and reasoning method
Task type: find the motto of a king identified through a familial chain
Answer type: other
Reasoning profile: hop_count=3; multi_hop=true; comparison=true; temporal=true; aggregation=false; entity_linking=true; relation_chaining=true; disambiguation=true
Method selection signals: multi-hop relation chaining across genealogy; entity disambiguation for historical royalty; birth order comparison for entity selection; retrieval of specific attributes (motto) for a monarch",0.0,0.0689655172,0,"[""hippo""]",1,False
10,The eldest daughter of Princess Louise of Denmark and Norway was the wife of a king whose motto was what?,gr,hippo,"Question: The eldest daughter of Princess Louise of Denmark and Norway was the wife of a king whose motto was what?
Method: gr
Method profile: graph reasoning oriented method
Task type: find the motto of a king identified through a familial chain
Answer type: other
Reasoning profile: hop_count=3; multi_hop=true; comparison=true; temporal=true; aggregation=false; entity_linking=true; relation_chaining=true; disambiguation=true
Method selection signals: multi-hop relation chaining across genealogy; entity disambiguation for historical royalty; birth order comparison for entity selection; retrieval of specific attributes (motto) for a monarch","Question: The eldest daughter of Princess Louise of Denmark and Norway was the wife of a king whose motto was what?
Method: hippo
Method profile: multi-step retrieval and reasoning method
Task type: find the motto of a king identified through a familial chain
Answer type: other
Reasoning profile: hop_count=3; multi_hop=true; comparison=true; temporal=true; aggregation=false; entity_linking=true; relation_chaining=true; disambiguation=true
Method selection signals: multi-hop relation chaining across genealogy; entity disambiguation for historical royalty; birth order comparison for entity selection; retrieval of specific attributes (motto) for a monarch",0.0,0.0689655172,0,"[""hippo""]",1,False
10,The eldest daughter of Princess Louise of Denmark and Norway was the wife of a king whose motto was what?,hippo,lgraph,"Question: The eldest daughter of Princess Louise of Denmark and Norway was the wife of a king whose motto was what?
Method: hippo
Method profile: multi-step retrieval and reasoning method
Task type: find the motto of a king identified through a familial chain
Answer type: other
Reasoning profile: hop_count=3; multi_hop=true; comparison=true; temporal=true; aggregation=false; entity_linking=true; relation_chaining=true; disambiguation=true
Method selection signals: multi-hop relation chaining across genealogy; entity disambiguation for historical royalty; birth order comparison for entity selection; retrieval of specific attributes (motto) for a monarch","Question: The eldest daughter of Princess Louise of Denmark and Norway was the wife of a king whose motto was what?
Method: lgraph
Method profile: graph-centric reasoning and linking method
Task type: find the motto of a king identified through a familial chain
Answer type: other
Reasoning profile: hop_count=3; multi_hop=true; comparison=true; temporal=true; aggregation=false; entity_linking=true; relation_chaining=true; disambiguation=true
Method selection signals: multi-hop relation chaining across genealogy; entity disambiguation for historical royalty; birth order comparison for entity selection; retrieval of specific attributes (motto) for a monarch",0.0689655172,0.0,1,"[""hippo""]",1,False
10,The eldest daughter of Princess Louise of Denmark and Norway was the wife of a king whose motto was what?,hippo,light,"Question: The eldest daughter of Princess Louise of Denmark and Norway was the wife of a king whose motto was what?
Method: hippo
Method profile: multi-step retrieval and reasoning method
Task type: find the motto of a king identified through a familial chain
Answer type: other
Reasoning profile: hop_count=3; multi_hop=true; comparison=true; temporal=true; aggregation=false; entity_linking=true; relation_chaining=true; disambiguation=true
Method selection signals: multi-hop relation chaining across genealogy; entity disambiguation for historical royalty; birth order comparison for entity selection; retrieval of specific attributes (motto) for a monarch","Question: The eldest daughter of Princess Louise of Denmark and Norway was the wife of a king whose motto was what?
Method: light
Method profile: lightweight retrieval and reasoning method
Task type: find the motto of a king identified through a familial chain
Answer type: other
Reasoning profile: hop_count=3; multi_hop=true; comparison=true; temporal=true; aggregation=false; entity_linking=true; relation_chaining=true; disambiguation=true
Method selection signals: multi-hop relation chaining across genealogy; entity disambiguation for historical royalty; birth order comparison for entity selection; retrieval of specific attributes (motto) for a monarch",0.0689655172,0.0,1,"[""hippo""]",1,False
10,The eldest daughter of Princess Louise of Denmark and Norway was the wife of a king whose motto was what?,hippo,qagn,"Question: The eldest daughter of Princess Louise of Denmark and Norway was the wife of a king whose motto was what?
Method: hippo
Method profile: multi-step retrieval and reasoning method
Task type: find the motto of a king identified through a familial chain
Answer type: other
Reasoning profile: hop_count=3; multi_hop=true; comparison=true; temporal=true; aggregation=false; entity_linking=true; relation_chaining=true; disambiguation=true
Method selection signals: multi-hop relation chaining across genealogy; entity disambiguation for historical royalty; birth order comparison for entity selection; retrieval of specific attributes (motto) for a monarch","Question: The eldest daughter of Princess Louise of Denmark and Norway was the wife of a king whose motto was what?
Method: qagn
Method profile: question answering with graph/navigation signals
Task type: find the motto of a king identified through a familial chain
Answer type: other
Reasoning profile: hop_count=3; multi_hop=true; comparison=true; temporal=true; aggregation=false; entity_linking=true; relation_chaining=true; disambiguation=true
Method selection signals: multi-hop relation chaining across genealogy; entity disambiguation for historical royalty; birth order comparison for entity selection; retrieval of specific attributes (motto) for a monarch",0.0689655172,0.064516129,1,"[""hippo""]",1,False
12,What German is Arthur Wesley Wheen best known for translating?,gr,dalk,"Question: What German is Arthur Wesley Wheen best known for translating?
Method: gr
Method profile: graph reasoning oriented method
Task type: find the name of a German author associated with a specific translator
Answer type: person
Reasoning profile: hop_count=2; multi_hop=true; comparison=false; temporal=false; aggregation=true; entity_linking=true; relation_chaining=true; disambiguation=false
Method selection signals: Entity linking for specific historical translator; Relation chaining through translated works to original author; Notability assessment to select best known work; Nationality constraint filtering","Question: What German is Arthur Wesley Wheen best known for translating?
Method: dalk
Method profile: retrieval-based QA method
Task type: find the name of a German author associated with a specific translator
Answer type: person
Reasoning profile: hop_count=2; multi_hop=true; comparison=false; temporal=false; aggregation=true; entity_linking=true; relation_chaining=true; disambiguation=false
Method selection signals: Entity linking for specific historical translator; Relation chaining through translated works to original author; Notability assessment to select best known work; Nationality constraint filtering",0.3333333333,0.0,1,"[""gr""]",1,False
12,What German is Arthur Wesley Wheen best known for translating?,gr,hippo,"Question: What German is Arthur Wesley Wheen best known for translating?
Method: gr
Method profile: graph reasoning oriented method
Task type: find the name of a German author associated with a specific translator
Answer type: person
Reasoning profile: hop_count=2; multi_hop=true; comparison=false; temporal=false; aggregation=true; entity_linking=true; relation_chaining=true; disambiguation=false
Method selection signals: Entity linking for specific historical translator; Relation chaining through translated works to original author; Notability assessment to select best known work; Nationality constraint filtering","Question: What German is Arthur Wesley Wheen best known for translating?
Method: hippo
Method profile: multi-step retrieval and reasoning method
Task type: find the name of a German author associated with a specific translator
Answer type: person
Reasoning profile: hop_count=2; multi_hop=true; comparison=false; temporal=false; aggregation=true; entity_linking=true; relation_chaining=true; disambiguation=false
Method selection signals: Entity linking for specific historical translator; Relation chaining through translated works to original author; Notability assessment to select best known work; Nationality constraint filtering",0.3333333333,0.1176470588,1,"[""gr""]",1,False
12,What German is Arthur Wesley Wheen best known for translating?,gr,lgraph,"Question: What German is Arthur Wesley Wheen best known for translating?
Method: gr
Method profile: graph reasoning oriented method
Task type: find the name of a German author associated with a specific translator
Answer type: person
Reasoning profile: hop_count=2; multi_hop=true; comparison=false; temporal=false; aggregation=true; entity_linking=true; relation_chaining=true; disambiguation=false
Method selection signals: Entity linking for specific historical translator; Relation chaining through translated works to original author; Notability assessment to select best known work; Nationality constraint filtering","Question: What German is Arthur Wesley Wheen best known for translating?
Method: lgraph
Method profile: graph-centric reasoning and linking method
Task type: find the name of a German author associated with a specific translator
Answer type: person
Reasoning profile: hop_count=2; multi_hop=true; comparison=false; temporal=false; aggregation=true; entity_linking=true; relation_chaining=true; disambiguation=false
Method selection signals: Entity linking for specific historical translator; Relation chaining through translated works to original author; Notability assessment to select best known work; Nationality constraint filtering",0.3333333333,0.0,1,"[""gr""]",1,False
12,What German is Arthur Wesley Wheen best known for translating?,gr,light,"Question: What German is Arthur Wesley Wheen best known for translating?
Method: gr
Method profile: graph reasoning oriented method
Task type: find the name of a German author associated with a specific translator
Answer type: person
Reasoning profile: hop_count=2; multi_hop=true; comparison=false; temporal=false; aggregation=true; entity_linking=true; relation_chaining=true; disambiguation=false
Method selection signals: Entity linking for specific historical translator; Relation chaining through translated works to original author; Notability assessment to select best known work; Nationality constraint filtering","Question: What German is Arthur Wesley Wheen best known for translating?
Method: light
Method profile: lightweight retrieval and reasoning method
Task type: find the name of a German author associated with a specific translator
Answer type: person
Reasoning profile: hop_count=2; multi_hop=true; comparison=false; temporal=false; aggregation=true; entity_linking=true; relation_chaining=true; disambiguation=false
Method selection signals: Entity linking for specific historical translator; Relation chaining through translated works to original author; Notability assessment to select best known work; Nationality constraint filtering",0.3333333333,0.0,1,"[""gr""]",1,False
12,What German is Arthur Wesley Wheen best known for translating?,qagn,gr,"Question: What German is Arthur Wesley Wheen best known for translating?
Method: qagn
Method profile: question answering with graph/navigation signals
Task type: find the name of a German author associated with a specific translator
Answer type: person
Reasoning profile: hop_count=2; multi_hop=true; comparison=false; temporal=false; aggregation=true; entity_linking=true; relation_chaining=true; disambiguation=false
Method selection signals: Entity linking for specific historical translator; Relation chaining through translated works to original author; Notability assessment to select best known work; Nationality constraint filtering","Question: What German is Arthur Wesley Wheen best known for translating?
Method: gr
Method profile: graph reasoning oriented method
Task type: find the name of a German author associated with a specific translator
Answer type: person
Reasoning profile: hop_count=2; multi_hop=true; comparison=false; temporal=false; aggregation=true; entity_linking=true; relation_chaining=true; disambiguation=false
Method selection signals: Entity linking for specific historical translator; Relation chaining through translated works to original author; Notability assessment to select best known work; Nationality constraint filtering",0.0,0.3333333333,0,"[""gr""]",1,False
15,Arundel Castle was damaged during a war between which two groups?,dalk,gr,"Question: Arundel Castle was damaged during a war between which two groups?
Method: dalk
Method profile: retrieval-based QA method
Task type: identify opposing factions in a war associated with damage to a specific castle
Answer type: organization
Reasoning profile: hop_count=2; multi_hop=true; comparison=false; temporal=false; aggregation=false; entity_linking=true; relation_chaining=true; disambiguation=false
Method selection signals: historical entity lookup; relation chaining from location to event; identification of conflict participants; factual retrieval about landmark history","Question: Arundel Castle was damaged during a war between which two groups?
Method: gr
Method profile: graph reasoning oriented method
Task type: identify opposing factions in a war associated with damage to a specific castle
Answer type: organization
Reasoning profile: hop_count=2; multi_hop=true; comparison=false; temporal=false; aggregation=false; entity_linking=true; relation_chaining=true; disambiguation=false
Method selection signals: historical entity lookup; relation chaining from location to event; identification of conflict participants; factual retrieval about landmark history",0.3529411765,0.0,1,"[""dalk""]",1,False
15,Arundel Castle was damaged during a war between which two groups?,dalk,hippo,"Question: Arundel Castle was damaged during a war between which two groups?
Method: dalk
Method profile: retrieval-based QA method
Task type: identify opposing factions in a war associated with damage to a specific castle
Answer type: organization
Reasoning profile: hop_count=2; multi_hop=true; comparison=false; temporal=false; aggregation=false; entity_linking=true; relation_chaining=true; disambiguation=false
Method selection signals: historical entity lookup; relation chaining from location to event; identification of conflict participants; factual retrieval about landmark history","Question: Arundel Castle was damaged during a war between which two groups?
Method: hippo
Method profile: multi-step retrieval and reasoning method
Task type: identify opposing factions in a war associated with damage to a specific castle
Answer type: organization
Reasoning profile: hop_count=2; multi_hop=true; comparison=false; temporal=false; aggregation=false; entity_linking=true; relation_chaining=true; disambiguation=false
Method selection signals: historical entity lookup; relation chaining from location to event; identification of conflict participants; factual retrieval about landmark history",0.3529411765,0.0,1,"[""dalk""]",1,False
15,Arundel Castle was damaged during a war between which two groups?,dalk,lgraph,"Question: Arundel Castle was damaged during a war between which two groups?
Method: dalk
Method profile: retrieval-based QA method
Task type: identify opposing factions in a war associated with damage to a specific castle
Answer type: organization
Reasoning profile: hop_count=2; multi_hop=true; comparison=false; temporal=false; aggregation=false; entity_linking=true; relation_chaining=true; disambiguation=false
Method selection signals: historical entity lookup; relation chaining from location to event; identification of conflict participants; factual retrieval about landmark history","Question: Arundel Castle was damaged during a war between which two groups?
Method: lgraph
Method profile: graph-centric reasoning and linking method
Task type: identify opposing factions in a war associated with damage to a specific castle
Answer type: organization
Reasoning profile: hop_count=2; multi_hop=true; comparison=false; temporal=false; aggregation=false; entity_linking=true; relation_chaining=true; disambiguation=false
Method selection signals: historical entity lookup; relation chaining from location to event; identification of conflict participants; factual retrieval about landmark history",0.3529411765,0.0,1,"[""dalk""]",1,False
15,Arundel Castle was damaged during a war between which two groups?,dalk,light,"Question: Arundel Castle was damaged during a war between which two groups?
Method: dalk
Method profile: retrieval-based QA method
Task type: identify opposing factions in a war associated with damage to a specific castle
Answer type: organization
Reasoning profile: hop_count=2; multi_hop=true; comparison=false; temporal=false; aggregation=false; entity_linking=true; relation_chaining=true; disambiguation=false
Method selection signals: historical entity lookup; relation chaining from location to event; identification of conflict participants; factual retrieval about landmark history","Question: Arundel Castle was damaged during a war between which two groups?
Method: light
Method profile: lightweight retrieval and reasoning method
Task type: identify opposing factions in a war associated with damage to a specific castle
Answer type: organization
Reasoning profile: hop_count=2; multi_hop=true; comparison=false; temporal=false; aggregation=false; entity_linking=true; relation_chaining=true; disambiguation=false
Method selection signals: historical entity lookup; relation chaining from location to event; identification of conflict participants; factual retrieval about landmark history",0.3529411765,0.0,1,"[""dalk""]",1,False
15,Arundel Castle was damaged during a war between which two groups?,qagn,dalk,"Question: Arundel Castle was damaged during a war between which two groups?
Method: qagn
Method profile: question answering with graph/navigation signals
Task type: identify opposing factions in a war associated with damage to a specific castle
Answer type: organization
Reasoning profile: hop_count=2; multi_hop=true; comparison=false; temporal=false; aggregation=false; entity_linking=true; relation_chaining=true; disambiguation=false
Method selection signals: historical entity lookup; relation chaining from location to event; identification of conflict participants; factual retrieval about landmark history","Question: Arundel Castle was damaged during a war between which two groups?
Method: dalk
Method profile: retrieval-based QA method
Task type: identify opposing factions in a war associated with damage to a specific castle
Answer type: organization
Reasoning profile: hop_count=2; multi_hop=true; comparison=false; temporal=false; aggregation=false; entity_linking=true; relation_chaining=true; disambiguation=false
Method selection signals: historical entity lookup; relation chaining from location to event; identification of conflict participants; factual retrieval about landmark history",0.0,0.3529411765,0,"[""dalk""]",1,False
16,What company founded in 1886 has owned the K-Y brand?,dalk,hippo,"Question: What company founded in 1886 has owned the K-Y brand?
Method: dalk
Method profile: retrieval-based QA method
Task type: identify a company based on founding year and brand ownership
Answer type: organization
Reasoning profile: hop_count=2; multi_hop=true; comparison=false; temporal=true; aggregation=false; entity_linking=true; relation_chaining=true; disambiguation=true
Method selection signals: entity linking for brand name; ownership history retrieval; temporal filtering by founding year; multi-hop reasoning between brand and company attributes","Question: What company founded in 1886 has owned the K-Y brand?
Method: hippo
Method profile: multi-step retrieval and reasoning method
Task type: identify a company based on founding year and brand ownership
Answer type: organization
Reasoning profile: hop_count=2; multi_hop=true; comparison=false; temporal=true; aggregation=false; entity_linking=true; relation_chaining=true; disambiguation=true
Method selection signals: entity linking for brand name; ownership history retrieval; temporal filtering by founding year; multi-hop reasoning between brand and company attributes",0.0,1.0,0,"[""hippo"", ""lgraph"", ""light"", ""qagn""]",4,True
16,What company founded in 1886 has owned the K-Y brand?,gr,hippo,"Question: What company founded in 1886 has owned the K-Y brand?
Method: gr
Method profile: graph reasoning oriented method
Task type: identify a company based on founding year and brand ownership
Answer type: organization
Reasoning profile: hop_count=2; multi_hop=true; comparison=false; temporal=true; aggregation=false; entity_linking=true; relation_chaining=true; disambiguation=true
Method selection signals: entity linking for brand name; ownership history retrieval; temporal filtering by founding year; multi-hop reasoning between brand and company attributes","Question: What company founded in 1886 has owned the K-Y brand?
Method: hippo
Method profile: multi-step retrieval and reasoning method
Task type: identify a company based on founding year and brand ownership
Answer type: organization
Reasoning profile: hop_count=2; multi_hop=true; comparison=false; temporal=true; aggregation=false; entity_linking=true; relation_chaining=true; disambiguation=true
Method selection signals: entity linking for brand name; ownership history retrieval; temporal filtering by founding year; multi-hop reasoning between brand and company attributes",0.0,1.0,0,"[""hippo"", ""lgraph"", ""light"", ""qagn""]",4,True
16,What company founded in 1886 has owned the K-Y brand?,lgraph,dalk,"Question: What company founded in 1886 has owned the K-Y brand?
Method: lgraph
Method profile: graph-centric reasoning and linking method
Task type: identify a company based on founding year and brand ownership
Answer type: organization
Reasoning profile: hop_count=2; multi_hop=true; comparison=false; temporal=true; aggregation=false; entity_linking=true; relation_chaining=true; disambiguation=true
Method selection signals: entity linking for brand name; ownership history retrieval; temporal filtering by founding year; multi-hop reasoning between brand and company attributes","Question: What company founded in 1886 has owned the K-Y brand?
Method: dalk
Method profile: retrieval-based QA method
Task type: identify a company based on founding year and brand ownership
Answer type: organization
Reasoning profile: hop_count=2; multi_hop=true; comparison=false; temporal=true; aggregation=false; entity_linking=true; relation_chaining=true; disambiguation=true
Method selection signals: entity linking for brand name; ownership history retrieval; temporal filtering by founding year; multi-hop reasoning between brand and company attributes",1.0,0.0,1,"[""hippo"", ""lgraph"", ""light"", ""qagn""]",4,True
16,What company founded in 1886 has owned the K-Y brand?,gr,lgraph,"Question: What company founded in 1886 has owned the K-Y brand?
Method: gr
Method profile: graph reasoning oriented method
Task type: identify a company based on founding year and brand ownership
Answer type: organization
Reasoning profile: hop_count=2; multi_hop=true; comparison=false; temporal=true; aggregation=false; entity_linking=true; relation_chaining=true; disambiguation=true
Method selection signals: entity linking for brand name; ownership history retrieval; temporal filtering by founding year; multi-hop reasoning between brand and company attributes","Question: What company founded in 1886 has owned the K-Y brand?
Method: lgraph
Method profile: graph-centric reasoning and linking method
Task type: identify a company based on founding year and brand ownership
Answer type: organization
Reasoning profile: hop_count=2; multi_hop=true; comparison=false; temporal=true; aggregation=false; entity_linking=true; relation_chaining=true; disambiguation=true
Method selection signals: entity linking for brand name; ownership history retrieval; temporal filtering by founding year; multi-hop reasoning between brand and company attributes",0.0,1.0,0,"[""hippo"", ""lgraph"", ""light"", ""qagn""]",4,True
16,What company founded in 1886 has owned the K-Y brand?,light,dalk,"Question: What company founded in 1886 has owned the K-Y brand?
Method: light
Method profile: lightweight retrieval and reasoning method
Task type: identify a company based on founding year and brand ownership
Answer type: organization
Reasoning profile: hop_count=2; multi_hop=true; comparison=false; temporal=true; aggregation=false; entity_linking=true; relation_chaining=true; disambiguation=true
Method selection signals: entity linking for brand name; ownership history retrieval; temporal filtering by founding year; multi-hop reasoning between brand and company attributes","Question: What company founded in 1886 has owned the K-Y brand?
Method: dalk
Method profile: retrieval-based QA method
Task type: identify a company based on founding year and brand ownership
Answer type: organization
Reasoning profile: hop_count=2; multi_hop=true; comparison=false; temporal=true; aggregation=false; entity_linking=true; relation_chaining=true; disambiguation=true
Method selection signals: entity linking for brand name; ownership history retrieval; temporal filtering by founding year; multi-hop reasoning between brand and company attributes",1.0,0.0,1,"[""hippo"", ""lgraph"", ""light"", ""qagn""]",4,True
16,What company founded in 1886 has owned the K-Y brand?,light,gr,"Question: What company founded in 1886 has owned the K-Y brand?
Method: light
Method profile: lightweight retrieval and reasoning method
Task type: identify a company based on founding year and brand ownership
Answer type: organization
Reasoning profile: hop_count=2; multi_hop=true; comparison=false; temporal=true; aggregation=false; entity_linking=true; relation_chaining=true; disambiguation=true
Method selection signals: entity linking for brand name; ownership history retrieval; temporal filtering by founding year; multi-hop reasoning between brand and company attributes","Question: What company founded in 1886 has owned the K-Y brand?
Method: gr
Method profile: graph reasoning oriented method
Task type: identify a company based on founding year and brand ownership
Answer type: organization
Reasoning profile: hop_count=2; multi_hop=true; comparison=false; temporal=true; aggregation=false; entity_linking=true; relation_chaining=true; disambiguation=true
Method selection signals: entity linking for brand name; ownership history retrieval; temporal filtering by founding year; multi-hop reasoning between brand and company attributes",1.0,0.0,1,"[""hippo"", ""lgraph"", ""light"", ""qagn""]",4,True
16,What company founded in 1886 has owned the K-Y brand?,dalk,qagn,"Question: What company founded in 1886 has owned the K-Y brand?
Method: dalk
Method profile: retrieval-based QA method
Task type: identify a company based on founding year and brand ownership
Answer type: organization
Reasoning profile: hop_count=2; multi_hop=true; comparison=false; temporal=true; aggregation=false; entity_linking=true; relation_chaining=true; disambiguation=true
Method selection signals: entity linking for brand name; ownership history retrieval; temporal filtering by founding year; multi-hop reasoning between brand and company attributes","Question: What company founded in 1886 has owned the K-Y brand?
Method: qagn
Method profile: question answering with graph/navigation signals
Task type: identify a company based on founding year and brand ownership
Answer type: organization
Reasoning profile: hop_count=2; multi_hop=true; comparison=false; temporal=true; aggregation=false; entity_linking=true; relation_chaining=true; disambiguation=true
Method selection signals: entity linking for brand name; ownership history retrieval; temporal filtering by founding year; multi-hop reasoning between brand and company attributes",0.0,1.0,0,"[""hippo"", ""lgraph"", ""light"", ""qagn""]",4,True
16,What company founded in 1886 has owned the K-Y brand?,gr,qagn,"Question: What company founded in 1886 has owned the K-Y brand?
Method: gr
Method profile: graph reasoning oriented method
Task type: identify a company based on founding year and brand ownership
Answer type: organization
Reasoning profile: hop_count=2; multi_hop=true; comparison=false; temporal=true; aggregation=false; entity_linking=true; relation_chaining=true; disambiguation=true
Method selection signals: entity linking for brand name; ownership history retrieval; temporal filtering by founding year; multi-hop reasoning between brand and company attributes","Question: What company founded in 1886 has owned the K-Y brand?
Method: qagn
Method profile: question answering with graph/navigation signals
Task type: identify a company based on founding year and brand ownership
Answer type: organization
Reasoning profile: hop_count=2; multi_hop=true; comparison=false; temporal=true; aggregation=false; entity_linking=true; relation_chaining=true; disambiguation=true
Method selection signals: entity linking for brand name; ownership history retrieval; temporal filtering by founding year; multi-hop reasoning between brand and company attributes",0.0,1.0,0,"[""hippo"", ""lgraph"", ""light"", ""qagn""]",4,True
18,Who covered the song I Love You by Chris Write?,dalk,hippo,"Question: Who covered the song I Love You by Chris Write?
Method: dalk
Method profile: retrieval-based QA method
Task type: find the artist who performed a cover version of a specific song
Answer type: person
Reasoning profile: hop_count=2; multi_hop=true; comparison=false; temporal=false; aggregation=false; entity_linking=true; relation_chaining=true; disambiguation=true
Method selection signals: entity resolution for song title and artist name; music metadata retrieval; cover version relation tracking; disambiguation of common song titles","Question: Who covered the song I Love You by Chris Write?
Method: hippo
Method profile: multi-step retrieval and reasoning method
Task type: find the artist who performed a cover version of a specific song
Answer type: person
Reasoning profile: hop_count=2; multi_hop=true; comparison=false; temporal=false; aggregation=false; entity_linking=true; relation_chaining=true; disambiguation=true
Method selection signals: entity resolution for song title and artist name; music metadata retrieval; cover version relation tracking; disambiguation of common song titles",0.3,0.4285714286,0,"[""hippo"", ""light"", ""qagn""]",3,True
18,Who covered the song I Love You by Chris Write?,gr,hippo,"Question: Who covered the song I Love You by Chris Write?
Method: gr
Method profile: graph reasoning oriented method
Task type: find the artist who performed a cover version of a specific song
Answer type: person
Reasoning profile: hop_count=2; multi_hop=true; comparison=false; temporal=false; aggregation=false; entity_linking=true; relation_chaining=true; disambiguation=true
Method selection signals: entity resolution for song title and artist name; music metadata retrieval; cover version relation tracking; disambiguation of common song titles","Question: Who covered the song I Love You by Chris Write?
Method: hippo
Method profile: multi-step retrieval and reasoning method
Task type: find the artist who performed a cover version of a specific song
Answer type: person
Reasoning profile: hop_count=2; multi_hop=true; comparison=false; temporal=false; aggregation=false; entity_linking=true; relation_chaining=true; disambiguation=true
Method selection signals: entity resolution for song title and artist name; music metadata retrieval; cover version relation tracking; disambiguation of common song titles",0.0,0.4285714286,0,"[""hippo"", ""light"", ""qagn""]",3,True
18,Who covered the song I Love You by Chris Write?,lgraph,hippo,"Question: Who covered the song I Love You by Chris Write?
Method: lgraph
Method profile: graph-centric reasoning and linking method
Task type: find the artist who performed a cover version of a specific song
Answer type: person
Reasoning profile: hop_count=2; multi_hop=true; comparison=false; temporal=false; aggregation=false; entity_linking=true; relation_chaining=true; disambiguation=true
Method selection signals: entity resolution for song title and artist name; music metadata retrieval; cover version relation tracking; disambiguation of common song titles","Question: Who covered the song I Love You by Chris Write?
Method: hippo
Method profile: multi-step retrieval and reasoning method
Task type: find the artist who performed a cover version of a specific song
Answer type: person
Reasoning profile: hop_count=2; multi_hop=true; comparison=false; temporal=false; aggregation=false; entity_linking=true; relation_chaining=true; disambiguation=true
Method selection signals: entity resolution for song title and artist name; music metadata retrieval; cover version relation tracking; disambiguation of common song titles",0.375,0.4285714286,0,"[""hippo"", ""light"", ""qagn""]",3,True
18,Who covered the song I Love You by Chris Write?,dalk,light,"Question: Who covered the song I Love You by Chris Write?
Method: dalk
Method profile: retrieval-based QA method
Task type: find the artist who performed a cover version of a specific song
Answer type: person
Reasoning profile: hop_count=2; multi_hop=true; comparison=false; temporal=false; aggregation=false; entity_linking=true; relation_chaining=true; disambiguation=true
Method selection signals: entity resolution for song title and artist name; music metadata retrieval; cover version relation tracking; disambiguation of common song titles","Question: Who covered the song I Love You by Chris Write?
Method: light
Method profile: lightweight retrieval and reasoning method
Task type: find the artist who performed a cover version of a specific song
Answer type: person
Reasoning profile: hop_count=2; multi_hop=true; comparison=false; temporal=false; aggregation=false; entity_linking=true; relation_chaining=true; disambiguation=true
Method selection signals: entity resolution for song title and artist name; music metadata retrieval; cover version relation tracking; disambiguation of common song titles",0.3,0.4285714286,0,"[""hippo"", ""light"", ""qagn""]",3,True
18,Who covered the song I Love You by Chris Write?,light,gr,"Question: Who covered the song I Love You by Chris Write?
Method: light
Method profile: lightweight retrieval and reasoning method
Task type: find the artist who performed a cover version of a specific song
Answer type: person
Reasoning profile: hop_count=2; multi_hop=true; comparison=false; temporal=false; aggregation=false; entity_linking=true; relation_chaining=true; disambiguation=true
Method selection signals: entity resolution for song title and artist name; music metadata retrieval; cover version relation tracking; disambiguation of common song titles","Question: Who covered the song I Love You by Chris Write?
Method: gr
Method profile: graph reasoning oriented method
Task type: find the artist who performed a cover version of a specific song
Answer type: person
Reasoning profile: hop_count=2; multi_hop=true; comparison=false; temporal=false; aggregation=false; entity_linking=true; relation_chaining=true; disambiguation=true
Method selection signals: entity resolution for song title and artist name; music metadata retrieval; cover version relation tracking; disambiguation of common song titles",0.4285714286,0.0,1,"[""hippo"", ""light"", ""qagn""]",3,True
18,Who covered the song I Love You by Chris Write?,light,lgraph,"Question: Who covered the song I Love You by Chris Write?
Method: light
Method profile: lightweight retrieval and reasoning method
Task type: find the artist who performed a cover version of a specific song
Answer type: person
Reasoning profile: hop_count=2; multi_hop=true; comparison=false; temporal=false; aggregation=false; entity_linking=true; relation_chaining=true; disambiguation=true
Method selection signals: entity resolution for song title and artist name; music metadata retrieval; cover version relation tracking; disambiguation of common song titles","Question: Who covered the song I Love You by Chris Write?
Method: lgraph
Method profile: graph-centric reasoning and linking method
Task type: find the artist who performed a cover version of a specific song
Answer type: person
Reasoning profile: hop_count=2; multi_hop=true; comparison=false; temporal=false; aggregation=false; entity_linking=true; relation_chaining=true; disambiguation=true
Method selection signals: entity resolution for song title and artist name; music metadata retrieval; cover version relation tracking; disambiguation of common song titles",0.4285714286,0.375,1,"[""hippo"", ""light"", ""qagn""]",3,True
18,Who covered the song I Love You by Chris Write?,qagn,dalk,"Question: Who covered the song I Love You by Chris Write?
Method: qagn
Method profile: question answering with graph/navigation signals
Task type: find the artist who performed a cover version of a specific song
Answer type: person
Reasoning profile: hop_count=2; multi_hop=true; comparison=false; temporal=false; aggregation=false; entity_linking=true; relation_chaining=true; disambiguation=true
Method selection signals: entity resolution for song title and artist name; music metadata retrieval; cover version relation tracking; disambiguation of common song titles","Question: Who covered the song I Love You by Chris Write?
Method: dalk
Method profile: retrieval-based QA method
Task type: find the artist who performed a cover version of a specific song
Answer type: person
Reasoning profile: hop_count=2; multi_hop=true; comparison=false; temporal=false; aggregation=false; entity_linking=true; relation_chaining=true; disambiguation=true
Method selection signals: entity resolution for song title and artist name; music metadata retrieval; cover version relation tracking; disambiguation of common song titles",0.4285714286,0.3,1,"[""hippo"", ""light"", ""qagn""]",3,True
18,Who covered the song I Love You by Chris Write?,qagn,gr,"Question: Who covered the song I Love You by Chris Write?
Method: qagn
Method profile: question answering with graph/navigation signals
Task type: find the artist who performed a cover version of a specific song
Answer type: person
Reasoning profile: hop_count=2; multi_hop=true; comparison=false; temporal=false; aggregation=false; entity_linking=true; relation_chaining=true; disambiguation=true
Method selection signals: entity resolution for song title and artist name; music metadata retrieval; cover version relation tracking; disambiguation of common song titles","Question: Who covered the song I Love You by Chris Write?
Method: gr
Method profile: graph reasoning oriented method
Task type: find the artist who performed a cover version of a specific song
Answer type: person
Reasoning profile: hop_count=2; multi_hop=true; comparison=false; temporal=false; aggregation=false; entity_linking=true; relation_chaining=true; disambiguation=true
Method selection signals: entity resolution for song title and artist name; music metadata retrieval; cover version relation tracking; disambiguation of common song titles",0.4285714286,0.0,1,"[""hippo"", ""light"", ""qagn""]",3,True
18,Who covered the song I Love You by Chris Write?,qagn,lgraph,"Question: Who covered the song I Love You by Chris Write?
Method: qagn
Method profile: question answering with graph/navigation signals
Task type: find the artist who performed a cover version of a specific song
Answer type: person
Reasoning profile: hop_count=2; multi_hop=true; comparison=false; temporal=false; aggregation=false; entity_linking=true; relation_chaining=true; disambiguation=true
Method selection signals: entity resolution for song title and artist name; music metadata retrieval; cover version relation tracking; disambiguation of common song titles","Question: Who covered the song I Love You by Chris Write?
Method: lgraph
Method profile: graph-centric reasoning and linking method
Task type: find the artist who performed a cover version of a specific song
Answer type: person
Reasoning profile: hop_count=2; multi_hop=true; comparison=false; temporal=false; aggregation=false; entity_linking=true; relation_chaining=true; disambiguation=true
Method selection signals: entity resolution for song title and artist name; music metadata retrieval; cover version relation tracking; disambiguation of common song titles",0.4285714286,0.375,1,"[""hippo"", ""light"", ""qagn""]",3,True
19,What is Gary Cole's character based on?,dalk,lgraph,"Question: What is Gary Cole's character based on?
Method: dalk
Method profile: retrieval-based QA method
Task type: identify the source or inspiration for a character portrayed by an actor
Answer type: other
Reasoning profile: hop_count=2; multi_hop=true; comparison=false; temporal=false; aggregation=false; entity_linking=true; relation_chaining=true; disambiguation=true
Method selection signals: ambiguity resolution for actor roles; character origin retrieval; relation chaining from actor to character basis; handling missing context","Question: What is Gary Cole's character based on?
Method: lgraph
Method profile: graph-centric reasoning and linking method
Task type: identify the source or inspiration for a character portrayed by an actor
Answer type: other
Reasoning profile: hop_count=2; multi_hop=true; comparison=false; temporal=false; aggregation=false; entity_linking=true; relation_chaining=true; disambiguation=true
Method selection signals: ambiguity resolution for actor roles; character origin retrieval; relation chaining from actor to character basis; handling missing context",0.0,0.0476190476,0,"[""lgraph""]",1,False
19,What is Gary Cole's character based on?,gr,lgraph,"Question: What is Gary Cole's character based on?
Method: gr
Method profile: graph reasoning oriented method
Task type: identify the source or inspiration for a character portrayed by an actor
Answer type: other
Reasoning profile: hop_count=2; multi_hop=true; comparison=false; temporal=false; aggregation=false; entity_linking=true; relation_chaining=true; disambiguation=true
Method selection signals: ambiguity resolution for actor roles; character origin retrieval; relation chaining from actor to character basis; handling missing context","Question: What is Gary Cole's character based on?
Method: lgraph
Method profile: graph-centric reasoning and linking method
Task type: identify the source or inspiration for a character portrayed by an actor
Answer type: other
Reasoning profile: hop_count=2; multi_hop=true; comparison=false; temporal=false; aggregation=false; entity_linking=true; relation_chaining=true; disambiguation=true
Method selection signals: ambiguity resolution for actor roles; character origin retrieval; relation chaining from actor to character basis; handling missing context",0.0,0.0476190476,0,"[""lgraph""]",1,False
19,What is Gary Cole's character based on?,lgraph,hippo,"Question: What is Gary Cole's character based on?
Method: lgraph
Method profile: graph-centric reasoning and linking method
Task type: identify the source or inspiration for a character portrayed by an actor
Answer type: other
Reasoning profile: hop_count=2; multi_hop=true; comparison=false; temporal=false; aggregation=false; entity_linking=true; relation_chaining=true; disambiguation=true
Method selection signals: ambiguity resolution for actor roles; character origin retrieval; relation chaining from actor to character basis; handling missing context","Question: What is Gary Cole's character based on?
Method: hippo
Method profile: multi-step retrieval and reasoning method
Task type: identify the source or inspiration for a character portrayed by an actor
Answer type: other
Reasoning profile: hop_count=2; multi_hop=true; comparison=false; temporal=false; aggregation=false; entity_linking=true; relation_chaining=true; disambiguation=true
Method selection signals: ambiguity resolution for actor roles; character origin retrieval; relation chaining from actor to character basis; handling missing context",0.0476190476,0.0,1,"[""lgraph""]",1,False
19,What is Gary Cole's character based on?,light,lgraph,"Question: What is Gary Cole's character based on?
Method: light
Method profile: lightweight retrieval and reasoning method
Task type: identify the source or inspiration for a character portrayed by an actor
Answer type: other
Reasoning profile: hop_count=2; multi_hop=true; comparison=false; temporal=false; aggregation=false; entity_linking=true; relation_chaining=true; disambiguation=true
Method selection signals: ambiguity resolution for actor roles; character origin retrieval; relation chaining from actor to character basis; handling missing context","Question: What is Gary Cole's character based on?
Method: lgraph
Method profile: graph-centric reasoning and linking method
Task type: identify the source or inspiration for a character portrayed by an actor
Answer type: other
Reasoning profile: hop_count=2; multi_hop=true; comparison=false; temporal=false; aggregation=false; entity_linking=true; relation_chaining=true; disambiguation=true
Method selection signals: ambiguity resolution for actor roles; character origin retrieval; relation chaining from actor to character basis; handling missing context",0.0,0.0476190476,0,"[""lgraph""]",1,False
19,What is Gary Cole's character based on?,lgraph,qagn,"Question: What is Gary Cole's character based on?
Method: lgraph
Method profile: graph-centric reasoning and linking method
Task type: identify the source or inspiration for a character portrayed by an actor
Answer type: other
Reasoning profile: hop_count=2; multi_hop=true; comparison=false; temporal=false; aggregation=false; entity_linking=true; relation_chaining=true; disambiguation=true
Method selection signals: ambiguity resolution for actor roles; character origin retrieval; relation chaining from actor to character basis; handling missing context","Question: What is Gary Cole's character based on?
Method: qagn
Method profile: question answering with graph/navigation signals
Task type: identify the source or inspiration for a character portrayed by an actor
Answer type: other
Reasoning profile: hop_count=2; multi_hop=true; comparison=false; temporal=false; aggregation=false; entity_linking=true; relation_chaining=true; disambiguation=true
Method selection signals: ambiguity resolution for actor roles; character origin retrieval; relation chaining from actor to character basis; handling missing context",0.0476190476,0.0,1,"[""lgraph""]",1,False
22,"Which castles, besides Bamburgh Castle, are located on the northeast coast of England?",dalk,gr,"Question: Which castles, besides Bamburgh Castle, are located on the northeast coast of England?
Method: dalk
Method profile: retrieval-based QA method
Task type: find multiple entities satisfying a location constraint with exclusion
Answer type: location
Reasoning profile: hop_count=1; multi_hop=false; comparison=false; temporal=false; aggregation=true; entity_linking=true; relation_chaining=false; disambiguation=false
Method selection signals: list generation and aggregation; geographic region filtering; exclusion logic handling; location-based entity retrieval","Question: Which castles, besides Bamburgh Castle, are located on the northeast coast of England?
Method: gr
Method profile: graph reasoning oriented method
Task type: find multiple entities satisfying a location constraint with exclusion
Answer type: location
Reasoning profile: hop_count=1; multi_hop=false; comparison=false; temporal=false; aggregation=true; entity_linking=true; relation_chaining=false; disambiguation=false
Method selection signals: list generation and aggregation; geographic region filtering; exclusion logic handling; location-based entity retrieval",0.0769230769,0.5,0,"[""gr""]",1,False
22,"Which castles, besides Bamburgh Castle, are located on the northeast coast of England?",gr,hippo,"Question: Which castles, besides Bamburgh Castle, are located on the northeast coast of England?
Method: gr
Method profile: graph reasoning oriented method
Task type: find multiple entities satisfying a location constraint with exclusion
Answer type: location
Reasoning profile: hop_count=1; multi_hop=false; comparison=false; temporal=false; aggregation=true; entity_linking=true; relation_chaining=false; disambiguation=false
Method selection signals: list generation and aggregation; geographic region filtering; exclusion logic handling; location-based entity retrieval","Question: Which castles, besides Bamburgh Castle, are located on the northeast coast of England?
Method: hippo
Method profile: multi-step retrieval and reasoning method
Task type: find multiple entities satisfying a location constraint with exclusion
Answer type: location
Reasoning profile: hop_count=1; multi_hop=false; comparison=false; temporal=false; aggregation=true; entity_linking=true; relation_chaining=false; disambiguation=false
Method selection signals: list generation and aggregation; geographic region filtering; exclusion logic handling; location-based entity retrieval",0.5,0.2857142857,1,"[""gr""]",1,False
22,"Which castles, besides Bamburgh Castle, are located on the northeast coast of England?",gr,lgraph,"Question: Which castles, besides Bamburgh Castle, are located on the northeast coast of England?
Method: gr
Method profile: graph reasoning oriented method
Task type: find multiple entities satisfying a location constraint with exclusion
Answer type: location
Reasoning profile: hop_count=1; multi_hop=false; comparison=false; temporal=false; aggregation=true; entity_linking=true; relation_chaining=false; disambiguation=false
Method selection signals: list generation and aggregation; geographic region filtering; exclusion logic handling; location-based entity retrieval","Question: Which castles, besides Bamburgh Castle, are located on the northeast coast of England?
Method: lgraph
Method profile: graph-centric reasoning and linking method
Task type: find multiple entities satisfying a location constraint with exclusion
Answer type: location
Reasoning profile: hop_count=1; multi_hop=false; comparison=false; temporal=false; aggregation=true; entity_linking=true; relation_chaining=false; disambiguation=false
Method selection signals: list generation and aggregation; geographic region filtering; exclusion logic handling; location-based entity retrieval",0.5,0.1818181818,1,"[""gr""]",1,False
22,"Which castles, besides Bamburgh Castle, are located on the northeast coast of England?",gr,light,"Question: Which castles, besides Bamburgh Castle, are located on the northeast coast of England?
Method: gr
Method profile: graph reasoning oriented method
Task type: find multiple entities satisfying a location constraint with exclusion
Answer type: location
Reasoning profile: hop_count=1; multi_hop=false; comparison=false; temporal=false; aggregation=true; entity_linking=true; relation_chaining=false; disambiguation=false
Method selection signals: list generation and aggregation; geographic region filtering; exclusion logic handling; location-based entity retrieval","Question: Which castles, besides Bamburgh Castle, are located on the northeast coast of England?
Method: light
Method profile: lightweight retrieval and reasoning method
Task type: find multiple entities satisfying a location constraint with exclusion
Answer type: location
Reasoning profile: hop_count=1; multi_hop=false; comparison=false; temporal=false; aggregation=true; entity_linking=true; relation_chaining=false; disambiguation=false
Method selection signals: list generation and aggregation; geographic region filtering; exclusion logic handling; location-based entity retrieval",0.5,0.3636363636,1,"[""gr""]",1,False
22,"Which castles, besides Bamburgh Castle, are located on the northeast coast of England?",qagn,gr,"Question: Which castles, besides Bamburgh Castle, are located on the northeast coast of England?
Method: qagn
Method profile: question answering with graph/navigation signals
Task type: find multiple entities satisfying a location constraint with exclusion
Answer type: location
Reasoning profile: hop_count=1; multi_hop=false; comparison=false; temporal=false; aggregation=true; entity_linking=true; relation_chaining=false; disambiguation=false
Method selection signals: list generation and aggregation; geographic region filtering; exclusion logic handling; location-based entity retrieval","Question: Which castles, besides Bamburgh Castle, are located on the northeast coast of England?
Method: gr
Method profile: graph reasoning oriented method
Task type: find multiple entities satisfying a location constraint with exclusion
Answer type: location
Reasoning profile: hop_count=1; multi_hop=false; comparison=false; temporal=false; aggregation=true; entity_linking=true; relation_chaining=false; disambiguation=false
Method selection signals: list generation and aggregation; geographic region filtering; exclusion logic handling; location-based entity retrieval",0.1818181818,0.5,0,"[""gr""]",1,False
23,What kind of company is this group whose headquarters are in AIA Central?,gr,dalk,"Question: What kind of company is this group whose headquarters are in AIA Central?
Method: gr
Method profile: graph reasoning oriented method
Task type: identify company industry type based on headquarters location
Answer type: other
Reasoning profile: hop_count=2; multi_hop=true; comparison=false; temporal=false; aggregation=false; entity_linking=true; relation_chaining=true; disambiguation=true
Method selection signals: reverse location-to-entity lookup; company industry classification retrieval; entity disambiguation for building tenants; two-hop relation chaining","Question: What kind of company is this group whose headquarters are in AIA Central?
Method: dalk
Method profile: retrieval-based QA method
Task type: identify company industry type based on headquarters location
Answer type: other
Reasoning profile: hop_count=2; multi_hop=true; comparison=false; temporal=false; aggregation=false; entity_linking=true; relation_chaining=true; disambiguation=true
Method selection signals: reverse location-to-entity lookup; company industry classification retrieval; entity disambiguation for building tenants; two-hop relation chaining",0.3333333333,0.2352941176,1,"[""gr""]",1,False
23,What kind of company is this group whose headquarters are in AIA Central?,hippo,gr,"Question: What kind of company is this group whose headquarters are in AIA Central?
Method: hippo
Method profile: multi-step retrieval and reasoning method
Task type: identify company industry type based on headquarters location
Answer type: other
Reasoning profile: hop_count=2; multi_hop=true; comparison=false; temporal=false; aggregation=false; entity_linking=true; relation_chaining=true; disambiguation=true
Method selection signals: reverse location-to-entity lookup; company industry classification retrieval; entity disambiguation for building tenants; two-hop relation chaining","Question: What kind of company is this group whose headquarters are in AIA Central?
Method: gr
Method profile: graph reasoning oriented method
Task type: identify company industry type based on headquarters location
Answer type: other
Reasoning profile: hop_count=2; multi_hop=true; comparison=false; temporal=false; aggregation=false; entity_linking=true; relation_chaining=true; disambiguation=true
Method selection signals: reverse location-to-entity lookup; company industry classification retrieval; entity disambiguation for building tenants; two-hop relation chaining",0.2857142857,0.3333333333,0,"[""gr""]",1,False
23,What kind of company is this group whose headquarters are in AIA Central?,lgraph,gr,"Question: What kind of company is this group whose headquarters are in AIA Central?
Method: lgraph
Method profile: graph-centric reasoning and linking method
Task type: identify company industry type based on headquarters location
Answer type: other
Reasoning profile: hop_count=2; multi_hop=true; comparison=false; temporal=false; aggregation=false; entity_linking=true; relation_chaining=true; disambiguation=true
Method selection signals: reverse location-to-entity lookup; company industry classification retrieval; entity disambiguation for building tenants; two-hop relation chaining","Question: What kind of company is this group whose headquarters are in AIA Central?
Method: gr
Method profile: graph reasoning oriented method
Task type: identify company industry type based on headquarters location
Answer type: other
Reasoning profile: hop_count=2; multi_hop=true; comparison=false; temporal=false; aggregation=false; entity_linking=true; relation_chaining=true; disambiguation=true
Method selection signals: reverse location-to-entity lookup; company industry classification retrieval; entity disambiguation for building tenants; two-hop relation chaining",0.1666666667,0.3333333333,0,"[""gr""]",1,False
23,What kind of company is this group whose headquarters are in AIA Central?,gr,light,"Question: What kind of company is this group whose headquarters are in AIA Central?
Method: gr
Method profile: graph reasoning oriented method
Task type: identify company industry type based on headquarters location
Answer type: other
Reasoning profile: hop_count=2; multi_hop=true; comparison=false; temporal=false; aggregation=false; entity_linking=true; relation_chaining=true; disambiguation=true
Method selection signals: reverse location-to-entity lookup; company industry classification retrieval; entity disambiguation for building tenants; two-hop relation chaining","Question: What kind of company is this group whose headquarters are in AIA Central?
Method: light
Method profile: lightweight retrieval and reasoning method
Task type: identify company industry type based on headquarters location
Answer type: other
Reasoning profile: hop_count=2; multi_hop=true; comparison=false; temporal=false; aggregation=false; entity_linking=true; relation_chaining=true; disambiguation=true
Method selection signals: reverse location-to-entity lookup; company industry classification retrieval; entity disambiguation for building tenants; two-hop relation chaining",0.3333333333,0.1666666667,1,"[""gr""]",1,False
23,What kind of company is this group whose headquarters are in AIA Central?,gr,qagn,"Question: What kind of company is this group whose headquarters are in AIA Central?
Method: gr
Method profile: graph reasoning oriented method
Task type: identify company industry type based on headquarters location
Answer type: other
Reasoning profile: hop_count=2; multi_hop=true; comparison=false; temporal=false; aggregation=false; entity_linking=true; relation_chaining=true; disambiguation=true
Method selection signals: reverse location-to-entity lookup; company industry classification retrieval; entity disambiguation for building tenants; two-hop relation chaining","Question: What kind of company is this group whose headquarters are in AIA Central?
Method: qagn
Method profile: question answering with graph/navigation signals
Task type: identify company industry type based on headquarters location
Answer type: other
Reasoning profile: hop_count=2; multi_hop=true; comparison=false; temporal=false; aggregation=false; entity_linking=true; relation_chaining=true; disambiguation=true
Method selection signals: reverse location-to-entity lookup; company industry classification retrieval; entity disambiguation for building tenants; two-hop relation chaining",0.3333333333,0.1666666667,1,"[""gr""]",1,False
27,Which airport Pago Pago International Airport or Chattanooga Metropolitan Airport is closer to the central business district of their local community ?,dalk,hippo,"Question: Which airport Pago Pago International Airport or Chattanooga Metropolitan Airport is closer to the central business district of their local community ?
Method: dalk
Method profile: retrieval-based QA method
Task type: compare two airports by distance to their respective city centers
Answer type: comparison_result
Reasoning profile: hop_count=3; multi_hop=true; comparison=true; temporal=false; aggregation=false; entity_linking=true; relation_chaining=true; disambiguation=false
Method selection signals: geographic distance retrieval; entity linking for specific airport names; numerical comparison; parallel information retrieval for two entities","Question: Which airport Pago Pago International Airport or Chattanooga Metropolitan Airport is closer to the central business district of their local community ?
Method: hippo
Method profile: multi-step retrieval and reasoning method
Task type: compare two airports by distance to their respective city centers
Answer type: comparison_result
Reasoning profile: hop_count=3; multi_hop=true; comparison=true; temporal=false; aggregation=false; entity_linking=true; relation_chaining=true; disambiguation=false
Method selection signals: geographic distance retrieval; entity linking for specific airport names; numerical comparison; parallel information retrieval for two entities",0.1176470588,0.375,0,"[""hippo""]",1,False
27,Which airport Pago Pago International Airport or Chattanooga Metropolitan Airport is closer to the central business district of their local community ?,gr,hippo,"Question: Which airport Pago Pago International Airport or Chattanooga Metropolitan Airport is closer to the central business district of their local community ?
Method: gr
Method profile: graph reasoning oriented method
Task type: compare two airports by distance to their respective city centers
Answer type: comparison_result
Reasoning profile: hop_count=3; multi_hop=true; comparison=true; temporal=false; aggregation=false; entity_linking=true; relation_chaining=true; disambiguation=false
Method selection signals: geographic distance retrieval; entity linking for specific airport names; numerical comparison; parallel information retrieval for two entities","Question: Which airport Pago Pago International Airport or Chattanooga Metropolitan Airport is closer to the central business district of their local community ?
Method: hippo
Method profile: multi-step retrieval and reasoning method
Task type: compare two airports by distance to their respective city centers
Answer type: comparison_result
Reasoning profile: hop_count=3; multi_hop=true; comparison=true; temporal=false; aggregation=false; entity_linking=true; relation_chaining=true; disambiguation=false
Method selection signals: geographic distance retrieval; entity linking for specific airport names; numerical comparison; parallel information retrieval for two entities",0.0,0.375,0,"[""hippo""]",1,False
27,Which airport Pago Pago International Airport or Chattanooga Metropolitan Airport is closer to the central business district of their local community ?,hippo,lgraph,"Question: Which airport Pago Pago International Airport or Chattanooga Metropolitan Airport is closer to the central business district of their local community ?
Method: hippo
Method profile: multi-step retrieval and reasoning method
Task type: compare two airports by distance to their respective city centers
Answer type: comparison_result
Reasoning profile: hop_count=3; multi_hop=true; comparison=true; temporal=false; aggregation=false; entity_linking=true; relation_chaining=true; disambiguation=false
Method selection signals: geographic distance retrieval; entity linking for specific airport names; numerical comparison; parallel information retrieval for two entities","Question: Which airport Pago Pago International Airport or Chattanooga Metropolitan Airport is closer to the central business district of their local community ?
Method: lgraph
Method profile: graph-centric reasoning and linking method
Task type: compare two airports by distance to their respective city centers
Answer type: comparison_result
Reasoning profile: hop_count=3; multi_hop=true; comparison=true; temporal=false; aggregation=false; entity_linking=true; relation_chaining=true; disambiguation=false
Method selection signals: geographic distance retrieval; entity linking for specific airport names; numerical comparison; parallel information retrieval for two entities",0.375,0.2727272727,1,"[""hippo""]",1,False
27,Which airport Pago Pago International Airport or Chattanooga Metropolitan Airport is closer to the central business district of their local community ?,hippo,light,"Question: Which airport Pago Pago International Airport or Chattanooga Metropolitan Airport is closer to the central business district of their local community ?
Method: hippo
Method profile: multi-step retrieval and reasoning method
Task type: compare two airports by distance to their respective city centers
Answer type: comparison_result
Reasoning profile: hop_count=3; multi_hop=true; comparison=true; temporal=false; aggregation=false; entity_linking=true; relation_chaining=true; disambiguation=false
Method selection signals: geographic distance retrieval; entity linking for specific airport names; numerical comparison; parallel information retrieval for two entities","Question: Which airport Pago Pago International Airport or Chattanooga Metropolitan Airport is closer to the central business district of their local community ?
Method: light
Method profile: lightweight retrieval and reasoning method
Task type: compare two airports by distance to their respective city centers
Answer type: comparison_result
Reasoning profile: hop_count=3; multi_hop=true; comparison=true; temporal=false; aggregation=false; entity_linking=true; relation_chaining=true; disambiguation=false
Method selection signals: geographic distance retrieval; entity linking for specific airport names; numerical comparison; parallel information retrieval for two entities",0.375,0.2727272727,1,"[""hippo""]",1,False
27,Which airport Pago Pago International Airport or Chattanooga Metropolitan Airport is closer to the central business district of their local community ?,hippo,qagn,"Question: Which airport Pago Pago International Airport or Chattanooga Metropolitan Airport is closer to the central business district of their local community ?
Method: hippo
Method profile: multi-step retrieval and reasoning method
Task type: compare two airports by distance to their respective city centers
Answer type: comparison_result
Reasoning profile: hop_count=3; multi_hop=true; comparison=true; temporal=false; aggregation=false; entity_linking=true; relation_chaining=true; disambiguation=false
Method selection signals: geographic distance retrieval; entity linking for specific airport names; numerical comparison; parallel information retrieval for two entities","Question: Which airport Pago Pago International Airport or Chattanooga Metropolitan Airport is closer to the central business district of their local community ?
Method: qagn
Method profile: question answering with graph/navigation signals
Task type: compare two airports by distance to their respective city centers
Answer type: comparison_result
Reasoning profile: hop_count=3; multi_hop=true; comparison=true; temporal=false; aggregation=false; entity_linking=true; relation_chaining=true; disambiguation=false
Method selection signals: geographic distance retrieval; entity linking for specific airport names; numerical comparison; parallel information retrieval for two entities",0.375,0.2727272727,1,"[""hippo""]",1,False
28,"When was the game, in which Drew Gehling voices Gord, released for PlayStation 2?",dalk,lgraph,"Question: When was the game, in which Drew Gehling voices Gord, released for PlayStation 2?
Method: dalk
Method profile: retrieval-based QA method
Task type: find the release date of a game identified by voice actor and character role
Answer type: date
Reasoning profile: hop_count=2; multi_hop=true; comparison=false; temporal=true; aggregation=false; entity_linking=true; relation_chaining=true; disambiguation=true
Method selection signals: voice actor credit lookup; character name to game mapping; platform-specific release date retrieval; multi-hop entity relation chaining","Question: When was the game, in which Drew Gehling voices Gord, released for PlayStation 2?
Method: lgraph
Method profile: graph-centric reasoning and linking method
Task type: find the release date of a game identified by voice actor and character role
Answer type: date
Reasoning profile: hop_count=2; multi_hop=true; comparison=false; temporal=true; aggregation=false; entity_linking=true; relation_chaining=true; disambiguation=true
Method selection signals: voice actor credit lookup; character name to game mapping; platform-specific release date retrieval; multi-hop entity relation chaining",0.6666666667,1.0,0,"[""lgraph"", ""qagn""]",2,True
28,"When was the game, in which Drew Gehling voices Gord, released for PlayStation 2?",gr,lgraph,"Question: When was the game, in which Drew Gehling voices Gord, released for PlayStation 2?
Method: gr
Method profile: graph reasoning oriented method
Task type: find the release date of a game identified by voice actor and character role
Answer type: date
Reasoning profile: hop_count=2; multi_hop=true; comparison=false; temporal=true; aggregation=false; entity_linking=true; relation_chaining=true; disambiguation=true
Method selection signals: voice actor credit lookup; character name to game mapping; platform-specific release date retrieval; multi-hop entity relation chaining","Question: When was the game, in which Drew Gehling voices Gord, released for PlayStation 2?
Method: lgraph
Method profile: graph-centric reasoning and linking method
Task type: find the release date of a game identified by voice actor and character role
Answer type: date
Reasoning profile: hop_count=2; multi_hop=true; comparison=false; temporal=true; aggregation=false; entity_linking=true; relation_chaining=true; disambiguation=true
Method selection signals: voice actor credit lookup; character name to game mapping; platform-specific release date retrieval; multi-hop entity relation chaining",0.0,1.0,0,"[""lgraph"", ""qagn""]",2,True
28,"When was the game, in which Drew Gehling voices Gord, released for PlayStation 2?",lgraph,hippo,"Question: When was the game, in which Drew Gehling voices Gord, released for PlayStation 2?
Method: lgraph
Method profile: graph-centric reasoning and linking method
Task type: find the release date of a game identified by voice actor and character role
Answer type: date
Reasoning profile: hop_count=2; multi_hop=true; comparison=false; temporal=true; aggregation=false; entity_linking=true; relation_chaining=true; disambiguation=true
Method selection signals: voice actor credit lookup; character name to game mapping; platform-specific release date retrieval; multi-hop entity relation chaining","Question: When was the game, in which Drew Gehling voices Gord, released for PlayStation 2?
Method: hippo
Method profile: multi-step retrieval and reasoning method
Task type: find the release date of a game identified by voice actor and character role
Answer type: date
Reasoning profile: hop_count=2; multi_hop=true; comparison=false; temporal=true; aggregation=false; entity_linking=true; relation_chaining=true; disambiguation=true
Method selection signals: voice actor credit lookup; character name to game mapping; platform-specific release date retrieval; multi-hop entity relation chaining",1.0,0.1111111111,1,"[""lgraph"", ""qagn""]",2,True
28,"When was the game, in which Drew Gehling voices Gord, released for PlayStation 2?",lgraph,light,"Question: When was the game, in which Drew Gehling voices Gord, released for PlayStation 2?
Method: lgraph
Method profile: graph-centric reasoning and linking method
Task type: find the release date of a game identified by voice actor and character role
Answer type: date
Reasoning profile: hop_count=2; multi_hop=true; comparison=false; temporal=true; aggregation=false; entity_linking=true; relation_chaining=true; disambiguation=true
Method selection signals: voice actor credit lookup; character name to game mapping; platform-specific release date retrieval; multi-hop entity relation chaining","Question: When was the game, in which Drew Gehling voices Gord, released for PlayStation 2?
Method: light
Method profile: lightweight retrieval and reasoning method
Task type: find the release date of a game identified by voice actor and character role
Answer type: date
Reasoning profile: hop_count=2; multi_hop=true; comparison=false; temporal=true; aggregation=false; entity_linking=true; relation_chaining=true; disambiguation=true
Method selection signals: voice actor credit lookup; character name to game mapping; platform-specific release date retrieval; multi-hop entity relation chaining",1.0,0.3,1,"[""lgraph"", ""qagn""]",2,True
28,"When was the game, in which Drew Gehling voices Gord, released for PlayStation 2?",qagn,dalk,"Question: When was the game, in which Drew Gehling voices Gord, released for PlayStation 2?
Method: qagn
Method profile: question answering with graph/navigation signals
Task type: find the release date of a game identified by voice actor and character role
Answer type: date
Reasoning profile: hop_count=2; multi_hop=true; comparison=false; temporal=true; aggregation=false; entity_linking=true; relation_chaining=true; disambiguation=true
Method selection signals: voice actor credit lookup; character name to game mapping; platform-specific release date retrieval; multi-hop entity relation chaining","Question: When was the game, in which Drew Gehling voices Gord, released for PlayStation 2?
Method: dalk
Method profile: retrieval-based QA method
Task type: find the release date of a game identified by voice actor and character role
Answer type: date
Reasoning profile: hop_count=2; multi_hop=true; comparison=false; temporal=true; aggregation=false; entity_linking=true; relation_chaining=true; disambiguation=true
Method selection signals: voice actor credit lookup; character name to game mapping; platform-specific release date retrieval; multi-hop entity relation chaining",1.0,0.6666666667,1,"[""lgraph"", ""qagn""]",2,True
28,"When was the game, in which Drew Gehling voices Gord, released for PlayStation 2?",gr,qagn,"Question: When was the game, in which Drew Gehling voices Gord, released for PlayStation 2?
Method: gr
Method profile: graph reasoning oriented method
Task type: find the release date of a game identified by voice actor and character role
Answer type: date
Reasoning profile: hop_count=2; multi_hop=true; comparison=false; temporal=true; aggregation=false; entity_linking=true; relation_chaining=true; disambiguation=true
Method selection signals: voice actor credit lookup; character name to game mapping; platform-specific release date retrieval; multi-hop entity relation chaining","Question: When was the game, in which Drew Gehling voices Gord, released for PlayStation 2?
Method: qagn
Method profile: question answering with graph/navigation signals
Task type: find the release date of a game identified by voice actor and character role
Answer type: date
Reasoning profile: hop_count=2; multi_hop=true; comparison=false; temporal=true; aggregation=false; entity_linking=true; relation_chaining=true; disambiguation=true
Method selection signals: voice actor credit lookup; character name to game mapping; platform-specific release date retrieval; multi-hop entity relation chaining",0.0,1.0,0,"[""lgraph"", ""qagn""]",2,True
28,"When was the game, in which Drew Gehling voices Gord, released for PlayStation 2?",hippo,qagn,"Question: When was the game, in which Drew Gehling voices Gord, released for PlayStation 2?
Method: hippo
Method profile: multi-step retrieval and reasoning method
Task type: find the release date of a game identified by voice actor and character role
Answer type: date
Reasoning profile: hop_count=2; multi_hop=true; comparison=false; temporal=true; aggregation=false; entity_linking=true; relation_chaining=true; disambiguation=true
Method selection signals: voice actor credit lookup; character name to game mapping; platform-specific release date retrieval; multi-hop entity relation chaining","Question: When was the game, in which Drew Gehling voices Gord, released for PlayStation 2?
Method: qagn
Method profile: question answering with graph/navigation signals
Task type: find the release date of a game identified by voice actor and character role
Answer type: date
Reasoning profile: hop_count=2; multi_hop=true; comparison=false; temporal=true; aggregation=false; entity_linking=true; relation_chaining=true; disambiguation=true
Method selection signals: voice actor credit lookup; character name to game mapping; platform-specific release date retrieval; multi-hop entity relation chaining",0.1111111111,1.0,0,"[""lgraph"", ""qagn""]",2,True
28,"When was the game, in which Drew Gehling voices Gord, released for PlayStation 2?",light,qagn,"Question: When was the game, in which Drew Gehling voices Gord, released for PlayStation 2?
Method: light
Method profile: lightweight retrieval and reasoning method
Task type: find the release date of a game identified by voice actor and character role
Answer type: date
Reasoning profile: hop_count=2; multi_hop=true; comparison=false; temporal=true; aggregation=false; entity_linking=true; relation_chaining=true; disambiguation=true
Method selection signals: voice actor credit lookup; character name to game mapping; platform-specific release date retrieval; multi-hop entity relation chaining","Question: When was the game, in which Drew Gehling voices Gord, released for PlayStation 2?
Method: qagn
Method profile: question answering with graph/navigation signals
Task type: find the release date of a game identified by voice actor and character role
Answer type: date
Reasoning profile: hop_count=2; multi_hop=true; comparison=false; temporal=true; aggregation=false; entity_linking=true; relation_chaining=true; disambiguation=true
Method selection signals: voice actor credit lookup; character name to game mapping; platform-specific release date retrieval; multi-hop entity relation chaining",0.3,1.0,0,"[""lgraph"", ""qagn""]",2,True
31,Are Super High Me and All in This Tea both documentaries?,gr,dalk,"Question: Are Super High Me and All in This Tea both documentaries?
Method: gr
Method profile: graph reasoning oriented method
Task type: verify the genre classification of two named works
Answer type: comparison_result
Reasoning profile: hop_count=2; multi_hop=true; comparison=true; temporal=false; aggregation=false; entity_linking=true; relation_chaining=false; disambiguation=true
Method selection signals: parallel entity lookup; genre classification verification; boolean conjunction logic; film title disambiguation","Question: Are Super High Me and All in This Tea both documentaries?
Method: dalk
Method profile: retrieval-based QA method
Task type: verify the genre classification of two named works
Answer type: comparison_result
Reasoning profile: hop_count=2; multi_hop=true; comparison=true; temporal=false; aggregation=false; entity_linking=true; relation_chaining=false; disambiguation=true
Method selection signals: parallel entity lookup; genre classification verification; boolean conjunction logic; film title disambiguation",0.0,1.0,0,"[""dalk""]",1,False
31,Are Super High Me and All in This Tea both documentaries?,dalk,hippo,"Question: Are Super High Me and All in This Tea both documentaries?
Method: dalk
Method profile: retrieval-based QA method
Task type: verify the genre classification of two named works
Answer type: comparison_result
Reasoning profile: hop_count=2; multi_hop=true; comparison=true; temporal=false; aggregation=false; entity_linking=true; relation_chaining=false; disambiguation=true
Method selection signals: parallel entity lookup; genre classification verification; boolean conjunction logic; film title disambiguation","Question: Are Super High Me and All in This Tea both documentaries?
Method: hippo
Method profile: multi-step retrieval and reasoning method
Task type: verify the genre classification of two named works
Answer type: comparison_result
Reasoning profile: hop_count=2; multi_hop=true; comparison=true; temporal=false; aggregation=false; entity_linking=true; relation_chaining=false; disambiguation=true
Method selection signals: parallel entity lookup; genre classification verification; boolean conjunction logic; film title disambiguation",1.0,0.0,1,"[""dalk""]",1,False
31,Are Super High Me and All in This Tea both documentaries?,lgraph,dalk,"Question: Are Super High Me and All in This Tea both documentaries?
Method: lgraph
Method profile: graph-centric reasoning and linking method
Task type: verify the genre classification of two named works
Answer type: comparison_result
Reasoning profile: hop_count=2; multi_hop=true; comparison=true; temporal=false; aggregation=false; entity_linking=true; relation_chaining=false; disambiguation=true
Method selection signals: parallel entity lookup; genre classification verification; boolean conjunction logic; film title disambiguation","Question: Are Super High Me and All in This Tea both documentaries?
Method: dalk
Method profile: retrieval-based QA method
Task type: verify the genre classification of two named works
Answer type: comparison_result
Reasoning profile: hop_count=2; multi_hop=true; comparison=true; temporal=false; aggregation=false; entity_linking=true; relation_chaining=false; disambiguation=true
Method selection signals: parallel entity lookup; genre classification verification; boolean conjunction logic; film title disambiguation",0.0,1.0,0,"[""dalk""]",1,False
31,Are Super High Me and All in This Tea both documentaries?,light,dalk,"Question: Are Super High Me and All in This Tea both documentaries?
Method: light
Method profile: lightweight retrieval and reasoning method
Task type: verify the genre classification of two named works
Answer type: comparison_result
Reasoning profile: hop_count=2; multi_hop=true; comparison=true; temporal=false; aggregation=false; entity_linking=true; relation_chaining=false; disambiguation=true
Method selection signals: parallel entity lookup; genre classification verification; boolean conjunction logic; film title disambiguation","Question: Are Super High Me and All in This Tea both documentaries?
Method: dalk
Method profile: retrieval-based QA method
Task type: verify the genre classification of two named works
Answer type: comparison_result
Reasoning profile: hop_count=2; multi_hop=true; comparison=true; temporal=false; aggregation=false; entity_linking=true; relation_chaining=false; disambiguation=true
Method selection signals: parallel entity lookup; genre classification verification; boolean conjunction logic; film title disambiguation",0.0,1.0,0,"[""dalk""]",1,False
31,Are Super High Me and All in This Tea both documentaries?,qagn,dalk,"Question: Are Super High Me and All in This Tea both documentaries?
Method: qagn
Method profile: question answering with graph/navigation signals
Task type: verify the genre classification of two named works
Answer type: comparison_result
Reasoning profile: hop_count=2; multi_hop=true; comparison=true; temporal=false; aggregation=false; entity_linking=true; relation_chaining=false; disambiguation=true
Method selection signals: parallel entity lookup; genre classification verification; boolean conjunction logic; film title disambiguation","Question: Are Super High Me and All in This Tea both documentaries?
Method: dalk
Method profile: retrieval-based QA method
Task type: verify the genre classification of two named works
Answer type: comparison_result
Reasoning profile: hop_count=2; multi_hop=true; comparison=true; temporal=false; aggregation=false; entity_linking=true; relation_chaining=false; disambiguation=true
Method selection signals: parallel entity lookup; genre classification verification; boolean conjunction logic; film title disambiguation",0.0,1.0,0,"[""dalk""]",1,False
32,"Which occurred first, Phillips v. Martin Marietta Corp. or Roth v. United States?",dalk,gr,"Question: Which occurred first, Phillips v. Martin Marietta Corp. or Roth v. United States?
Method: dalk
Method profile: retrieval-based QA method
Task type: compare two legal cases by occurrence date
Answer type: comparison_result
Reasoning profile: hop_count=2; multi_hop=true; comparison=true; temporal=true; aggregation=false; entity_linking=true; relation_chaining=false; disambiguation=false
Method selection signals: legal case entity linking; temporal fact retrieval; chronological comparison; parallel evidence gathering","Question: Which occurred first, Phillips v. Martin Marietta Corp. or Roth v. United States?
Method: gr
Method profile: graph reasoning oriented method
Task type: compare two legal cases by occurrence date
Answer type: comparison_result
Reasoning profile: hop_count=2; multi_hop=true; comparison=true; temporal=true; aggregation=false; entity_linking=true; relation_chaining=false; disambiguation=false
Method selection signals: legal case entity linking; temporal fact retrieval; chronological comparison; parallel evidence gathering",0.8,0.0,1,"[""dalk"", ""hippo""]",2,True
32,"Which occurred first, Phillips v. Martin Marietta Corp. or Roth v. United States?",lgraph,dalk,"Question: Which occurred first, Phillips v. Martin Marietta Corp. or Roth v. United States?
Method: lgraph
Method profile: graph-centric reasoning and linking method
Task type: compare two legal cases by occurrence date
Answer type: comparison_result
Reasoning profile: hop_count=2; multi_hop=true; comparison=true; temporal=true; aggregation=false; entity_linking=true; relation_chaining=false; disambiguation=false
Method selection signals: legal case entity linking; temporal fact retrieval; chronological comparison; parallel evidence gathering","Question: Which occurred first, Phillips v. Martin Marietta Corp. or Roth v. United States?
Method: dalk
Method profile: retrieval-based QA method
Task type: compare two legal cases by occurrence date
Answer type: comparison_result
Reasoning profile: hop_count=2; multi_hop=true; comparison=true; temporal=true; aggregation=false; entity_linking=true; relation_chaining=false; disambiguation=false
Method selection signals: legal case entity linking; temporal fact retrieval; chronological comparison; parallel evidence gathering",0.0833333333,0.8,0,"[""dalk"", ""hippo""]",2,True
32,"Which occurred first, Phillips v. Martin Marietta Corp. or Roth v. United States?",dalk,light,"Question: Which occurred first, Phillips v. Martin Marietta Corp. or Roth v. United States?
Method: dalk
Method profile: retrieval-based QA method
Task type: compare two legal cases by occurrence date
Answer type: comparison_result
Reasoning profile: hop_count=2; multi_hop=true; comparison=true; temporal=true; aggregation=false; entity_linking=true; relation_chaining=false; disambiguation=false
Method selection signals: legal case entity linking; temporal fact retrieval; chronological comparison; parallel evidence gathering","Question: Which occurred first, Phillips v. Martin Marietta Corp. or Roth v. United States?
Method: light
Method profile: lightweight retrieval and reasoning method
Task type: compare two legal cases by occurrence date
Answer type: comparison_result
Reasoning profile: hop_count=2; multi_hop=true; comparison=true; temporal=true; aggregation=false; entity_linking=true; relation_chaining=false; disambiguation=false
Method selection signals: legal case entity linking; temporal fact retrieval; chronological comparison; parallel evidence gathering",0.8,0.125,1,"[""dalk"", ""hippo""]",2,True
32,"Which occurred first, Phillips v. Martin Marietta Corp. or Roth v. United States?",dalk,qagn,"Question: Which occurred first, Phillips v. Martin Marietta Corp. or Roth v. United States?
Method: dalk
Method profile: retrieval-based QA method
Task type: compare two legal cases by occurrence date
Answer type: comparison_result
Reasoning profile: hop_count=2; multi_hop=true; comparison=true; temporal=true; aggregation=false; entity_linking=true; relation_chaining=false; disambiguation=false
Method selection signals: legal case entity linking; temporal fact retrieval; chronological comparison; parallel evidence gathering","Question: Which occurred first, Phillips v. Martin Marietta Corp. or Roth v. United States?
Method: qagn
Method profile: question answering with graph/navigation signals
Task type: compare two legal cases by occurrence date
Answer type: comparison_result
Reasoning profile: hop_count=2; multi_hop=true; comparison=true; temporal=true; aggregation=false; entity_linking=true; relation_chaining=false; disambiguation=false
Method selection signals: legal case entity linking; temporal fact retrieval; chronological comparison; parallel evidence gathering",0.8,0.0833333333,1,"[""dalk"", ""hippo""]",2,True
32,"Which occurred first, Phillips v. Martin Marietta Corp. or Roth v. United States?",hippo,gr,"Question: Which occurred first, Phillips v. Martin Marietta Corp. or Roth v. United States?
Method: hippo
Method profile: multi-step retrieval and reasoning method
Task type: compare two legal cases by occurrence date
Answer type: comparison_result
Reasoning profile: hop_count=2; multi_hop=true; comparison=true; temporal=true; aggregation=false; entity_linking=true; relation_chaining=false; disambiguation=false
Method selection signals: legal case entity linking; temporal fact retrieval; chronological comparison; parallel evidence gathering","Question: Which occurred first, Phillips v. Martin Marietta Corp. or Roth v. United States?
Method: gr
Method profile: graph reasoning oriented method
Task type: compare two legal cases by occurrence date
Answer type: comparison_result
Reasoning profile: hop_count=2; multi_hop=true; comparison=true; temporal=true; aggregation=false; entity_linking=true; relation_chaining=false; disambiguation=false
Method selection signals: legal case entity linking; temporal fact retrieval; chronological comparison; parallel evidence gathering",0.8,0.0,1,"[""dalk"", ""hippo""]",2,True
32,"Which occurred first, Phillips v. Martin Marietta Corp. or Roth v. United States?",lgraph,hippo,"Question: Which occurred first, Phillips v. Martin Marietta Corp. or Roth v. United States?
Method: lgraph
Method profile: graph-centric reasoning and linking method
Task type: compare two legal cases by occurrence date
Answer type: comparison_result
Reasoning profile: hop_count=2; multi_hop=true; comparison=true; temporal=true; aggregation=false; entity_linking=true; relation_chaining=false; disambiguation=false
Method selection signals: legal case entity linking; temporal fact retrieval; chronological comparison; parallel evidence gathering","Question: Which occurred first, Phillips v. Martin Marietta Corp. or Roth v. United States?
Method: hippo
Method profile: multi-step retrieval and reasoning method
Task type: compare two legal cases by occurrence date
Answer type: comparison_result
Reasoning profile: hop_count=2; multi_hop=true; comparison=true; temporal=true; aggregation=false; entity_linking=true; relation_chaining=false; disambiguation=false
Method selection signals: legal case entity linking; temporal fact retrieval; chronological comparison; parallel evidence gathering",0.0833333333,0.8,0,"[""dalk"", ""hippo""]",2,True
32,"Which occurred first, Phillips v. Martin Marietta Corp. or Roth v. United States?",light,hippo,"Question: Which occurred first, Phillips v. Martin Marietta Corp. or Roth v. United States?
Method: light
Method profile: lightweight retrieval and reasoning method
Task type: compare two legal cases by occurrence date
Answer type: comparison_result
Reasoning profile: hop_count=2; multi_hop=true; comparison=true; temporal=true; aggregation=false; entity_linking=true; relation_chaining=false; disambiguation=false
Method selection signals: legal case entity linking; temporal fact retrieval; chronological comparison; parallel evidence gathering","Question: Which occurred first, Phillips v. Martin Marietta Corp. or Roth v. United States?
Method: hippo
Method profile: multi-step retrieval and reasoning method
Task type: compare two legal cases by occurrence date
Answer type: comparison_result
Reasoning profile: hop_count=2; multi_hop=true; comparison=true; temporal=true; aggregation=false; entity_linking=true; relation_chaining=false; disambiguation=false
Method selection signals: legal case entity linking; temporal fact retrieval; chronological comparison; parallel evidence gathering",0.125,0.8,0,"[""dalk"", ""hippo""]",2,True
32,"Which occurred first, Phillips v. Martin Marietta Corp. or Roth v. United States?",hippo,qagn,"Question: Which occurred first, Phillips v. Martin Marietta Corp. or Roth v. United States?
Method: hippo
Method profile: multi-step retrieval and reasoning method
Task type: compare two legal cases by occurrence date
Answer type: comparison_result
Reasoning profile: hop_count=2; multi_hop=true; comparison=true; temporal=true; aggregation=false; entity_linking=true; relation_chaining=false; disambiguation=false
Method selection signals: legal case entity linking; temporal fact retrieval; chronological comparison; parallel evidence gathering","Question: Which occurred first, Phillips v. Martin Marietta Corp. or Roth v. United States?
Method: qagn
Method profile: question answering with graph/navigation signals
Task type: compare two legal cases by occurrence date
Answer type: comparison_result
Reasoning profile: hop_count=2; multi_hop=true; comparison=true; temporal=true; aggregation=false; entity_linking=true; relation_chaining=false; disambiguation=false
Method selection signals: legal case entity linking; temporal fact retrieval; chronological comparison; parallel evidence gathering",0.8,0.0833333333,1,"[""dalk"", ""hippo""]",2,True
34,How many marchers were in the protest that Pelham D. Glassford ended?,dalk,gr,"Question: How many marchers were in the protest that Pelham D. Glassford ended?
Method: dalk
Method profile: retrieval-based QA method
Task type: find the participant count of a specific historical event associated with a named person
Answer type: other
Reasoning profile: hop_count=2; multi_hop=true; comparison=false; temporal=false; aggregation=false; entity_linking=true; relation_chaining=true; disambiguation=true
Method selection signals: historical entity linking; event identification via person-action relation; numerical fact retrieval; multi-hop reasoning chain","Question: How many marchers were in the protest that Pelham D. Glassford ended?
Method: gr
Method profile: graph reasoning oriented method
Task type: find the participant count of a specific historical event associated with a named person
Answer type: other
Reasoning profile: hop_count=2; multi_hop=true; comparison=false; temporal=false; aggregation=false; entity_linking=true; relation_chaining=true; disambiguation=true
Method selection signals: historical entity linking; event identification via person-action relation; numerical fact retrieval; multi-hop reasoning chain",0.1538461538,1.0,0,"[""gr""]",1,False
34,How many marchers were in the protest that Pelham D. Glassford ended?,gr,hippo,"Question: How many marchers were in the protest that Pelham D. Glassford ended?
Method: gr
Method profile: graph reasoning oriented method
Task type: find the participant count of a specific historical event associated with a named person
Answer type: other
Reasoning profile: hop_count=2; multi_hop=true; comparison=false; temporal=false; aggregation=false; entity_linking=true; relation_chaining=true; disambiguation=true
Method selection signals: historical entity linking; event identification via person-action relation; numerical fact retrieval; multi-hop reasoning chain","Question: How many marchers were in the protest that Pelham D. Glassford ended?
Method: hippo
Method profile: multi-step retrieval and reasoning method
Task type: find the participant count of a specific historical event associated with a named person
Answer type: other
Reasoning profile: hop_count=2; multi_hop=true; comparison=false; temporal=false; aggregation=false; entity_linking=true; relation_chaining=true; disambiguation=true
Method selection signals: historical entity linking; event identification via person-action relation; numerical fact retrieval; multi-hop reasoning chain",1.0,0.1176470588,1,"[""gr""]",1,False
34,How many marchers were in the protest that Pelham D. Glassford ended?,lgraph,gr,"Question: How many marchers were in the protest that Pelham D. Glassford ended?
Method: lgraph
Method profile: graph-centric reasoning and linking method
Task type: find the participant count of a specific historical event associated with a named person
Answer type: other
Reasoning profile: hop_count=2; multi_hop=true; comparison=false; temporal=false; aggregation=false; entity_linking=true; relation_chaining=true; disambiguation=true
Method selection signals: historical entity linking; event identification via person-action relation; numerical fact retrieval; multi-hop reasoning chain","Question: How many marchers were in the protest that Pelham D. Glassford ended?
Method: gr
Method profile: graph reasoning oriented method
Task type: find the participant count of a specific historical event associated with a named person
Answer type: other
Reasoning profile: hop_count=2; multi_hop=true; comparison=false; temporal=false; aggregation=false; entity_linking=true; relation_chaining=true; disambiguation=true
Method selection signals: historical entity linking; event identification via person-action relation; numerical fact retrieval; multi-hop reasoning chain",0.2857142857,1.0,0,"[""gr""]",1,False
34,How many marchers were in the protest that Pelham D. Glassford ended?,light,gr,"Question: How many marchers were in the protest that Pelham D. Glassford ended?
Method: light
Method profile: lightweight retrieval and reasoning method
Task type: find the participant count of a specific historical event associated with a named person
Answer type: other
Reasoning profile: hop_count=2; multi_hop=true; comparison=false; temporal=false; aggregation=false; entity_linking=true; relation_chaining=true; disambiguation=true
Method selection signals: historical entity linking; event identification via person-action relation; numerical fact retrieval; multi-hop reasoning chain","Question: How many marchers were in the protest that Pelham D. Glassford ended?
Method: gr
Method profile: graph reasoning oriented method
Task type: find the participant count of a specific historical event associated with a named person
Answer type: other
Reasoning profile: hop_count=2; multi_hop=true; comparison=false; temporal=false; aggregation=false; entity_linking=true; relation_chaining=true; disambiguation=true
Method selection signals: historical entity linking; event identification via person-action relation; numerical fact retrieval; multi-hop reasoning chain",0.1111111111,1.0,0,"[""gr""]",1,False
34,How many marchers were in the protest that Pelham D. Glassford ended?,gr,qagn,"Question: How many marchers were in the protest that Pelham D. Glassford ended?
Method: gr
Method profile: graph reasoning oriented method
Task type: find the participant count of a specific historical event associated with a named person
Answer type: other
Reasoning profile: hop_count=2; multi_hop=true; comparison=false; temporal=false; aggregation=false; entity_linking=true; relation_chaining=true; disambiguation=true
Method selection signals: historical entity linking; event identification via person-action relation; numerical fact retrieval; multi-hop reasoning chain","Question: How many marchers were in the protest that Pelham D. Glassford ended?
Method: qagn
Method profile: question answering with graph/navigation signals
Task type: find the participant count of a specific historical event associated with a named person
Answer type: other
Reasoning profile: hop_count=2; multi_hop=true; comparison=false; temporal=false; aggregation=false; entity_linking=true; relation_chaining=true; disambiguation=true
Method selection signals: historical entity linking; event identification via person-action relation; numerical fact retrieval; multi-hop reasoning chain",1.0,0.1111111111,1,"[""gr""]",1,False
35,George Borba was part of the team that competed at what 1970 championship?,dalk,lgraph,"Question: George Borba was part of the team that competed at what 1970 championship?
Method: dalk
Method profile: retrieval-based QA method
Task type: find the championship event associated with a person's team participation in a specific year
Answer type: event
Reasoning profile: hop_count=2; multi_hop=true; comparison=false; temporal=true; aggregation=false; entity_linking=true; relation_chaining=true; disambiguation=true
Method selection signals: entity linking for specific person name; multi-hop relation chaining (person to team to event); temporal filtering for year 1970; sports competition knowledge retrieval","Question: George Borba was part of the team that competed at what 1970 championship?
Method: lgraph
Method profile: graph-centric reasoning and linking method
Task type: find the championship event associated with a person's team participation in a specific year
Answer type: event
Reasoning profile: hop_count=2; multi_hop=true; comparison=false; temporal=true; aggregation=false; entity_linking=true; relation_chaining=true; disambiguation=true
Method selection signals: entity linking for specific person name; multi-hop relation chaining (person to team to event); temporal filtering for year 1970; sports competition knowledge retrieval",0.375,0.8571428571,0,"[""lgraph"", ""light"", ""qagn""]",3,True
35,George Borba was part of the team that competed at what 1970 championship?,gr,lgraph,"Question: George Borba was part of the team that competed at what 1970 championship?
Method: gr
Method profile: graph reasoning oriented method
Task type: find the championship event associated with a person's team participation in a specific year
Answer type: event
Reasoning profile: hop_count=2; multi_hop=true; comparison=false; temporal=true; aggregation=false; entity_linking=true; relation_chaining=true; disambiguation=true
Method selection signals: entity linking for specific person name; multi-hop relation chaining (person to team to event); temporal filtering for year 1970; sports competition knowledge retrieval","Question: George Borba was part of the team that competed at what 1970 championship?
Method: lgraph
Method profile: graph-centric reasoning and linking method
Task type: find the championship event associated with a person's team participation in a specific year
Answer type: event
Reasoning profile: hop_count=2; multi_hop=true; comparison=false; temporal=true; aggregation=false; entity_linking=true; relation_chaining=true; disambiguation=true
Method selection signals: entity linking for specific person name; multi-hop relation chaining (person to team to event); temporal filtering for year 1970; sports competition knowledge retrieval",0.0,0.8571428571,0,"[""lgraph"", ""light"", ""qagn""]",3,True
35,George Borba was part of the team that competed at what 1970 championship?,lgraph,hippo,"Question: George Borba was part of the team that competed at what 1970 championship?
Method: lgraph
Method profile: graph-centric reasoning and linking method
Task type: find the championship event associated with a person's team participation in a specific year
Answer type: event
Reasoning profile: hop_count=2; multi_hop=true; comparison=false; temporal=true; aggregation=false; entity_linking=true; relation_chaining=true; disambiguation=true
Method selection signals: entity linking for specific person name; multi-hop relation chaining (person to team to event); temporal filtering for year 1970; sports competition knowledge retrieval","Question: George Borba was part of the team that competed at what 1970 championship?
Method: hippo
Method profile: multi-step retrieval and reasoning method
Task type: find the championship event associated with a person's team participation in a specific year
Answer type: event
Reasoning profile: hop_count=2; multi_hop=true; comparison=false; temporal=true; aggregation=false; entity_linking=true; relation_chaining=true; disambiguation=true
Method selection signals: entity linking for specific person name; multi-hop relation chaining (person to team to event); temporal filtering for year 1970; sports competition knowledge retrieval",0.8571428571,0.375,1,"[""lgraph"", ""light"", ""qagn""]",3,True
35,George Borba was part of the team that competed at what 1970 championship?,dalk,light,"Question: George Borba was part of the team that competed at what 1970 championship?
Method: dalk
Method profile: retrieval-based QA method
Task type: find the championship event associated with a person's team participation in a specific year
Answer type: event
Reasoning profile: hop_count=2; multi_hop=true; comparison=false; temporal=true; aggregation=false; entity_linking=true; relation_chaining=true; disambiguation=true
Method selection signals: entity linking for specific person name; multi-hop relation chaining (person to team to event); temporal filtering for year 1970; sports competition knowledge retrieval","Question: George Borba was part of the team that competed at what 1970 championship?
Method: light
Method profile: lightweight retrieval and reasoning method
Task type: find the championship event associated with a person's team participation in a specific year
Answer type: event
Reasoning profile: hop_count=2; multi_hop=true; comparison=false; temporal=true; aggregation=false; entity_linking=true; relation_chaining=true; disambiguation=true
Method selection signals: entity linking for specific person name; multi-hop relation chaining (person to team to event); temporal filtering for year 1970; sports competition knowledge retrieval",0.375,0.8571428571,0,"[""lgraph"", ""light"", ""qagn""]",3,True
35,George Borba was part of the team that competed at what 1970 championship?,gr,light,"Question: George Borba was part of the team that competed at what 1970 championship?
Method: gr
Method profile: graph reasoning oriented method
Task type: find the championship event associated with a person's team participation in a specific year
Answer type: event
Reasoning profile: hop_count=2; multi_hop=true; comparison=false; temporal=true; aggregation=false; entity_linking=true; relation_chaining=true; disambiguation=true
Method selection signals: entity linking for specific person name; multi-hop relation chaining (person to team to event); temporal filtering for year 1970; sports competition knowledge retrieval","Question: George Borba was part of the team that competed at what 1970 championship?
Method: light
Method profile: lightweight retrieval and reasoning method
Task type: find the championship event associated with a person's team participation in a specific year
Answer type: event
Reasoning profile: hop_count=2; multi_hop=true; comparison=false; temporal=true; aggregation=false; entity_linking=true; relation_chaining=true; disambiguation=true
Method selection signals: entity linking for specific person name; multi-hop relation chaining (person to team to event); temporal filtering for year 1970; sports competition knowledge retrieval",0.0,0.8571428571,0,"[""lgraph"", ""light"", ""qagn""]",3,True
35,George Borba was part of the team that competed at what 1970 championship?,hippo,light,"Question: George Borba was part of the team that competed at what 1970 championship?
Method: hippo
Method profile: multi-step retrieval and reasoning method
Task type: find the championship event associated with a person's team participation in a specific year
Answer type: event
Reasoning profile: hop_count=2; multi_hop=true; comparison=false; temporal=true; aggregation=false; entity_linking=true; relation_chaining=true; disambiguation=true
Method selection signals: entity linking for specific person name; multi-hop relation chaining (person to team to event); temporal filtering for year 1970; sports competition knowledge retrieval","Question: George Borba was part of the team that competed at what 1970 championship?
Method: light
Method profile: lightweight retrieval and reasoning method
Task type: find the championship event associated with a person's team participation in a specific year
Answer type: event
Reasoning profile: hop_count=2; multi_hop=true; comparison=false; temporal=true; aggregation=false; entity_linking=true; relation_chaining=true; disambiguation=true
Method selection signals: entity linking for specific person name; multi-hop relation chaining (person to team to event); temporal filtering for year 1970; sports competition knowledge retrieval",0.375,0.8571428571,0,"[""lgraph"", ""light"", ""qagn""]",3,True
35,George Borba was part of the team that competed at what 1970 championship?,dalk,qagn,"Question: George Borba was part of the team that competed at what 1970 championship?
Method: dalk
Method profile: retrieval-based QA method
Task type: find the championship event associated with a person's team participation in a specific year
Answer type: event
Reasoning profile: hop_count=2; multi_hop=true; comparison=false; temporal=true; aggregation=false; entity_linking=true; relation_chaining=true; disambiguation=true
Method selection signals: entity linking for specific person name; multi-hop relation chaining (person to team to event); temporal filtering for year 1970; sports competition knowledge retrieval","Question: George Borba was part of the team that competed at what 1970 championship?
Method: qagn
Method profile: question answering with graph/navigation signals
Task type: find the championship event associated with a person's team participation in a specific year
Answer type: event
Reasoning profile: hop_count=2; multi_hop=true; comparison=false; temporal=true; aggregation=false; entity_linking=true; relation_chaining=true; disambiguation=true
Method selection signals: entity linking for specific person name; multi-hop relation chaining (person to team to event); temporal filtering for year 1970; sports competition knowledge retrieval",0.375,0.8571428571,0,"[""lgraph"", ""light"", ""qagn""]",3,True
35,George Borba was part of the team that competed at what 1970 championship?,qagn,gr,"Question: George Borba was part of the team that competed at what 1970 championship?
Method: qagn
Method profile: question answering with graph/navigation signals
Task type: find the championship event associated with a person's team participation in a specific year
Answer type: event
Reasoning profile: hop_count=2; multi_hop=true; comparison=false; temporal=true; aggregation=false; entity_linking=true; relation_chaining=true; disambiguation=true
Method selection signals: entity linking for specific person name; multi-hop relation chaining (person to team to event); temporal filtering for year 1970; sports competition knowledge retrieval","Question: George Borba was part of the team that competed at what 1970 championship?
Method: gr
Method profile: graph reasoning oriented method
Task type: find the championship event associated with a person's team participation in a specific year
Answer type: event
Reasoning profile: hop_count=2; multi_hop=true; comparison=false; temporal=true; aggregation=false; entity_linking=true; relation_chaining=true; disambiguation=true
Method selection signals: entity linking for specific person name; multi-hop relation chaining (person to team to event); temporal filtering for year 1970; sports competition knowledge retrieval",0.8571428571,0.0,1,"[""lgraph"", ""light"", ""qagn""]",3,True
35,George Borba was part of the team that competed at what 1970 championship?,qagn,hippo,"Question: George Borba was part of the team that competed at what 1970 championship?
Method: qagn
Method profile: question answering with graph/navigation signals
Task type: find the championship event associated with a person's team participation in a specific year
Answer type: event
Reasoning profile: hop_count=2; multi_hop=true; comparison=false; temporal=true; aggregation=false; entity_linking=true; relation_chaining=true; disambiguation=true
Method selection signals: entity linking for specific person name; multi-hop relation chaining (person to team to event); temporal filtering for year 1970; sports competition knowledge retrieval","Question: George Borba was part of the team that competed at what 1970 championship?
Method: hippo
Method profile: multi-step retrieval and reasoning method
Task type: find the championship event associated with a person's team participation in a specific year
Answer type: event
Reasoning profile: hop_count=2; multi_hop=true; comparison=false; temporal=true; aggregation=false; entity_linking=true; relation_chaining=true; disambiguation=true
Method selection signals: entity linking for specific person name; multi-hop relation chaining (person to team to event); temporal filtering for year 1970; sports competition knowledge retrieval",0.8571428571,0.375,1,"[""lgraph"", ""light"", ""qagn""]",3,True
36,Are Denzel Washington and David Hewlett both actors?,dalk,gr,"Question: Are Denzel Washington and David Hewlett both actors?
Method: dalk
Method profile: retrieval-based QA method
Task type: verify occupation status for two named individuals
Answer type: other
Reasoning profile: hop_count=2; multi_hop=true; comparison=true; temporal=false; aggregation=true; entity_linking=true; relation_chaining=false; disambiguation=false
Method selection signals: parallel entity lookup; occupation verification; logical conjunction evaluation; simple fact retrieval","Question: Are Denzel Washington and David Hewlett both actors?
Method: gr
Method profile: graph reasoning oriented method
Task type: verify occupation status for two named individuals
Answer type: other
Reasoning profile: hop_count=2; multi_hop=true; comparison=true; temporal=false; aggregation=true; entity_linking=true; relation_chaining=false; disambiguation=false
Method selection signals: parallel entity lookup; occupation verification; logical conjunction evaluation; simple fact retrieval",1.0,0.0,1,"[""dalk""]",1,False
36,Are Denzel Washington and David Hewlett both actors?,hippo,dalk,"Question: Are Denzel Washington and David Hewlett both actors?
Method: hippo
Method profile: multi-step retrieval and reasoning method
Task type: verify occupation status for two named individuals
Answer type: other
Reasoning profile: hop_count=2; multi_hop=true; comparison=true; temporal=false; aggregation=true; entity_linking=true; relation_chaining=false; disambiguation=false
Method selection signals: parallel entity lookup; occupation verification; logical conjunction evaluation; simple fact retrieval","Question: Are Denzel Washington and David Hewlett both actors?
Method: dalk
Method profile: retrieval-based QA method
Task type: verify occupation status for two named individuals
Answer type: other
Reasoning profile: hop_count=2; multi_hop=true; comparison=true; temporal=false; aggregation=true; entity_linking=true; relation_chaining=false; disambiguation=false
Method selection signals: parallel entity lookup; occupation verification; logical conjunction evaluation; simple fact retrieval",0.0,1.0,0,"[""dalk""]",1,False
36,Are Denzel Washington and David Hewlett both actors?,lgraph,dalk,"Question: Are Denzel Washington and David Hewlett both actors?
Method: lgraph
Method profile: graph-centric reasoning and linking method
Task type: verify occupation status for two named individuals
Answer type: other
Reasoning profile: hop_count=2; multi_hop=true; comparison=true; temporal=false; aggregation=true; entity_linking=true; relation_chaining=false; disambiguation=false
Method selection signals: parallel entity lookup; occupation verification; logical conjunction evaluation; simple fact retrieval","Question: Are Denzel Washington and David Hewlett both actors?
Method: dalk
Method profile: retrieval-based QA method
Task type: verify occupation status for two named individuals
Answer type: other
Reasoning profile: hop_count=2; multi_hop=true; comparison=true; temporal=false; aggregation=true; entity_linking=true; relation_chaining=false; disambiguation=false
Method selection signals: parallel entity lookup; occupation verification; logical conjunction evaluation; simple fact retrieval",0.0,1.0,0,"[""dalk""]",1,False
36,Are Denzel Washington and David Hewlett both actors?,light,dalk,"Question: Are Denzel Washington and David Hewlett both actors?
Method: light
Method profile: lightweight retrieval and reasoning method
Task type: verify occupation status for two named individuals
Answer type: other
Reasoning profile: hop_count=2; multi_hop=true; comparison=true; temporal=false; aggregation=true; entity_linking=true; relation_chaining=false; disambiguation=false
Method selection signals: parallel entity lookup; occupation verification; logical conjunction evaluation; simple fact retrieval","Question: Are Denzel Washington and David Hewlett both actors?
Method: dalk
Method profile: retrieval-based QA method
Task type: verify occupation status for two named individuals
Answer type: other
Reasoning profile: hop_count=2; multi_hop=true; comparison=true; temporal=false; aggregation=true; entity_linking=true; relation_chaining=false; disambiguation=false
Method selection signals: parallel entity lookup; occupation verification; logical conjunction evaluation; simple fact retrieval",0.0,1.0,0,"[""dalk""]",1,False
36,Are Denzel Washington and David Hewlett both actors?,dalk,qagn,"Question: Are Denzel Washington and David Hewlett both actors?
Method: dalk
Method profile: retrieval-based QA method
Task type: verify occupation status for two named individuals
Answer type: other
Reasoning profile: hop_count=2; multi_hop=true; comparison=true; temporal=false; aggregation=true; entity_linking=true; relation_chaining=false; disambiguation=false
Method selection signals: parallel entity lookup; occupation verification; logical conjunction evaluation; simple fact retrieval","Question: Are Denzel Washington and David Hewlett both actors?
Method: qagn
Method profile: question answering with graph/navigation signals
Task type: verify occupation status for two named individuals
Answer type: other
Reasoning profile: hop_count=2; multi_hop=true; comparison=true; temporal=false; aggregation=true; entity_linking=true; relation_chaining=false; disambiguation=false
Method selection signals: parallel entity lookup; occupation verification; logical conjunction evaluation; simple fact retrieval",1.0,0.0,1,"[""dalk""]",1,False
37,In which Navy was the single-engine BAE Systems Hawk operated?,lgraph,dalk,"Question: In which Navy was the single-engine BAE Systems Hawk operated?
Method: lgraph
Method profile: graph-centric reasoning and linking method
Task type: find the specific naval organization that operated a named aircraft model
Answer type: organization
Reasoning profile: hop_count=2; multi_hop=true; comparison=false; temporal=false; aggregation=false; entity_linking=true; relation_chaining=true; disambiguation=false
Method selection signals: military aircraft operator retrieval; organization type filtering; entity linking for aircraft model; relation chaining from equipment to organization","Question: In which Navy was the single-engine BAE Systems Hawk operated?
Method: dalk
Method profile: retrieval-based QA method
Task type: find the specific naval organization that operated a named aircraft model
Answer type: organization
Reasoning profile: hop_count=2; multi_hop=true; comparison=false; temporal=false; aggregation=false; entity_linking=true; relation_chaining=true; disambiguation=false
Method selection signals: military aircraft operator retrieval; organization type filtering; entity linking for aircraft model; relation chaining from equipment to organization",0.4,0.1176470588,1,"[""lgraph"", ""qagn""]",2,True
37,In which Navy was the single-engine BAE Systems Hawk operated?,gr,lgraph,"Question: In which Navy was the single-engine BAE Systems Hawk operated?
Method: gr
Method profile: graph reasoning oriented method
Task type: find the specific naval organization that operated a named aircraft model
Answer type: organization
Reasoning profile: hop_count=2; multi_hop=true; comparison=false; temporal=false; aggregation=false; entity_linking=true; relation_chaining=true; disambiguation=false
Method selection signals: military aircraft operator retrieval; organization type filtering; entity linking for aircraft model; relation chaining from equipment to organization","Question: In which Navy was the single-engine BAE Systems Hawk operated?
Method: lgraph
Method profile: graph-centric reasoning and linking method
Task type: find the specific naval organization that operated a named aircraft model
Answer type: organization
Reasoning profile: hop_count=2; multi_hop=true; comparison=false; temporal=false; aggregation=false; entity_linking=true; relation_chaining=true; disambiguation=false
Method selection signals: military aircraft operator retrieval; organization type filtering; entity linking for aircraft model; relation chaining from equipment to organization",0.125,0.4,0,"[""lgraph"", ""qagn""]",2,True
37,In which Navy was the single-engine BAE Systems Hawk operated?,hippo,lgraph,"Question: In which Navy was the single-engine BAE Systems Hawk operated?
Method: hippo
Method profile: multi-step retrieval and reasoning method
Task type: find the specific naval organization that operated a named aircraft model
Answer type: organization
Reasoning profile: hop_count=2; multi_hop=true; comparison=false; temporal=false; aggregation=false; entity_linking=true; relation_chaining=true; disambiguation=false
Method selection signals: military aircraft operator retrieval; organization type filtering; entity linking for aircraft model; relation chaining from equipment to organization","Question: In which Navy was the single-engine BAE Systems Hawk operated?
Method: lgraph
Method profile: graph-centric reasoning and linking method
Task type: find the specific naval organization that operated a named aircraft model
Answer type: organization
Reasoning profile: hop_count=2; multi_hop=true; comparison=false; temporal=false; aggregation=false; entity_linking=true; relation_chaining=true; disambiguation=false
Method selection signals: military aircraft operator retrieval; organization type filtering; entity linking for aircraft model; relation chaining from equipment to organization",0.1333333333,0.4,0,"[""lgraph"", ""qagn""]",2,True
37,In which Navy was the single-engine BAE Systems Hawk operated?,lgraph,light,"Question: In which Navy was the single-engine BAE Systems Hawk operated?
Method: lgraph
Method profile: graph-centric reasoning and linking method
Task type: find the specific naval organization that operated a named aircraft model
Answer type: organization
Reasoning profile: hop_count=2; multi_hop=true; comparison=false; temporal=false; aggregation=false; entity_linking=true; relation_chaining=true; disambiguation=false
Method selection signals: military aircraft operator retrieval; organization type filtering; entity linking for aircraft model; relation chaining from equipment to organization","Question: In which Navy was the single-engine BAE Systems Hawk operated?
Method: light
Method profile: lightweight retrieval and reasoning method
Task type: find the specific naval organization that operated a named aircraft model
Answer type: organization
Reasoning profile: hop_count=2; multi_hop=true; comparison=false; temporal=false; aggregation=false; entity_linking=true; relation_chaining=true; disambiguation=false
Method selection signals: military aircraft operator retrieval; organization type filtering; entity linking for aircraft model; relation chaining from equipment to organization",0.4,0.1428571429,1,"[""lgraph"", ""qagn""]",2,True
37,In which Navy was the single-engine BAE Systems Hawk operated?,qagn,dalk,"Question: In which Navy was the single-engine BAE Systems Hawk operated?
Method: qagn
Method profile: question answering with graph/navigation signals
Task type: find the specific naval organization that operated a named aircraft model
Answer type: organization
Reasoning profile: hop_count=2; multi_hop=true; comparison=false; temporal=false; aggregation=false; entity_linking=true; relation_chaining=true; disambiguation=false
Method selection signals: military aircraft operator retrieval; organization type filtering; entity linking for aircraft model; relation chaining from equipment to organization","Question: In which Navy was the single-engine BAE Systems Hawk operated?
Method: dalk
Method profile: retrieval-based QA method
Task type: find the specific naval organization that operated a named aircraft model
Answer type: organization
Reasoning profile: hop_count=2; multi_hop=true; comparison=false; temporal=false; aggregation=false; entity_linking=true; relation_chaining=true; disambiguation=false
Method selection signals: military aircraft operator retrieval; organization type filtering; entity linking for aircraft model; relation chaining from equipment to organization",0.4,0.1176470588,1,"[""lgraph"", ""qagn""]",2,True
37,In which Navy was the single-engine BAE Systems Hawk operated?,qagn,gr,"Question: In which Navy was the single-engine BAE Systems Hawk operated?
Method: qagn
Method profile: question answering with graph/navigation signals
Task type: find the specific naval organization that operated a named aircraft model
Answer type: organization
Reasoning profile: hop_count=2; multi_hop=true; comparison=false; temporal=false; aggregation=false; entity_linking=true; relation_chaining=true; disambiguation=false
Method selection signals: military aircraft operator retrieval; organization type filtering; entity linking for aircraft model; relation chaining from equipment to organization","Question: In which Navy was the single-engine BAE Systems Hawk operated?
Method: gr
Method profile: graph reasoning oriented method
Task type: find the specific naval organization that operated a named aircraft model
Answer type: organization
Reasoning profile: hop_count=2; multi_hop=true; comparison=false; temporal=false; aggregation=false; entity_linking=true; relation_chaining=true; disambiguation=false
Method selection signals: military aircraft operator retrieval; organization type filtering; entity linking for aircraft model; relation chaining from equipment to organization",0.4,0.125,1,"[""lgraph"", ""qagn""]",2,True
37,In which Navy was the single-engine BAE Systems Hawk operated?,hippo,qagn,"Question: In which Navy was the single-engine BAE Systems Hawk operated?
Method: hippo
Method profile: multi-step retrieval and reasoning method
Task type: find the specific naval organization that operated a named aircraft model
Answer type: organization
Reasoning profile: hop_count=2; multi_hop=true; comparison=false; temporal=false; aggregation=false; entity_linking=true; relation_chaining=true; disambiguation=false
Method selection signals: military aircraft operator retrieval; organization type filtering; entity linking for aircraft model; relation chaining from equipment to organization","Question: In which Navy was the single-engine BAE Systems Hawk operated?
Method: qagn
Method profile: question answering with graph/navigation signals
Task type: find the specific naval organization that operated a named aircraft model
Answer type: organization
Reasoning profile: hop_count=2; multi_hop=true; comparison=false; temporal=false; aggregation=false; entity_linking=true; relation_chaining=true; disambiguation=false
Method selection signals: military aircraft operator retrieval; organization type filtering; entity linking for aircraft model; relation chaining from equipment to organization",0.1333333333,0.4,0,"[""lgraph"", ""qagn""]",2,True
37,In which Navy was the single-engine BAE Systems Hawk operated?,light,qagn,"Question: In which Navy was the single-engine BAE Systems Hawk operated?
Method: light
Method profile: lightweight retrieval and reasoning method
Task type: find the specific naval organization that operated a named aircraft model
Answer type: organization
Reasoning profile: hop_count=2; multi_hop=true; comparison=false; temporal=false; aggregation=false; entity_linking=true; relation_chaining=true; disambiguation=false
Method selection signals: military aircraft operator retrieval; organization type filtering; entity linking for aircraft model; relation chaining from equipment to organization","Question: In which Navy was the single-engine BAE Systems Hawk operated?
Method: qagn
Method profile: question answering with graph/navigation signals
Task type: find the specific naval organization that operated a named aircraft model
Answer type: organization
Reasoning profile: hop_count=2; multi_hop=true; comparison=false; temporal=false; aggregation=false; entity_linking=true; relation_chaining=true; disambiguation=false
Method selection signals: military aircraft operator retrieval; organization type filtering; entity linking for aircraft model; relation chaining from equipment to organization",0.1428571429,0.4,0,"[""lgraph"", ""qagn""]",2,True
41,Where is the English punk rock band which Howard Devoto is the original singer of formed,lgraph,dalk,"Question: Where is the English punk rock band which Howard Devoto is the original singer of formed
Method: lgraph
Method profile: graph-centric reasoning and linking method
Task type: find the formation location of a band associated with a specific singer
Answer type: location
Reasoning profile: hop_count=2; multi_hop=true; comparison=false; temporal=false; aggregation=false; entity_linking=true; relation_chaining=true; disambiguation=true
Method selection signals: entity linking for person name; relation chaining from person to organization; filtering by genre and role constraints; location retrieval for identified organization","Question: Where is the English punk rock band which Howard Devoto is the original singer of formed
Method: dalk
Method profile: retrieval-based QA method
Task type: find the formation location of a band associated with a specific singer
Answer type: location
Reasoning profile: hop_count=2; multi_hop=true; comparison=false; temporal=false; aggregation=false; entity_linking=true; relation_chaining=true; disambiguation=true
Method selection signals: entity linking for person name; relation chaining from person to organization; filtering by genre and role constraints; location retrieval for identified organization",0.5,0.0,1,"[""lgraph"", ""qagn""]",2,True
41,Where is the English punk rock band which Howard Devoto is the original singer of formed,lgraph,gr,"Question: Where is the English punk rock band which Howard Devoto is the original singer of formed
Method: lgraph
Method profile: graph-centric reasoning and linking method
Task type: find the formation location of a band associated with a specific singer
Answer type: location
Reasoning profile: hop_count=2; multi_hop=true; comparison=false; temporal=false; aggregation=false; entity_linking=true; relation_chaining=true; disambiguation=true
Method selection signals: entity linking for person name; relation chaining from person to organization; filtering by genre and role constraints; location retrieval for identified organization","Question: Where is the English punk rock band which Howard Devoto is the original singer of formed
Method: gr
Method profile: graph reasoning oriented method
Task type: find the formation location of a band associated with a specific singer
Answer type: location
Reasoning profile: hop_count=2; multi_hop=true; comparison=false; temporal=false; aggregation=false; entity_linking=true; relation_chaining=true; disambiguation=true
Method selection signals: entity linking for person name; relation chaining from person to organization; filtering by genre and role constraints; location retrieval for identified organization",0.5,0.2222222222,1,"[""lgraph"", ""qagn""]",2,True
41,Where is the English punk rock band which Howard Devoto is the original singer of formed,hippo,lgraph,"Question: Where is the English punk rock band which Howard Devoto is the original singer of formed
Method: hippo
Method profile: multi-step retrieval and reasoning method
Task type: find the formation location of a band associated with a specific singer
Answer type: location
Reasoning profile: hop_count=2; multi_hop=true; comparison=false; temporal=false; aggregation=false; entity_linking=true; relation_chaining=true; disambiguation=true
Method selection signals: entity linking for person name; relation chaining from person to organization; filtering by genre and role constraints; location retrieval for identified organization","Question: Where is the English punk rock band which Howard Devoto is the original singer of formed
Method: lgraph
Method profile: graph-centric reasoning and linking method
Task type: find the formation location of a band associated with a specific singer
Answer type: location
Reasoning profile: hop_count=2; multi_hop=true; comparison=false; temporal=false; aggregation=false; entity_linking=true; relation_chaining=true; disambiguation=true
Method selection signals: entity linking for person name; relation chaining from person to organization; filtering by genre and role constraints; location retrieval for identified organization",0.1904761905,0.5,0,"[""lgraph"", ""qagn""]",2,True
41,Where is the English punk rock band which Howard Devoto is the original singer of formed,lgraph,light,"Question: Where is the English punk rock band which Howard Devoto is the original singer of formed
Method: lgraph
Method profile: graph-centric reasoning and linking method
Task type: find the formation location of a band associated with a specific singer
Answer type: location
Reasoning profile: hop_count=2; multi_hop=true; comparison=false; temporal=false; aggregation=false; entity_linking=true; relation_chaining=true; disambiguation=true
Method selection signals: entity linking for person name; relation chaining from person to organization; filtering by genre and role constraints; location retrieval for identified organization","Question: Where is the English punk rock band which Howard Devoto is the original singer of formed
Method: light
Method profile: lightweight retrieval and reasoning method
Task type: find the formation location of a band associated with a specific singer
Answer type: location
Reasoning profile: hop_count=2; multi_hop=true; comparison=false; temporal=false; aggregation=false; entity_linking=true; relation_chaining=true; disambiguation=true
Method selection signals: entity linking for person name; relation chaining from person to organization; filtering by genre and role constraints; location retrieval for identified organization",0.5,0.2105263158,1,"[""lgraph"", ""qagn""]",2,True
41,Where is the English punk rock band which Howard Devoto is the original singer of formed,dalk,qagn,"Question: Where is the English punk rock band which Howard Devoto is the original singer of formed
Method: dalk
Method profile: retrieval-based QA method
Task type: find the formation location of a band associated with a specific singer
Answer type: location
Reasoning profile: hop_count=2; multi_hop=true; comparison=false; temporal=false; aggregation=false; entity_linking=true; relation_chaining=true; disambiguation=true
Method selection signals: entity linking for person name; relation chaining from person to organization; filtering by genre and role constraints; location retrieval for identified organization","Question: Where is the English punk rock band which Howard Devoto is the original singer of formed
Method: qagn
Method profile: question answering with graph/navigation signals
Task type: find the formation location of a band associated with a specific singer
Answer type: location
Reasoning profile: hop_count=2; multi_hop=true; comparison=false; temporal=false; aggregation=false; entity_linking=true; relation_chaining=true; disambiguation=true
Method selection signals: entity linking for person name; relation chaining from person to organization; filtering by genre and role constraints; location retrieval for identified organization",0.0,0.5,0,"[""lgraph"", ""qagn""]",2,True
41,Where is the English punk rock band which Howard Devoto is the original singer of formed,qagn,gr,"Question: Where is the English punk rock band which Howard Devoto is the original singer of formed
Method: qagn
Method profile: question answering with graph/navigation signals
Task type: find the formation location of a band associated with a specific singer
Answer type: location
Reasoning profile: hop_count=2; multi_hop=true; comparison=false; temporal=false; aggregation=false; entity_linking=true; relation_chaining=true; disambiguation=true
Method selection signals: entity linking for person name; relation chaining from person to organization; filtering by genre and role constraints; location retrieval for identified organization","Question: Where is the English punk rock band which Howard Devoto is the original singer of formed
Method: gr
Method profile: graph reasoning oriented method
Task type: find the formation location of a band associated with a specific singer
Answer type: location
Reasoning profile: hop_count=2; multi_hop=true; comparison=false; temporal=false; aggregation=false; entity_linking=true; relation_chaining=true; disambiguation=true
Method selection signals: entity linking for person name; relation chaining from person to organization; filtering by genre and role constraints; location retrieval for identified organization",0.5,0.2222222222,1,"[""lgraph"", ""qagn""]",2,True
41,Where is the English punk rock band which Howard Devoto is the original singer of formed,qagn,hippo,"Question: Where is the English punk rock band which Howard Devoto is the original singer of formed
Method: qagn
Method profile: question answering with graph/navigation signals
Task type: find the formation location of a band associated with a specific singer
Answer type: location
Reasoning profile: hop_count=2; multi_hop=true; comparison=false; temporal=false; aggregation=false; entity_linking=true; relation_chaining=true; disambiguation=true
Method selection signals: entity linking for person name; relation chaining from person to organization; filtering by genre and role constraints; location retrieval for identified organization","Question: Where is the English punk rock band which Howard Devoto is the original singer of formed
Method: hippo
Method profile: multi-step retrieval and reasoning method
Task type: find the formation location of a band associated with a specific singer
Answer type: location
Reasoning profile: hop_count=2; multi_hop=true; comparison=false; temporal=false; aggregation=false; entity_linking=true; relation_chaining=true; disambiguation=true
Method selection signals: entity linking for person name; relation chaining from person to organization; filtering by genre and role constraints; location retrieval for identified organization",0.5,0.1904761905,1,"[""lgraph"", ""qagn""]",2,True
41,Where is the English punk rock band which Howard Devoto is the original singer of formed,light,qagn,"Question: Where is the English punk rock band which Howard Devoto is the original singer of formed
Method: light
Method profile: lightweight retrieval and reasoning method
Task type: find the formation location of a band associated with a specific singer
Answer type: location
Reasoning profile: hop_count=2; multi_hop=true; comparison=false; temporal=false; aggregation=false; entity_linking=true; relation_chaining=true; disambiguation=true
Method selection signals: entity linking for person name; relation chaining from person to organization; filtering by genre and role constraints; location retrieval for identified organization","Question: Where is the English punk rock band which Howard Devoto is the original singer of formed
Method: qagn
Method profile: question answering with graph/navigation signals
Task type: find the formation location of a band associated with a specific singer
Answer type: location
Reasoning profile: hop_count=2; multi_hop=true; comparison=false; temporal=false; aggregation=false; entity_linking=true; relation_chaining=true; disambiguation=true
Method selection signals: entity linking for person name; relation chaining from person to organization; filtering by genre and role constraints; location retrieval for identified organization",0.2105263158,0.5,0,"[""lgraph"", ""qagn""]",2,True
42,"Are both Kaiping and Pingxiang, Guangxi located in Guandong Province?",gr,dalk,"Question: Are both Kaiping and Pingxiang, Guangxi located in Guandong Province?
Method: gr
Method profile: graph reasoning oriented method
Task type: verify geographical location membership for two entities
Answer type: comparison_result
Reasoning profile: hop_count=2; multi_hop=true; comparison=true; temporal=false; aggregation=true; entity_linking=true; relation_chaining=false; disambiguation=true
Method selection signals: geographical entity linking; province location lookup; logical aggregation of multiple facts; potential spelling correction or disambiguation","Question: Are both Kaiping and Pingxiang, Guangxi located in Guandong Province?
Method: dalk
Method profile: retrieval-based QA method
Task type: verify geographical location membership for two entities
Answer type: comparison_result
Reasoning profile: hop_count=2; multi_hop=true; comparison=true; temporal=false; aggregation=true; entity_linking=true; relation_chaining=false; disambiguation=true
Method selection signals: geographical entity linking; province location lookup; logical aggregation of multiple facts; potential spelling correction or disambiguation",0.0,1.0,0,"[""dalk""]",1,False
42,"Are both Kaiping and Pingxiang, Guangxi located in Guandong Province?",dalk,hippo,"Question: Are both Kaiping and Pingxiang, Guangxi located in Guandong Province?
Method: dalk
Method profile: retrieval-based QA method
Task type: verify geographical location membership for two entities
Answer type: comparison_result
Reasoning profile: hop_count=2; multi_hop=true; comparison=true; temporal=false; aggregation=true; entity_linking=true; relation_chaining=false; disambiguation=true
Method selection signals: geographical entity linking; province location lookup; logical aggregation of multiple facts; potential spelling correction or disambiguation","Question: Are both Kaiping and Pingxiang, Guangxi located in Guandong Province?
Method: hippo
Method profile: multi-step retrieval and reasoning method
Task type: verify geographical location membership for two entities
Answer type: comparison_result
Reasoning profile: hop_count=2; multi_hop=true; comparison=true; temporal=false; aggregation=true; entity_linking=true; relation_chaining=false; disambiguation=true
Method selection signals: geographical entity linking; province location lookup; logical aggregation of multiple facts; potential spelling correction or disambiguation",1.0,0.0,1,"[""dalk""]",1,False
42,"Are both Kaiping and Pingxiang, Guangxi located in Guandong Province?",dalk,lgraph,"Question: Are both Kaiping and Pingxiang, Guangxi located in Guandong Province?
Method: dalk
Method profile: retrieval-based QA method
Task type: verify geographical location membership for two entities
Answer type: comparison_result
Reasoning profile: hop_count=2; multi_hop=true; comparison=true; temporal=false; aggregation=true; entity_linking=true; relation_chaining=false; disambiguation=true
Method selection signals: geographical entity linking; province location lookup; logical aggregation of multiple facts; potential spelling correction or disambiguation","Question: Are both Kaiping and Pingxiang, Guangxi located in Guandong Province?
Method: lgraph
Method profile: graph-centric reasoning and linking method
Task type: verify geographical location membership for two entities
Answer type: comparison_result
Reasoning profile: hop_count=2; multi_hop=true; comparison=true; temporal=false; aggregation=true; entity_linking=true; relation_chaining=false; disambiguation=true
Method selection signals: geographical entity linking; province location lookup; logical aggregation of multiple facts; potential spelling correction or disambiguation",1.0,0.0,1,"[""dalk""]",1,False
42,"Are both Kaiping and Pingxiang, Guangxi located in Guandong Province?",light,dalk,"Question: Are both Kaiping and Pingxiang, Guangxi located in Guandong Province?
Method: light
Method profile: lightweight retrieval and reasoning method
Task type: verify geographical location membership for two entities
Answer type: comparison_result
Reasoning profile: hop_count=2; multi_hop=true; comparison=true; temporal=false; aggregation=true; entity_linking=true; relation_chaining=false; disambiguation=true
Method selection signals: geographical entity linking; province location lookup; logical aggregation of multiple facts; potential spelling correction or disambiguation","Question: Are both Kaiping and Pingxiang, Guangxi located in Guandong Province?
Method: dalk
Method profile: retrieval-based QA method
Task type: verify geographical location membership for two entities
Answer type: comparison_result
Reasoning profile: hop_count=2; multi_hop=true; comparison=true; temporal=false; aggregation=true; entity_linking=true; relation_chaining=false; disambiguation=true
Method selection signals: geographical entity linking; province location lookup; logical aggregation of multiple facts; potential spelling correction or disambiguation",0.0,1.0,0,"[""dalk""]",1,False
42,"Are both Kaiping and Pingxiang, Guangxi located in Guandong Province?",qagn,dalk,"Question: Are both Kaiping and Pingxiang, Guangxi located in Guandong Province?
Method: qagn
Method profile: question answering with graph/navigation signals
Task type: verify geographical location membership for two entities
Answer type: comparison_result
Reasoning profile: hop_count=2; multi_hop=true; comparison=true; temporal=false; aggregation=true; entity_linking=true; relation_chaining=false; disambiguation=true
Method selection signals: geographical entity linking; province location lookup; logical aggregation of multiple facts; potential spelling correction or disambiguation","Question: Are both Kaiping and Pingxiang, Guangxi located in Guandong Province?
Method: dalk
Method profile: retrieval-based QA method
Task type: verify geographical location membership for two entities
Answer type: comparison_result
Reasoning profile: hop_count=2; multi_hop=true; comparison=true; temporal=false; aggregation=true; entity_linking=true; relation_chaining=false; disambiguation=true
Method selection signals: geographical entity linking; province location lookup; logical aggregation of multiple facts; potential spelling correction or disambiguation",0.0,1.0,0,"[""dalk""]",1,False
43,"This stadium, the largest in eastern Europe, was home to the 1998 IAAF Grand Prix Final. How many seats does it have?",hippo,dalk,"Question: This stadium, the largest in eastern Europe, was home to the 1998 IAAF Grand Prix Final. How many seats does it have?
Method: hippo
Method profile: multi-step retrieval and reasoning method
Task type: identify a stadium via event and size claims then retrieve capacity
Answer type: other
Reasoning profile: hop_count=2; multi_hop=true; comparison=false; temporal=true; aggregation=false; entity_linking=true; relation_chaining=true; disambiguation=true
Method selection signals: entity resolution using event hosting history; superlative attribute verification for entity confirmation; temporal constraint handling for event year; numeric property retrieval for capacity","Question: This stadium, the largest in eastern Europe, was home to the 1998 IAAF Grand Prix Final. How many seats does it have?
Method: dalk
Method profile: retrieval-based QA method
Task type: identify a stadium via event and size claims then retrieve capacity
Answer type: other
Reasoning profile: hop_count=2; multi_hop=true; comparison=false; temporal=true; aggregation=false; entity_linking=true; relation_chaining=true; disambiguation=true
Method selection signals: entity resolution using event hosting history; superlative attribute verification for entity confirmation; temporal constraint handling for event year; numeric property retrieval for capacity",1.0,0.4,1,"[""hippo"", ""lgraph"", ""qagn""]",3,True
43,"This stadium, the largest in eastern Europe, was home to the 1998 IAAF Grand Prix Final. How many seats does it have?",gr,hippo,"Question: This stadium, the largest in eastern Europe, was home to the 1998 IAAF Grand Prix Final. How many seats does it have?
Method: gr
Method profile: graph reasoning oriented method
Task type: identify a stadium via event and size claims then retrieve capacity
Answer type: other
Reasoning profile: hop_count=2; multi_hop=true; comparison=false; temporal=true; aggregation=false; entity_linking=true; relation_chaining=true; disambiguation=true
Method selection signals: entity resolution using event hosting history; superlative attribute verification for entity confirmation; temporal constraint handling for event year; numeric property retrieval for capacity","Question: This stadium, the largest in eastern Europe, was home to the 1998 IAAF Grand Prix Final. How many seats does it have?
Method: hippo
Method profile: multi-step retrieval and reasoning method
Task type: identify a stadium via event and size claims then retrieve capacity
Answer type: other
Reasoning profile: hop_count=2; multi_hop=true; comparison=false; temporal=true; aggregation=false; entity_linking=true; relation_chaining=true; disambiguation=true
Method selection signals: entity resolution using event hosting history; superlative attribute verification for entity confirmation; temporal constraint handling for event year; numeric property retrieval for capacity",0.1538461538,1.0,0,"[""hippo"", ""lgraph"", ""qagn""]",3,True
43,"This stadium, the largest in eastern Europe, was home to the 1998 IAAF Grand Prix Final. How many seats does it have?",hippo,light,"Question: This stadium, the largest in eastern Europe, was home to the 1998 IAAF Grand Prix Final. How many seats does it have?
Method: hippo
Method profile: multi-step retrieval and reasoning method
Task type: identify a stadium via event and size claims then retrieve capacity
Answer type: other
Reasoning profile: hop_count=2; multi_hop=true; comparison=false; temporal=true; aggregation=false; entity_linking=true; relation_chaining=true; disambiguation=true
Method selection signals: entity resolution using event hosting history; superlative attribute verification for entity confirmation; temporal constraint handling for event year; numeric property retrieval for capacity","Question: This stadium, the largest in eastern Europe, was home to the 1998 IAAF Grand Prix Final. How many seats does it have?
Method: light
Method profile: lightweight retrieval and reasoning method
Task type: identify a stadium via event and size claims then retrieve capacity
Answer type: other
Reasoning profile: hop_count=2; multi_hop=true; comparison=false; temporal=true; aggregation=false; entity_linking=true; relation_chaining=true; disambiguation=true
Method selection signals: entity resolution using event hosting history; superlative attribute verification for entity confirmation; temporal constraint handling for event year; numeric property retrieval for capacity",1.0,0.4444444444,1,"[""hippo"", ""lgraph"", ""qagn""]",3,True
43,"This stadium, the largest in eastern Europe, was home to the 1998 IAAF Grand Prix Final. How many seats does it have?",lgraph,dalk,"Question: This stadium, the largest in eastern Europe, was home to the 1998 IAAF Grand Prix Final. How many seats does it have?
Method: lgraph
Method profile: graph-centric reasoning and linking method
Task type: identify a stadium via event and size claims then retrieve capacity
Answer type: other
Reasoning profile: hop_count=2; multi_hop=true; comparison=false; temporal=true; aggregation=false; entity_linking=true; relation_chaining=true; disambiguation=true
Method selection signals: entity resolution using event hosting history; superlative attribute verification for entity confirmation; temporal constraint handling for event year; numeric property retrieval for capacity","Question: This stadium, the largest in eastern Europe, was home to the 1998 IAAF Grand Prix Final. How many seats does it have?
Method: dalk
Method profile: retrieval-based QA method
Task type: identify a stadium via event and size claims then retrieve capacity
Answer type: other
Reasoning profile: hop_count=2; multi_hop=true; comparison=false; temporal=true; aggregation=false; entity_linking=true; relation_chaining=true; disambiguation=true
Method selection signals: entity resolution using event hosting history; superlative attribute verification for entity confirmation; temporal constraint handling for event year; numeric property retrieval for capacity",1.0,0.4,1,"[""hippo"", ""lgraph"", ""qagn""]",3,True
43,"This stadium, the largest in eastern Europe, was home to the 1998 IAAF Grand Prix Final. How many seats does it have?",lgraph,gr,"Question: This stadium, the largest in eastern Europe, was home to the 1998 IAAF Grand Prix Final. How many seats does it have?
Method: lgraph
Method profile: graph-centric reasoning and linking method
Task type: identify a stadium via event and size claims then retrieve capacity
Answer type: other
Reasoning profile: hop_count=2; multi_hop=true; comparison=false; temporal=true; aggregation=false; entity_linking=true; relation_chaining=true; disambiguation=true
Method selection signals: entity resolution using event hosting history; superlative attribute verification for entity confirmation; temporal constraint handling for event year; numeric property retrieval for capacity","Question: This stadium, the largest in eastern Europe, was home to the 1998 IAAF Grand Prix Final. How many seats does it have?
Method: gr
Method profile: graph reasoning oriented method
Task type: identify a stadium via event and size claims then retrieve capacity
Answer type: other
Reasoning profile: hop_count=2; multi_hop=true; comparison=false; temporal=true; aggregation=false; entity_linking=true; relation_chaining=true; disambiguation=true
Method selection signals: entity resolution using event hosting history; superlative attribute verification for entity confirmation; temporal constraint handling for event year; numeric property retrieval for capacity",1.0,0.1538461538,1,"[""hippo"", ""lgraph"", ""qagn""]",3,True
43,"This stadium, the largest in eastern Europe, was home to the 1998 IAAF Grand Prix Final. How many seats does it have?",light,lgraph,"Question: This stadium, the largest in eastern Europe, was home to the 1998 IAAF Grand Prix Final. How many seats does it have?
Method: light
Method profile: lightweight retrieval and reasoning method
Task type: identify a stadium via event and size claims then retrieve capacity
Answer type: other
Reasoning profile: hop_count=2; multi_hop=true; comparison=false; temporal=true; aggregation=false; entity_linking=true; relation_chaining=true; disambiguation=true
Method selection signals: entity resolution using event hosting history; superlative attribute verification for entity confirmation; temporal constraint handling for event year; numeric property retrieval for capacity","Question: This stadium, the largest in eastern Europe, was home to the 1998 IAAF Grand Prix Final. How many seats does it have?
Method: lgraph
Method profile: graph-centric reasoning and linking method
Task type: identify a stadium via event and size claims then retrieve capacity
Answer type: other
Reasoning profile: hop_count=2; multi_hop=true; comparison=false; temporal=true; aggregation=false; entity_linking=true; relation_chaining=true; disambiguation=true
Method selection signals: entity resolution using event hosting history; superlative attribute verification for entity confirmation; temporal constraint handling for event year; numeric property retrieval for capacity",0.4444444444,1.0,0,"[""hippo"", ""lgraph"", ""qagn""]",3,True
43,"This stadium, the largest in eastern Europe, was home to the 1998 IAAF Grand Prix Final. How many seats does it have?",qagn,dalk,"Question: This stadium, the largest in eastern Europe, was home to the 1998 IAAF Grand Prix Final. How many seats does it have?
Method: qagn
Method profile: question answering with graph/navigation signals
Task type: identify a stadium via event and size claims then retrieve capacity
Answer type: other
Reasoning profile: hop_count=2; multi_hop=true; comparison=false; temporal=true; aggregation=false; entity_linking=true; relation_chaining=true; disambiguation=true
Method selection signals: entity resolution using event hosting history; superlative attribute verification for entity confirmation; temporal constraint handling for event year; numeric property retrieval for capacity","Question: This stadium, the largest in eastern Europe, was home to the 1998 IAAF Grand Prix Final. How many seats does it have?
Method: dalk
Method profile: retrieval-based QA method
Task type: identify a stadium via event and size claims then retrieve capacity
Answer type: other
Reasoning profile: hop_count=2; multi_hop=true; comparison=false; temporal=true; aggregation=false; entity_linking=true; relation_chaining=true; disambiguation=true
Method selection signals: entity resolution using event hosting history; superlative attribute verification for entity confirmation; temporal constraint handling for event year; numeric property retrieval for capacity",1.0,0.4,1,"[""hippo"", ""lgraph"", ""qagn""]",3,True
43,"This stadium, the largest in eastern Europe, was home to the 1998 IAAF Grand Prix Final. How many seats does it have?",qagn,gr,"Question: This stadium, the largest in eastern Europe, was home to the 1998 IAAF Grand Prix Final. How many seats does it have?
Method: qagn
Method profile: question answering with graph/navigation signals
Task type: identify a stadium via event and size claims then retrieve capacity
Answer type: other
Reasoning profile: hop_count=2; multi_hop=true; comparison=false; temporal=true; aggregation=false; entity_linking=true; relation_chaining=true; disambiguation=true
Method selection signals: entity resolution using event hosting history; superlative attribute verification for entity confirmation; temporal constraint handling for event year; numeric property retrieval for capacity","Question: This stadium, the largest in eastern Europe, was home to the 1998 IAAF Grand Prix Final. How many seats does it have?
Method: gr
Method profile: graph reasoning oriented method
Task type: identify a stadium via event and size claims then retrieve capacity
Answer type: other
Reasoning profile: hop_count=2; multi_hop=true; comparison=false; temporal=true; aggregation=false; entity_linking=true; relation_chaining=true; disambiguation=true
Method selection signals: entity resolution using event hosting history; superlative attribute verification for entity confirmation; temporal constraint handling for event year; numeric property retrieval for capacity",1.0,0.1538461538,1,"[""hippo"", ""lgraph"", ""qagn""]",3,True
43,"This stadium, the largest in eastern Europe, was home to the 1998 IAAF Grand Prix Final. How many seats does it have?",qagn,light,"Question: This stadium, the largest in eastern Europe, was home to the 1998 IAAF Grand Prix Final. How many seats does it have?
Method: qagn
Method profile: question answering with graph/navigation signals
Task type: identify a stadium via event and size claims then retrieve capacity
Answer type: other
Reasoning profile: hop_count=2; multi_hop=true; comparison=false; temporal=true; aggregation=false; entity_linking=true; relation_chaining=true; disambiguation=true
Method selection signals: entity resolution using event hosting history; superlative attribute verification for entity confirmation; temporal constraint handling for event year; numeric property retrieval for capacity","Question: This stadium, the largest in eastern Europe, was home to the 1998 IAAF Grand Prix Final. How many seats does it have?
Method: light
Method profile: lightweight retrieval and reasoning method
Task type: identify a stadium via event and size claims then retrieve capacity
Answer type: other
Reasoning profile: hop_count=2; multi_hop=true; comparison=false; temporal=true; aggregation=false; entity_linking=true; relation_chaining=true; disambiguation=true
Method selection signals: entity resolution using event hosting history; superlative attribute verification for entity confirmation; temporal constraint handling for event year; numeric property retrieval for capacity",1.0,0.4444444444,1,"[""hippo"", ""lgraph"", ""qagn""]",3,True
44,"The technique 'panenka' was first used by a player of what nationality against ""Die Katze von Anzing""?",gr,dalk,"Question: The technique 'panenka' was first used by a player of what nationality against ""Die Katze von Anzing""?
Method: gr
Method profile: graph reasoning oriented method
Task type: find the nationality of a player associated with a specific sports technique and opponent nickname
Answer type: other
Reasoning profile: hop_count=2; multi_hop=true; comparison=false; temporal=true; aggregation=false; entity_linking=true; relation_chaining=true; disambiguation=true
Method selection signals: resolution of sports nicknames; historical sports fact retrieval; relation chaining from technique to player to nationality; context verification between player and opponent","Question: The technique 'panenka' was first used by a player of what nationality against ""Die Katze von Anzing""?
Method: dalk
Method profile: retrieval-based QA method
Task type: find the nationality of a player associated with a specific sports technique and opponent nickname
Answer type: other
Reasoning profile: hop_count=2; multi_hop=true; comparison=false; temporal=true; aggregation=false; entity_linking=true; relation_chaining=true; disambiguation=true
Method selection signals: resolution of sports nicknames; historical sports fact retrieval; relation chaining from technique to player to nationality; context verification between player and opponent",0.0,1.0,0,"[""dalk""]",1,False
44,"The technique 'panenka' was first used by a player of what nationality against ""Die Katze von Anzing""?",dalk,hippo,"Question: The technique 'panenka' was first used by a player of what nationality against ""Die Katze von Anzing""?
Method: dalk
Method profile: retrieval-based QA method
Task type: find the nationality of a player associated with a specific sports technique and opponent nickname
Answer type: other
Reasoning profile: hop_count=2; multi_hop=true; comparison=false; temporal=true; aggregation=false; entity_linking=true; relation_chaining=true; disambiguation=true
Method selection signals: resolution of sports nicknames; historical sports fact retrieval; relation chaining from technique to player to nationality; context verification between player and opponent","Question: The technique 'panenka' was first used by a player of what nationality against ""Die Katze von Anzing""?
Method: hippo
Method profile: multi-step retrieval and reasoning method
Task type: find the nationality of a player associated with a specific sports technique and opponent nickname
Answer type: other
Reasoning profile: hop_count=2; multi_hop=true; comparison=false; temporal=true; aggregation=false; entity_linking=true; relation_chaining=true; disambiguation=true
Method selection signals: resolution of sports nicknames; historical sports fact retrieval; relation chaining from technique to player to nationality; context verification between player and opponent",1.0,0.0571428571,1,"[""dalk""]",1,False
44,"The technique 'panenka' was first used by a player of what nationality against ""Die Katze von Anzing""?",lgraph,dalk,"Question: The technique 'panenka' was first used by a player of what nationality against ""Die Katze von Anzing""?
Method: lgraph
Method profile: graph-centric reasoning and linking method
Task type: find the nationality of a player associated with a specific sports technique and opponent nickname
Answer type: other
Reasoning profile: hop_count=2; multi_hop=true; comparison=false; temporal=true; aggregation=false; entity_linking=true; relation_chaining=true; disambiguation=true
Method selection signals: resolution of sports nicknames; historical sports fact retrieval; relation chaining from technique to player to nationality; context verification between player and opponent","Question: The technique 'panenka' was first used by a player of what nationality against ""Die Katze von Anzing""?
Method: dalk
Method profile: retrieval-based QA method
Task type: find the nationality of a player associated with a specific sports technique and opponent nickname
Answer type: other
Reasoning profile: hop_count=2; multi_hop=true; comparison=false; temporal=true; aggregation=false; entity_linking=true; relation_chaining=true; disambiguation=true
Method selection signals: resolution of sports nicknames; historical sports fact retrieval; relation chaining from technique to player to nationality; context verification between player and opponent",0.0526315789,1.0,0,"[""dalk""]",1,False
44,"The technique 'panenka' was first used by a player of what nationality against ""Die Katze von Anzing""?",light,dalk,"Question: The technique 'panenka' was first used by a player of what nationality against ""Die Katze von Anzing""?
Method: light
Method profile: lightweight retrieval and reasoning method
Task type: find the nationality of a player associated with a specific sports technique and opponent nickname
Answer type: other
Reasoning profile: hop_count=2; multi_hop=true; comparison=false; temporal=true; aggregation=false; entity_linking=true; relation_chaining=true; disambiguation=true
Method selection signals: resolution of sports nicknames; historical sports fact retrieval; relation chaining from technique to player to nationality; context verification between player and opponent","Question: The technique 'panenka' was first used by a player of what nationality against ""Die Katze von Anzing""?
Method: dalk
Method profile: retrieval-based QA method
Task type: find the nationality of a player associated with a specific sports technique and opponent nickname
Answer type: other
Reasoning profile: hop_count=2; multi_hop=true; comparison=false; temporal=true; aggregation=false; entity_linking=true; relation_chaining=true; disambiguation=true
Method selection signals: resolution of sports nicknames; historical sports fact retrieval; relation chaining from technique to player to nationality; context verification between player and opponent",0.0,1.0,0,"[""dalk""]",1,False
44,"The technique 'panenka' was first used by a player of what nationality against ""Die Katze von Anzing""?",dalk,qagn,"Question: The technique 'panenka' was first used by a player of what nationality against ""Die Katze von Anzing""?
Method: dalk
Method profile: retrieval-based QA method
Task type: find the nationality of a player associated with a specific sports technique and opponent nickname
Answer type: other
Reasoning profile: hop_count=2; multi_hop=true; comparison=false; temporal=true; aggregation=false; entity_linking=true; relation_chaining=true; disambiguation=true
Method selection signals: resolution of sports nicknames; historical sports fact retrieval; relation chaining from technique to player to nationality; context verification between player and opponent","Question: The technique 'panenka' was first used by a player of what nationality against ""Die Katze von Anzing""?
Method: qagn
Method profile: question answering with graph/navigation signals
Task type: find the nationality of a player associated with a specific sports technique and opponent nickname
Answer type: other
Reasoning profile: hop_count=2; multi_hop=true; comparison=false; temporal=true; aggregation=false; entity_linking=true; relation_chaining=true; disambiguation=true
Method selection signals: resolution of sports nicknames; historical sports fact retrieval; relation chaining from technique to player to nationality; context verification between player and opponent",1.0,0.0,1,"[""dalk""]",1,False
46,Which company owns the hotel on whose premises the Cotal Arena is located ?,lgraph,dalk,"Question: Which company owns the hotel on whose premises the Cotal Arena is located ?
Method: lgraph
Method profile: graph-centric reasoning and linking method
Task type: find the owning company of a hotel associated with a specific arena
Answer type: organization
Reasoning profile: hop_count=2; multi_hop=true; comparison=false; temporal=false; aggregation=false; entity_linking=true; relation_chaining=true; disambiguation=true
Method selection signals: entity linking for specific venue name; location-based relation retrieval; organization ownership lookup; multi-hop reasoning chain","Question: Which company owns the hotel on whose premises the Cotal Arena is located ?
Method: dalk
Method profile: retrieval-based QA method
Task type: find the owning company of a hotel associated with a specific arena
Answer type: organization
Reasoning profile: hop_count=2; multi_hop=true; comparison=false; temporal=false; aggregation=false; entity_linking=true; relation_chaining=true; disambiguation=true
Method selection signals: entity linking for specific venue name; location-based relation retrieval; organization ownership lookup; multi-hop reasoning chain",0.75,0.0,1,"[""lgraph"", ""qagn""]",2,True
46,Which company owns the hotel on whose premises the Cotal Arena is located ?,gr,lgraph,"Question: Which company owns the hotel on whose premises the Cotal Arena is located ?
Method: gr
Method profile: graph reasoning oriented method
Task type: find the owning company of a hotel associated with a specific arena
Answer type: organization
Reasoning profile: hop_count=2; multi_hop=true; comparison=false; temporal=false; aggregation=false; entity_linking=true; relation_chaining=true; disambiguation=true
Method selection signals: entity linking for specific venue name; location-based relation retrieval; organization ownership lookup; multi-hop reasoning chain","Question: Which company owns the hotel on whose premises the Cotal Arena is located ?
Method: lgraph
Method profile: graph-centric reasoning and linking method
Task type: find the owning company of a hotel associated with a specific arena
Answer type: organization
Reasoning profile: hop_count=2; multi_hop=true; comparison=false; temporal=false; aggregation=false; entity_linking=true; relation_chaining=true; disambiguation=true
Method selection signals: entity linking for specific venue name; location-based relation retrieval; organization ownership lookup; multi-hop reasoning chain",0.0,0.75,0,"[""lgraph"", ""qagn""]",2,True
46,Which company owns the hotel on whose premises the Cotal Arena is located ?,lgraph,hippo,"Question: Which company owns the hotel on whose premises the Cotal Arena is located ?
Method: lgraph
Method profile: graph-centric reasoning and linking method
Task type: find the owning company of a hotel associated with a specific arena
Answer type: organization
Reasoning profile: hop_count=2; multi_hop=true; comparison=false; temporal=false; aggregation=false; entity_linking=true; relation_chaining=true; disambiguation=true
Method selection signals: entity linking for specific venue name; location-based relation retrieval; organization ownership lookup; multi-hop reasoning chain","Question: Which company owns the hotel on whose premises the Cotal Arena is located ?
Method: hippo
Method profile: multi-step retrieval and reasoning method
Task type: find the owning company of a hotel associated with a specific arena
Answer type: organization
Reasoning profile: hop_count=2; multi_hop=true; comparison=false; temporal=false; aggregation=false; entity_linking=true; relation_chaining=true; disambiguation=true
Method selection signals: entity linking for specific venue name; location-based relation retrieval; organization ownership lookup; multi-hop reasoning chain",0.75,0.0,1,"[""lgraph"", ""qagn""]",2,True
46,Which company owns the hotel on whose premises the Cotal Arena is located ?,lgraph,light,"Question: Which company owns the hotel on whose premises the Cotal Arena is located ?
Method: lgraph
Method profile: graph-centric reasoning and linking method
Task type: find the owning company of a hotel associated with a specific arena
Answer type: organization
Reasoning profile: hop_count=2; multi_hop=true; comparison=false; temporal=false; aggregation=false; entity_linking=true; relation_chaining=true; disambiguation=true
Method selection signals: entity linking for specific venue name; location-based relation retrieval; organization ownership lookup; multi-hop reasoning chain","Question: Which company owns the hotel on whose premises the Cotal Arena is located ?
Method: light
Method profile: lightweight retrieval and reasoning method
Task type: find the owning company of a hotel associated with a specific arena
Answer type: organization
Reasoning profile: hop_count=2; multi_hop=true; comparison=false; temporal=false; aggregation=false; entity_linking=true; relation_chaining=true; disambiguation=true
Method selection signals: entity linking for specific venue name; location-based relation retrieval; organization ownership lookup; multi-hop reasoning chain",0.75,0.2222222222,1,"[""lgraph"", ""qagn""]",2,True
46,Which company owns the hotel on whose premises the Cotal Arena is located ?,dalk,qagn,"Question: Which company owns the hotel on whose premises the Cotal Arena is located ?
Method: dalk
Method profile: retrieval-based QA method
Task type: find the owning company of a hotel associated with a specific arena
Answer type: organization
Reasoning profile: hop_count=2; multi_hop=true; comparison=false; temporal=false; aggregation=false; entity_linking=true; relation_chaining=true; disambiguation=true
Method selection signals: entity linking for specific venue name; location-based relation retrieval; organization ownership lookup; multi-hop reasoning chain","Question: Which company owns the hotel on whose premises the Cotal Arena is located ?
Method: qagn
Method profile: question answering with graph/navigation signals
Task type: find the owning company of a hotel associated with a specific arena
Answer type: organization
Reasoning profile: hop_count=2; multi_hop=true; comparison=false; temporal=false; aggregation=false; entity_linking=true; relation_chaining=true; disambiguation=true
Method selection signals: entity linking for specific venue name; location-based relation retrieval; organization ownership lookup; multi-hop reasoning chain",0.0,0.75,0,"[""lgraph"", ""qagn""]",2,True
46,Which company owns the hotel on whose premises the Cotal Arena is located ?,gr,qagn,"Question: Which company owns the hotel on whose premises the Cotal Arena is located ?
Method: gr
Method profile: graph reasoning oriented method
Task type: find the owning company of a hotel associated with a specific arena
Answer type: organization
Reasoning profile: hop_count=2; multi_hop=true; comparison=false; temporal=false; aggregation=false; entity_linking=true; relation_chaining=true; disambiguation=true
Method selection signals: entity linking for specific venue name; location-based relation retrieval; organization ownership lookup; multi-hop reasoning chain","Question: Which company owns the hotel on whose premises the Cotal Arena is located ?
Method: qagn
Method profile: question answering with graph/navigation signals
Task type: find the owning company of a hotel associated with a specific arena
Answer type: organization
Reasoning profile: hop_count=2; multi_hop=true; comparison=false; temporal=false; aggregation=false; entity_linking=true; relation_chaining=true; disambiguation=true
Method selection signals: entity linking for specific venue name; location-based relation retrieval; organization ownership lookup; multi-hop reasoning chain",0.0,0.75,0,"[""lgraph"", ""qagn""]",2,True
46,Which company owns the hotel on whose premises the Cotal Arena is located ?,qagn,hippo,"Question: Which company owns the hotel on whose premises the Cotal Arena is located ?
Method: qagn
Method profile: question answering with graph/navigation signals
Task type: find the owning company of a hotel associated with a specific arena
Answer type: organization
Reasoning profile: hop_count=2; multi_hop=true; comparison=false; temporal=false; aggregation=false; entity_linking=true; relation_chaining=true; disambiguation=true
Method selection signals: entity linking for specific venue name; location-based relation retrieval; organization ownership lookup; multi-hop reasoning chain","Question: Which company owns the hotel on whose premises the Cotal Arena is located ?
Method: hippo
Method profile: multi-step retrieval and reasoning method
Task type: find the owning company of a hotel associated with a specific arena
Answer type: organization
Reasoning profile: hop_count=2; multi_hop=true; comparison=false; temporal=false; aggregation=false; entity_linking=true; relation_chaining=true; disambiguation=true
Method selection signals: entity linking for specific venue name; location-based relation retrieval; organization ownership lookup; multi-hop reasoning chain",0.75,0.0,1,"[""lgraph"", ""qagn""]",2,True
46,Which company owns the hotel on whose premises the Cotal Arena is located ?,light,qagn,"Question: Which company owns the hotel on whose premises the Cotal Arena is located ?
Method: light
Method profile: lightweight retrieval and reasoning method
Task type: find the owning company of a hotel associated with a specific arena
Answer type: organization
Reasoning profile: hop_count=2; multi_hop=true; comparison=false; temporal=false; aggregation=false; entity_linking=true; relation_chaining=true; disambiguation=true
Method selection signals: entity linking for specific venue name; location-based relation retrieval; organization ownership lookup; multi-hop reasoning chain","Question: Which company owns the hotel on whose premises the Cotal Arena is located ?
Method: qagn
Method profile: question answering with graph/navigation signals
Task type: find the owning company of a hotel associated with a specific arena
Answer type: organization
Reasoning profile: hop_count=2; multi_hop=true; comparison=false; temporal=false; aggregation=false; entity_linking=true; relation_chaining=true; disambiguation=true
Method selection signals: entity linking for specific venue name; location-based relation retrieval; organization ownership lookup; multi-hop reasoning chain",0.2222222222,0.75,0,"[""lgraph"", ""qagn""]",2,True
47,Where is the company that Sachin Warrier worked for as a software engineer headquartered?,gr,dalk,"Question: Where is the company that Sachin Warrier worked for as a software engineer headquartered?
Method: gr
Method profile: graph reasoning oriented method
Task type: find the headquarters location of an employer associated with a named person
Answer type: location
Reasoning profile: hop_count=2; multi_hop=true; comparison=false; temporal=false; aggregation=false; entity_linking=true; relation_chaining=true; disambiguation=true
Method selection signals: person entity linking with role constraint; employment history retrieval; organization location lookup; multi-hop relation chaining","Question: Where is the company that Sachin Warrier worked for as a software engineer headquartered?
Method: dalk
Method profile: retrieval-based QA method
Task type: find the headquarters location of an employer associated with a named person
Answer type: location
Reasoning profile: hop_count=2; multi_hop=true; comparison=false; temporal=false; aggregation=false; entity_linking=true; relation_chaining=true; disambiguation=true
Method selection signals: person entity linking with role constraint; employment history retrieval; organization location lookup; multi-hop relation chaining",0.0,0.1176470588,0,"[""dalk"", ""hippo""]",2,True
47,Where is the company that Sachin Warrier worked for as a software engineer headquartered?,dalk,lgraph,"Question: Where is the company that Sachin Warrier worked for as a software engineer headquartered?
Method: dalk
Method profile: retrieval-based QA method
Task type: find the headquarters location of an employer associated with a named person
Answer type: location
Reasoning profile: hop_count=2; multi_hop=true; comparison=false; temporal=false; aggregation=false; entity_linking=true; relation_chaining=true; disambiguation=true
Method selection signals: person entity linking with role constraint; employment history retrieval; organization location lookup; multi-hop relation chaining","Question: Where is the company that Sachin Warrier worked for as a software engineer headquartered?
Method: lgraph
Method profile: graph-centric reasoning and linking method
Task type: find the headquarters location of an employer associated with a named person
Answer type: location
Reasoning profile: hop_count=2; multi_hop=true; comparison=false; temporal=false; aggregation=false; entity_linking=true; relation_chaining=true; disambiguation=true
Method selection signals: person entity linking with role constraint; employment history retrieval; organization location lookup; multi-hop relation chaining",0.1176470588,0.0,1,"[""dalk"", ""hippo""]",2,True
47,Where is the company that Sachin Warrier worked for as a software engineer headquartered?,dalk,light,"Question: Where is the company that Sachin Warrier worked for as a software engineer headquartered?
Method: dalk
Method profile: retrieval-based QA method
Task type: find the headquarters location of an employer associated with a named person
Answer type: location
Reasoning profile: hop_count=2; multi_hop=true; comparison=false; temporal=false; aggregation=false; entity_linking=true; relation_chaining=true; disambiguation=true
Method selection signals: person entity linking with role constraint; employment history retrieval; organization location lookup; multi-hop relation chaining","Question: Where is the company that Sachin Warrier worked for as a software engineer headquartered?
Method: light
Method profile: lightweight retrieval and reasoning method
Task type: find the headquarters location of an employer associated with a named person
Answer type: location
Reasoning profile: hop_count=2; multi_hop=true; comparison=false; temporal=false; aggregation=false; entity_linking=true; relation_chaining=true; disambiguation=true
Method selection signals: person entity linking with role constraint; employment history retrieval; organization location lookup; multi-hop relation chaining",0.1176470588,0.0,1,"[""dalk"", ""hippo""]",2,True
47,Where is the company that Sachin Warrier worked for as a software engineer headquartered?,dalk,qagn,"Question: Where is the company that Sachin Warrier worked for as a software engineer headquartered?
Method: dalk
Method profile: retrieval-based QA method
Task type: find the headquarters location of an employer associated with a named person
Answer type: location
Reasoning profile: hop_count=2; multi_hop=true; comparison=false; temporal=false; aggregation=false; entity_linking=true; relation_chaining=true; disambiguation=true
Method selection signals: person entity linking with role constraint; employment history retrieval; organization location lookup; multi-hop relation chaining","Question: Where is the company that Sachin Warrier worked for as a software engineer headquartered?
Method: qagn
Method profile: question answering with graph/navigation signals
Task type: find the headquarters location of an employer associated with a named person
Answer type: location
Reasoning profile: hop_count=2; multi_hop=true; comparison=false; temporal=false; aggregation=false; entity_linking=true; relation_chaining=true; disambiguation=true
Method selection signals: person entity linking with role constraint; employment history retrieval; organization location lookup; multi-hop relation chaining",0.1176470588,0.0,1,"[""dalk"", ""hippo""]",2,True
47,Where is the company that Sachin Warrier worked for as a software engineer headquartered?,hippo,gr,"Question: Where is the company that Sachin Warrier worked for as a software engineer headquartered?
Method: hippo
Method profile: multi-step retrieval and reasoning method
Task type: find the headquarters location of an employer associated with a named person
Answer type: location
Reasoning profile: hop_count=2; multi_hop=true; comparison=false; temporal=false; aggregation=false; entity_linking=true; relation_chaining=true; disambiguation=true
Method selection signals: person entity linking with role constraint; employment history retrieval; organization location lookup; multi-hop relation chaining","Question: Where is the company that Sachin Warrier worked for as a software engineer headquartered?
Method: gr
Method profile: graph reasoning oriented method
Task type: find the headquarters location of an employer associated with a named person
Answer type: location
Reasoning profile: hop_count=2; multi_hop=true; comparison=false; temporal=false; aggregation=false; entity_linking=true; relation_chaining=true; disambiguation=true
Method selection signals: person entity linking with role constraint; employment history retrieval; organization location lookup; multi-hop relation chaining",0.1176470588,0.0,1,"[""dalk"", ""hippo""]",2,True
47,Where is the company that Sachin Warrier worked for as a software engineer headquartered?,hippo,lgraph,"Question: Where is the company that Sachin Warrier worked for as a software engineer headquartered?
Method: hippo
Method profile: multi-step retrieval and reasoning method
Task type: find the headquarters location of an employer associated with a named person
Answer type: location
Reasoning profile: hop_count=2; multi_hop=true; comparison=false; temporal=false; aggregation=false; entity_linking=true; relation_chaining=true; disambiguation=true
Method selection signals: person entity linking with role constraint; employment history retrieval; organization location lookup; multi-hop relation chaining","Question: Where is the company that Sachin Warrier worked for as a software engineer headquartered?
Method: lgraph
Method profile: graph-centric reasoning and linking method
Task type: find the headquarters location of an employer associated with a named person
Answer type: location
Reasoning profile: hop_count=2; multi_hop=true; comparison=false; temporal=false; aggregation=false; entity_linking=true; relation_chaining=true; disambiguation=true
Method selection signals: person entity linking with role constraint; employment history retrieval; organization location lookup; multi-hop relation chaining",0.1176470588,0.0,1,"[""dalk"", ""hippo""]",2,True
47,Where is the company that Sachin Warrier worked for as a software engineer headquartered?,light,hippo,"Question: Where is the company that Sachin Warrier worked for as a software engineer headquartered?
Method: light
Method profile: lightweight retrieval and reasoning method
Task type: find the headquarters location of an employer associated with a named person
Answer type: location
Reasoning profile: hop_count=2; multi_hop=true; comparison=false; temporal=false; aggregation=false; entity_linking=true; relation_chaining=true; disambiguation=true
Method selection signals: person entity linking with role constraint; employment history retrieval; organization location lookup; multi-hop relation chaining","Question: Where is the company that Sachin Warrier worked for as a software engineer headquartered?
Method: hippo
Method profile: multi-step retrieval and reasoning method
Task type: find the headquarters location of an employer associated with a named person
Answer type: location
Reasoning profile: hop_count=2; multi_hop=true; comparison=false; temporal=false; aggregation=false; entity_linking=true; relation_chaining=true; disambiguation=true
Method selection signals: person entity linking with role constraint; employment history retrieval; organization location lookup; multi-hop relation chaining",0.0,0.1176470588,0,"[""dalk"", ""hippo""]",2,True
47,Where is the company that Sachin Warrier worked for as a software engineer headquartered?,qagn,hippo,"Question: Where is the company that Sachin Warrier worked for as a software engineer headquartered?
Method: qagn
Method profile: question answering with graph/navigation signals
Task type: find the headquarters location of an employer associated with a named person
Answer type: location
Reasoning profile: hop_count=2; multi_hop=true; comparison=false; temporal=false; aggregation=false; entity_linking=true; relation_chaining=true; disambiguation=true
Method selection signals: person entity linking with role constraint; employment history retrieval; organization location lookup; multi-hop relation chaining","Question: Where is the company that Sachin Warrier worked for as a software engineer headquartered?
Method: hippo
Method profile: multi-step retrieval and reasoning method
Task type: find the headquarters location of an employer associated with a named person
Answer type: location
Reasoning profile: hop_count=2; multi_hop=true; comparison=false; temporal=false; aggregation=false; entity_linking=true; relation_chaining=true; disambiguation=true
Method selection signals: person entity linking with role constraint; employment history retrieval; organization location lookup; multi-hop relation chaining",0.0,0.1176470588,0,"[""dalk"", ""hippo""]",2,True
50,"Which movie came out first, ""Bambi"" or ""Underdog""?",gr,dalk,"Question: Which movie came out first, ""Bambi"" or ""Underdog""?
Method: gr
Method profile: graph reasoning oriented method
Task type: compare two movies by release date
Answer type: comparison_result
Reasoning profile: hop_count=2; multi_hop=true; comparison=true; temporal=true; aggregation=false; entity_linking=true; relation_chaining=false; disambiguation=true
Method selection signals: entity linking for movie titles; temporal retrieval; comparison of two dates; disambiguation of common titles","Question: Which movie came out first, ""Bambi"" or ""Underdog""?
Method: dalk
Method profile: retrieval-based QA method
Task type: compare two movies by release date
Answer type: comparison_result
Reasoning profile: hop_count=2; multi_hop=true; comparison=true; temporal=true; aggregation=false; entity_linking=true; relation_chaining=false; disambiguation=true
Method selection signals: entity linking for movie titles; temporal retrieval; comparison of two dates; disambiguation of common titles",0.0,0.4,0,"[""dalk"", ""hippo"", ""lgraph"", ""light"", ""qagn""]",5,True
50,"Which movie came out first, ""Bambi"" or ""Underdog""?",hippo,gr,"Question: Which movie came out first, ""Bambi"" or ""Underdog""?
Method: hippo
Method profile: multi-step retrieval and reasoning method
Task type: compare two movies by release date
Answer type: comparison_result
Reasoning profile: hop_count=2; multi_hop=true; comparison=true; temporal=true; aggregation=false; entity_linking=true; relation_chaining=false; disambiguation=true
Method selection signals: entity linking for movie titles; temporal retrieval; comparison of two dates; disambiguation of common titles","Question: Which movie came out first, ""Bambi"" or ""Underdog""?
Method: gr
Method profile: graph reasoning oriented method
Task type: compare two movies by release date
Answer type: comparison_result
Reasoning profile: hop_count=2; multi_hop=true; comparison=true; temporal=true; aggregation=false; entity_linking=true; relation_chaining=false; disambiguation=true
Method selection signals: entity linking for movie titles; temporal retrieval; comparison of two dates; disambiguation of common titles",0.4,0.0,1,"[""dalk"", ""hippo"", ""lgraph"", ""light"", ""qagn""]",5,True
50,"Which movie came out first, ""Bambi"" or ""Underdog""?",lgraph,gr,"Question: Which movie came out first, ""Bambi"" or ""Underdog""?
Method: lgraph
Method profile: graph-centric reasoning and linking method
Task type: compare two movies by release date
Answer type: comparison_result
Reasoning profile: hop_count=2; multi_hop=true; comparison=true; temporal=true; aggregation=false; entity_linking=true; relation_chaining=false; disambiguation=true
Method selection signals: entity linking for movie titles; temporal retrieval; comparison of two dates; disambiguation of common titles","Question: Which movie came out first, ""Bambi"" or ""Underdog""?
Method: gr
Method profile: graph reasoning oriented method
Task type: compare two movies by release date
Answer type: comparison_result
Reasoning profile: hop_count=2; multi_hop=true; comparison=true; temporal=true; aggregation=false; entity_linking=true; relation_chaining=false; disambiguation=true
Method selection signals: entity linking for movie titles; temporal retrieval; comparison of two dates; disambiguation of common titles",0.4,0.0,1,"[""dalk"", ""hippo"", ""lgraph"", ""light"", ""qagn""]",5,True
50,"Which movie came out first, ""Bambi"" or ""Underdog""?",light,gr,"Question: Which movie came out first, ""Bambi"" or ""Underdog""?
Method: light
Method profile: lightweight retrieval and reasoning method
Task type: compare two movies by release date
Answer type: comparison_result
Reasoning profile: hop_count=2; multi_hop=true; comparison=true; temporal=true; aggregation=false; entity_linking=true; relation_chaining=false; disambiguation=true
Method selection signals: entity linking for movie titles; temporal retrieval; comparison of two dates; disambiguation of common titles","Question: Which movie came out first, ""Bambi"" or ""Underdog""?
Method: gr
Method profile: graph reasoning oriented method
Task type: compare two movies by release date
Answer type: comparison_result
Reasoning profile: hop_count=2; multi_hop=true; comparison=true; temporal=true; aggregation=false; entity_linking=true; relation_chaining=false; disambiguation=true
Method selection signals: entity linking for movie titles; temporal retrieval; comparison of two dates; disambiguation of common titles",0.4,0.0,1,"[""dalk"", ""hippo"", ""lgraph"", ""light"", ""qagn""]",5,True
50,"Which movie came out first, ""Bambi"" or ""Underdog""?",gr,qagn,"Question: Which movie came out first, ""Bambi"" or ""Underdog""?
Method: gr
Method profile: graph reasoning oriented method
Task type: compare two movies by release date
Answer type: comparison_result
Reasoning profile: hop_count=2; multi_hop=true; comparison=true; temporal=true; aggregation=false; entity_linking=true; relation_chaining=false; disambiguation=true
Method selection signals: entity linking for movie titles; temporal retrieval; comparison of two dates; disambiguation of common titles","Question: Which movie came out first, ""Bambi"" or ""Underdog""?
Method: qagn
Method profile: question answering with graph/navigation signals
Task type: compare two movies by release date
Answer type: comparison_result
Reasoning profile: hop_count=2; multi_hop=true; comparison=true; temporal=true; aggregation=false; entity_linking=true; relation_chaining=false; disambiguation=true
Method selection signals: entity linking for movie titles; temporal retrieval; comparison of two dates; disambiguation of common titles",0.0,0.4,0,"[""dalk"", ""hippo"", ""lgraph"", ""light"", ""qagn""]",5,True
51,This Zimbabwean singer/songwriter co-wrote a song recorded by a Barbadian singer for her fourth studio album named what?,lgraph,dalk,"Question: This Zimbabwean singer/songwriter co-wrote a song recorded by a Barbadian singer for her fourth studio album named what?
Method: lgraph
Method profile: graph-centric reasoning and linking method
Task type: find the title of a music album based on songwriter and artist collaboration details
Answer type: other
Reasoning profile: hop_count=3; multi_hop=true; comparison=false; temporal=true; aggregation=false; entity_linking=true; relation_chaining=true; disambiguation=true
Method selection signals: multi-hop entity resolution; music discography traversal; ordinal album sequencing; songwriter credit verification; nationality-based artist filtering","Question: This Zimbabwean singer/songwriter co-wrote a song recorded by a Barbadian singer for her fourth studio album named what?
Method: dalk
Method profile: retrieval-based QA method
Task type: find the title of a music album based on songwriter and artist collaboration details
Answer type: other
Reasoning profile: hop_count=3; multi_hop=true; comparison=false; temporal=true; aggregation=false; entity_linking=true; relation_chaining=true; disambiguation=true
Method selection signals: multi-hop entity resolution; music discography traversal; ordinal album sequencing; songwriter credit verification; nationality-based artist filtering",1.0,0.0,1,"[""lgraph""]",1,False
51,This Zimbabwean singer/songwriter co-wrote a song recorded by a Barbadian singer for her fourth studio album named what?,lgraph,gr,"Question: This Zimbabwean singer/songwriter co-wrote a song recorded by a Barbadian singer for her fourth studio album named what?
Method: lgraph
Method profile: graph-centric reasoning and linking method
Task type: find the title of a music album based on songwriter and artist collaboration details
Answer type: other
Reasoning profile: hop_count=3; multi_hop=true; comparison=false; temporal=true; aggregation=false; entity_linking=true; relation_chaining=true; disambiguation=true
Method selection signals: multi-hop entity resolution; music discography traversal; ordinal album sequencing; songwriter credit verification; nationality-based artist filtering","Question: This Zimbabwean singer/songwriter co-wrote a song recorded by a Barbadian singer for her fourth studio album named what?
Method: gr
Method profile: graph reasoning oriented method
Task type: find the title of a music album based on songwriter and artist collaboration details
Answer type: other
Reasoning profile: hop_count=3; multi_hop=true; comparison=false; temporal=true; aggregation=false; entity_linking=true; relation_chaining=true; disambiguation=true
Method selection signals: multi-hop entity resolution; music discography traversal; ordinal album sequencing; songwriter credit verification; nationality-based artist filtering",1.0,0.0,1,"[""lgraph""]",1,False
51,This Zimbabwean singer/songwriter co-wrote a song recorded by a Barbadian singer for her fourth studio album named what?,lgraph,hippo,"Question: This Zimbabwean singer/songwriter co-wrote a song recorded by a Barbadian singer for her fourth studio album named what?
Method: lgraph
Method profile: graph-centric reasoning and linking method
Task type: find the title of a music album based on songwriter and artist collaboration details
Answer type: other
Reasoning profile: hop_count=3; multi_hop=true; comparison=false; temporal=true; aggregation=false; entity_linking=true; relation_chaining=true; disambiguation=true
Method selection signals: multi-hop entity resolution; music discography traversal; ordinal album sequencing; songwriter credit verification; nationality-based artist filtering","Question: This Zimbabwean singer/songwriter co-wrote a song recorded by a Barbadian singer for her fourth studio album named what?
Method: hippo
Method profile: multi-step retrieval and reasoning method
Task type: find the title of a music album based on songwriter and artist collaboration details
Answer type: other
Reasoning profile: hop_count=3; multi_hop=true; comparison=false; temporal=true; aggregation=false; entity_linking=true; relation_chaining=true; disambiguation=true
Method selection signals: multi-hop entity resolution; music discography traversal; ordinal album sequencing; songwriter credit verification; nationality-based artist filtering",1.0,0.6666666667,1,"[""lgraph""]",1,False
51,This Zimbabwean singer/songwriter co-wrote a song recorded by a Barbadian singer for her fourth studio album named what?,lgraph,light,"Question: This Zimbabwean singer/songwriter co-wrote a song recorded by a Barbadian singer for her fourth studio album named what?
Method: lgraph
Method profile: graph-centric reasoning and linking method
Task type: find the title of a music album based on songwriter and artist collaboration details
Answer type: other
Reasoning profile: hop_count=3; multi_hop=true; comparison=false; temporal=true; aggregation=false; entity_linking=true; relation_chaining=true; disambiguation=true
Method selection signals: multi-hop entity resolution; music discography traversal; ordinal album sequencing; songwriter credit verification; nationality-based artist filtering","Question: This Zimbabwean singer/songwriter co-wrote a song recorded by a Barbadian singer for her fourth studio album named what?
Method: light
Method profile: lightweight retrieval and reasoning method
Task type: find the title of a music album based on songwriter and artist collaboration details
Answer type: other
Reasoning profile: hop_count=3; multi_hop=true; comparison=false; temporal=true; aggregation=false; entity_linking=true; relation_chaining=true; disambiguation=true
Method selection signals: multi-hop entity resolution; music discography traversal; ordinal album sequencing; songwriter credit verification; nationality-based artist filtering",1.0,0.0,1,"[""lgraph""]",1,False
51,This Zimbabwean singer/songwriter co-wrote a song recorded by a Barbadian singer for her fourth studio album named what?,lgraph,qagn,"Question: This Zimbabwean singer/songwriter co-wrote a song recorded by a Barbadian singer for her fourth studio album named what?
Method: lgraph
Method profile: graph-centric reasoning and linking method
Task type: find the title of a music album based on songwriter and artist collaboration details
Answer type: other
Reasoning profile: hop_count=3; multi_hop=true; comparison=false; temporal=true; aggregation=false; entity_linking=true; relation_chaining=true; disambiguation=true
Method selection signals: multi-hop entity resolution; music discography traversal; ordinal album sequencing; songwriter credit verification; nationality-based artist filtering","Question: This Zimbabwean singer/songwriter co-wrote a song recorded by a Barbadian singer for her fourth studio album named what?
Method: qagn
Method profile: question answering with graph/navigation signals
Task type: find the title of a music album based on songwriter and artist collaboration details
Answer type: other
Reasoning profile: hop_count=3; multi_hop=true; comparison=false; temporal=true; aggregation=false; entity_linking=true; relation_chaining=true; disambiguation=true
Method selection signals: multi-hop entity resolution; music discography traversal; ordinal album sequencing; songwriter credit verification; nationality-based artist filtering",1.0,0.0,1,"[""lgraph""]",1,False
52,The Facts Behind the Helsinki Roccamatios was published by the creator of the award-winning fantasy adventure novel that was published in what year?,dalk,gr,"Question: The Facts Behind the Helsinki Roccamatios was published by the creator of the award-winning fantasy adventure novel that was published in what year?
Method: dalk
Method profile: retrieval-based QA method
Task type: find the publication year of a novel linked via its author to another work
Answer type: year
Reasoning profile: hop_count=3; multi_hop=true; comparison=false; temporal=true; aggregation=false; entity_linking=true; relation_chaining=true; disambiguation=true
Method selection signals: multi-hop relation chaining across literary entities; author identification from a specific work; work identification from an author and description; publication date retrieval","Question: The Facts Behind the Helsinki Roccamatios was published by the creator of the award-winning fantasy adventure novel that was published in what year?
Method: gr
Method profile: graph reasoning oriented method
Task type: find the publication year of a novel linked via its author to another work
Answer type: year
Reasoning profile: hop_count=3; multi_hop=true; comparison=false; temporal=true; aggregation=false; entity_linking=true; relation_chaining=true; disambiguation=true
Method selection signals: multi-hop relation chaining across literary entities; author identification from a specific work; work identification from an author and description; publication date retrieval",1.0,0.0,1,"[""dalk"", ""hippo""]",2,True
52,The Facts Behind the Helsinki Roccamatios was published by the creator of the award-winning fantasy adventure novel that was published in what year?,lgraph,dalk,"Question: The Facts Behind the Helsinki Roccamatios was published by the creator of the award-winning fantasy adventure novel that was published in what year?
Method: lgraph
Method profile: graph-centric reasoning and linking method
Task type: find the publication year of a novel linked via its author to another work
Answer type: year
Reasoning profile: hop_count=3; multi_hop=true; comparison=false; temporal=true; aggregation=false; entity_linking=true; relation_chaining=true; disambiguation=true
Method selection signals: multi-hop relation chaining across literary entities; author identification from a specific work; work identification from an author and description; publication date retrieval","Question: The Facts Behind the Helsinki Roccamatios was published by the creator of the award-winning fantasy adventure novel that was published in what year?
Method: dalk
Method profile: retrieval-based QA method
Task type: find the publication year of a novel linked via its author to another work
Answer type: year
Reasoning profile: hop_count=3; multi_hop=true; comparison=false; temporal=true; aggregation=false; entity_linking=true; relation_chaining=true; disambiguation=true
Method selection signals: multi-hop relation chaining across literary entities; author identification from a specific work; work identification from an author and description; publication date retrieval",0.0,1.0,0,"[""dalk"", ""hippo""]",2,True
52,The Facts Behind the Helsinki Roccamatios was published by the creator of the award-winning fantasy adventure novel that was published in what year?,dalk,light,"Question: The Facts Behind the Helsinki Roccamatios was published by the creator of the award-winning fantasy adventure novel that was published in what year?
Method: dalk
Method profile: retrieval-based QA method
Task type: find the publication year of a novel linked via its author to another work
Answer type: year
Reasoning profile: hop_count=3; multi_hop=true; comparison=false; temporal=true; aggregation=false; entity_linking=true; relation_chaining=true; disambiguation=true
Method selection signals: multi-hop relation chaining across literary entities; author identification from a specific work; work identification from an author and description; publication date retrieval","Question: The Facts Behind the Helsinki Roccamatios was published by the creator of the award-winning fantasy adventure novel that was published in what year?
Method: light
Method profile: lightweight retrieval and reasoning method
Task type: find the publication year of a novel linked via its author to another work
Answer type: year
Reasoning profile: hop_count=3; multi_hop=true; comparison=false; temporal=true; aggregation=false; entity_linking=true; relation_chaining=true; disambiguation=true
Method selection signals: multi-hop relation chaining across literary entities; author identification from a specific work; work identification from an author and description; publication date retrieval",1.0,0.0,1,"[""dalk"", ""hippo""]",2,True
52,The Facts Behind the Helsinki Roccamatios was published by the creator of the award-winning fantasy adventure novel that was published in what year?,qagn,dalk,"Question: The Facts Behind the Helsinki Roccamatios was published by the creator of the award-winning fantasy adventure novel that was published in what year?
Method: qagn
Method profile: question answering with graph/navigation signals
Task type: find the publication year of a novel linked via its author to another work
Answer type: year
Reasoning profile: hop_count=3; multi_hop=true; comparison=false; temporal=true; aggregation=false; entity_linking=true; relation_chaining=true; disambiguation=true
Method selection signals: multi-hop relation chaining across literary entities; author identification from a specific work; work identification from an author and description; publication date retrieval","Question: The Facts Behind the Helsinki Roccamatios was published by the creator of the award-winning fantasy adventure novel that was published in what year?
Method: dalk
Method profile: retrieval-based QA method
Task type: find the publication year of a novel linked via its author to another work
Answer type: year
Reasoning profile: hop_count=3; multi_hop=true; comparison=false; temporal=true; aggregation=false; entity_linking=true; relation_chaining=true; disambiguation=true
Method selection signals: multi-hop relation chaining across literary entities; author identification from a specific work; work identification from an author and description; publication date retrieval",0.0,1.0,0,"[""dalk"", ""hippo""]",2,True
52,The Facts Behind the Helsinki Roccamatios was published by the creator of the award-winning fantasy adventure novel that was published in what year?,gr,hippo,"Question: The Facts Behind the Helsinki Roccamatios was published by the creator of the award-winning fantasy adventure novel that was published in what year?
Method: gr
Method profile: graph reasoning oriented method
Task type: find the publication year of a novel linked via its author to another work
Answer type: year
Reasoning profile: hop_count=3; multi_hop=true; comparison=false; temporal=true; aggregation=false; entity_linking=true; relation_chaining=true; disambiguation=true
Method selection signals: multi-hop relation chaining across literary entities; author identification from a specific work; work identification from an author and description; publication date retrieval","Question: The Facts Behind the Helsinki Roccamatios was published by the creator of the award-winning fantasy adventure novel that was published in what year?
Method: hippo
Method profile: multi-step retrieval and reasoning method
Task type: find the publication year of a novel linked via its author to another work
Answer type: year
Reasoning profile: hop_count=3; multi_hop=true; comparison=false; temporal=true; aggregation=false; entity_linking=true; relation_chaining=true; disambiguation=true
Method selection signals: multi-hop relation chaining across literary entities; author identification from a specific work; work identification from an author and description; publication date retrieval",0.0,1.0,0,"[""dalk"", ""hippo""]",2,True
52,The Facts Behind the Helsinki Roccamatios was published by the creator of the award-winning fantasy adventure novel that was published in what year?,hippo,lgraph,"Question: The Facts Behind the Helsinki Roccamatios was published by the creator of the award-winning fantasy adventure novel that was published in what year?
Method: hippo
Method profile: multi-step retrieval and reasoning method
Task type: find the publication year of a novel linked via its author to another work
Answer type: year
Reasoning profile: hop_count=3; multi_hop=true; comparison=false; temporal=true; aggregation=false; entity_linking=true; relation_chaining=true; disambiguation=true
Method selection signals: multi-hop relation chaining across literary entities; author identification from a specific work; work identification from an author and description; publication date retrieval","Question: The Facts Behind the Helsinki Roccamatios was published by the creator of the award-winning fantasy adventure novel that was published in what year?
Method: lgraph
Method profile: graph-centric reasoning and linking method
Task type: find the publication year of a novel linked via its author to another work
Answer type: year
Reasoning profile: hop_count=3; multi_hop=true; comparison=false; temporal=true; aggregation=false; entity_linking=true; relation_chaining=true; disambiguation=true
Method selection signals: multi-hop relation chaining across literary entities; author identification from a specific work; work identification from an author and description; publication date retrieval",1.0,0.0,1,"[""dalk"", ""hippo""]",2,True
52,The Facts Behind the Helsinki Roccamatios was published by the creator of the award-winning fantasy adventure novel that was published in what year?,light,hippo,"Question: The Facts Behind the Helsinki Roccamatios was published by the creator of the award-winning fantasy adventure novel that was published in what year?
Method: light
Method profile: lightweight retrieval and reasoning method
Task type: find the publication year of a novel linked via its author to another work
Answer type: year
Reasoning profile: hop_count=3; multi_hop=true; comparison=false; temporal=true; aggregation=false; entity_linking=true; relation_chaining=true; disambiguation=true
Method selection signals: multi-hop relation chaining across literary entities; author identification from a specific work; work identification from an author and description; publication date retrieval","Question: The Facts Behind the Helsinki Roccamatios was published by the creator of the award-winning fantasy adventure novel that was published in what year?
Method: hippo
Method profile: multi-step retrieval and reasoning method
Task type: find the publication year of a novel linked via its author to another work
Answer type: year
Reasoning profile: hop_count=3; multi_hop=true; comparison=false; temporal=true; aggregation=false; entity_linking=true; relation_chaining=true; disambiguation=true
Method selection signals: multi-hop relation chaining across literary entities; author identification from a specific work; work identification from an author and description; publication date retrieval",0.0,1.0,0,"[""dalk"", ""hippo""]",2,True
52,The Facts Behind the Helsinki Roccamatios was published by the creator of the award-winning fantasy adventure novel that was published in what year?,qagn,hippo,"Question: The Facts Behind the Helsinki Roccamatios was published by the creator of the award-winning fantasy adventure novel that was published in what year?
Method: qagn
Method profile: question answering with graph/navigation signals
Task type: find the publication year of a novel linked via its author to another work
Answer type: year
Reasoning profile: hop_count=3; multi_hop=true; comparison=false; temporal=true; aggregation=false; entity_linking=true; relation_chaining=true; disambiguation=true
Method selection signals: multi-hop relation chaining across literary entities; author identification from a specific work; work identification from an author and description; publication date retrieval","Question: The Facts Behind the Helsinki Roccamatios was published by the creator of the award-winning fantasy adventure novel that was published in what year?
Method: hippo
Method profile: multi-step retrieval and reasoning method
Task type: find the publication year of a novel linked via its author to another work
Answer type: year
Reasoning profile: hop_count=3; multi_hop=true; comparison=false; temporal=true; aggregation=false; entity_linking=true; relation_chaining=true; disambiguation=true
Method selection signals: multi-hop relation chaining across literary entities; author identification from a specific work; work identification from an author and description; publication date retrieval",0.0,1.0,0,"[""dalk"", ""hippo""]",2,True
56,"Whose writing covered more topics, Alan Dean Foster or Samuel R. Delany?",gr,dalk,"Question: Whose writing covered more topics, Alan Dean Foster or Samuel R. Delany?
Method: gr
Method profile: graph reasoning oriented method
Task type: compare two authors by the breadth of topics in their writing
Answer type: person
Reasoning profile: hop_count=3; multi_hop=true; comparison=true; temporal=false; aggregation=true; entity_linking=true; relation_chaining=true; disambiguation=false
Method selection signals: comparative evaluation between two entities; aggregation of thematic evidence across multiple works; qualitative assessment of scope or breadth; author bibliography and thematic analysis retrieval","Question: Whose writing covered more topics, Alan Dean Foster or Samuel R. Delany?
Method: dalk
Method profile: retrieval-based QA method
Task type: compare two authors by the breadth of topics in their writing
Answer type: person
Reasoning profile: hop_count=3; multi_hop=true; comparison=true; temporal=false; aggregation=true; entity_linking=true; relation_chaining=true; disambiguation=false
Method selection signals: comparative evaluation between two entities; aggregation of thematic evidence across multiple works; qualitative assessment of scope or breadth; author bibliography and thematic analysis retrieval",0.1666666667,0.25,0,"[""dalk""]",1,False
56,"Whose writing covered more topics, Alan Dean Foster or Samuel R. Delany?",hippo,dalk,"Question: Whose writing covered more topics, Alan Dean Foster or Samuel R. Delany?
Method: hippo
Method profile: multi-step retrieval and reasoning method
Task type: compare two authors by the breadth of topics in their writing
Answer type: person
Reasoning profile: hop_count=3; multi_hop=true; comparison=true; temporal=false; aggregation=true; entity_linking=true; relation_chaining=true; disambiguation=false
Method selection signals: comparative evaluation between two entities; aggregation of thematic evidence across multiple works; qualitative assessment of scope or breadth; author bibliography and thematic analysis retrieval","Question: Whose writing covered more topics, Alan Dean Foster or Samuel R. Delany?
Method: dalk
Method profile: retrieval-based QA method
Task type: compare two authors by the breadth of topics in their writing
Answer type: person
Reasoning profile: hop_count=3; multi_hop=true; comparison=true; temporal=false; aggregation=true; entity_linking=true; relation_chaining=true; disambiguation=false
Method selection signals: comparative evaluation between two entities; aggregation of thematic evidence across multiple works; qualitative assessment of scope or breadth; author bibliography and thematic analysis retrieval",0.1818181818,0.25,0,"[""dalk""]",1,False
56,"Whose writing covered more topics, Alan Dean Foster or Samuel R. Delany?",lgraph,dalk,"Question: Whose writing covered more topics, Alan Dean Foster or Samuel R. Delany?
Method: lgraph
Method profile: graph-centric reasoning and linking method
Task type: compare two authors by the breadth of topics in their writing
Answer type: person
Reasoning profile: hop_count=3; multi_hop=true; comparison=true; temporal=false; aggregation=true; entity_linking=true; relation_chaining=true; disambiguation=false
Method selection signals: comparative evaluation between two entities; aggregation of thematic evidence across multiple works; qualitative assessment of scope or breadth; author bibliography and thematic analysis retrieval","Question: Whose writing covered more topics, Alan Dean Foster or Samuel R. Delany?
Method: dalk
Method profile: retrieval-based QA method
Task type: compare two authors by the breadth of topics in their writing
Answer type: person
Reasoning profile: hop_count=3; multi_hop=true; comparison=true; temporal=false; aggregation=true; entity_linking=true; relation_chaining=true; disambiguation=false
Method selection signals: comparative evaluation between two entities; aggregation of thematic evidence across multiple works; qualitative assessment of scope or breadth; author bibliography and thematic analysis retrieval",0.1818181818,0.25,0,"[""dalk""]",1,False
56,"Whose writing covered more topics, Alan Dean Foster or Samuel R. Delany?",dalk,light,"Question: Whose writing covered more topics, Alan Dean Foster or Samuel R. Delany?
Method: dalk
Method profile: retrieval-based QA method
Task type: compare two authors by the breadth of topics in their writing
Answer type: person
Reasoning profile: hop_count=3; multi_hop=true; comparison=true; temporal=false; aggregation=true; entity_linking=true; relation_chaining=true; disambiguation=false
Method selection signals: comparative evaluation between two entities; aggregation of thematic evidence across multiple works; qualitative assessment of scope or breadth; author bibliography and thematic analysis retrieval","Question: Whose writing covered more topics, Alan Dean Foster or Samuel R. Delany?
Method: light
Method profile: lightweight retrieval and reasoning method
Task type: compare two authors by the breadth of topics in their writing
Answer type: person
Reasoning profile: hop_count=3; multi_hop=true; comparison=true; temporal=false; aggregation=true; entity_linking=true; relation_chaining=true; disambiguation=false
Method selection signals: comparative evaluation between two entities; aggregation of thematic evidence across multiple works; qualitative assessment of scope or breadth; author bibliography and thematic analysis retrieval",0.25,0.0,1,"[""dalk""]",1,False
56,"Whose writing covered more topics, Alan Dean Foster or Samuel R. Delany?",dalk,qagn,"Question: Whose writing covered more topics, Alan Dean Foster or Samuel R. Delany?
Method: dalk
Method profile: retrieval-based QA method
Task type: compare two authors by the breadth of topics in their writing
Answer type: person
Reasoning profile: hop_count=3; multi_hop=true; comparison=true; temporal=false; aggregation=true; entity_linking=true; relation_chaining=true; disambiguation=false
Method selection signals: comparative evaluation between two entities; aggregation of thematic evidence across multiple works; qualitative assessment of scope or breadth; author bibliography and thematic analysis retrieval","Question: Whose writing covered more topics, Alan Dean Foster or Samuel R. Delany?
Method: qagn
Method profile: question answering with graph/navigation signals
Task type: compare two authors by the breadth of topics in their writing
Answer type: person
Reasoning profile: hop_count=3; multi_hop=true; comparison=true; temporal=false; aggregation=true; entity_linking=true; relation_chaining=true; disambiguation=false
Method selection signals: comparative evaluation between two entities; aggregation of thematic evidence across multiple works; qualitative assessment of scope or breadth; author bibliography and thematic analysis retrieval",0.25,0.1818181818,1,"[""dalk""]",1,False
61,"The movie ""100 Million BC"" continues the urban myth of an experiment allegedly carried out at waht shipyard?",hippo,dalk,"Question: The movie ""100 Million BC"" continues the urban myth of an experiment allegedly carried out at waht shipyard?
Method: hippo
Method profile: multi-step retrieval and reasoning method
Task type: find the shipyard location associated with an urban myth referenced in a specific movie
Answer type: location
Reasoning profile: hop_count=2; multi_hop=true; comparison=false; temporal=false; aggregation=false; entity_linking=true; relation_chaining=true; disambiguation=false
Method selection signals: movie trivia retrieval; linking film content to historical myths or conspiracy theories; location extraction from myth context; relation chaining between media and alleged events","Question: The movie ""100 Million BC"" continues the urban myth of an experiment allegedly carried out at waht shipyard?
Method: dalk
Method profile: retrieval-based QA method
Task type: find the shipyard location associated with an urban myth referenced in a specific movie
Answer type: location
Reasoning profile: hop_count=2; multi_hop=true; comparison=false; temporal=false; aggregation=false; entity_linking=true; relation_chaining=true; disambiguation=false
Method selection signals: movie trivia retrieval; linking film content to historical myths or conspiracy theories; location extraction from myth context; relation chaining between media and alleged events",0.08,0.0,1,"[""hippo""]",1,False
61,"The movie ""100 Million BC"" continues the urban myth of an experiment allegedly carried out at waht shipyard?",hippo,gr,"Question: The movie ""100 Million BC"" continues the urban myth of an experiment allegedly carried out at waht shipyard?
Method: hippo
Method profile: multi-step retrieval and reasoning method
Task type: find the shipyard location associated with an urban myth referenced in a specific movie
Answer type: location
Reasoning profile: hop_count=2; multi_hop=true; comparison=false; temporal=false; aggregation=false; entity_linking=true; relation_chaining=true; disambiguation=false
Method selection signals: movie trivia retrieval; linking film content to historical myths or conspiracy theories; location extraction from myth context; relation chaining between media and alleged events","Question: The movie ""100 Million BC"" continues the urban myth of an experiment allegedly carried out at waht shipyard?
Method: gr
Method profile: graph reasoning oriented method
Task type: find the shipyard location associated with an urban myth referenced in a specific movie
Answer type: location
Reasoning profile: hop_count=2; multi_hop=true; comparison=false; temporal=false; aggregation=false; entity_linking=true; relation_chaining=true; disambiguation=false
Method selection signals: movie trivia retrieval; linking film content to historical myths or conspiracy theories; location extraction from myth context; relation chaining between media and alleged events",0.08,0.0,1,"[""hippo""]",1,False
61,"The movie ""100 Million BC"" continues the urban myth of an experiment allegedly carried out at waht shipyard?",hippo,lgraph,"Question: The movie ""100 Million BC"" continues the urban myth of an experiment allegedly carried out at waht shipyard?
Method: hippo
Method profile: multi-step retrieval and reasoning method
Task type: find the shipyard location associated with an urban myth referenced in a specific movie
Answer type: location
Reasoning profile: hop_count=2; multi_hop=true; comparison=false; temporal=false; aggregation=false; entity_linking=true; relation_chaining=true; disambiguation=false
Method selection signals: movie trivia retrieval; linking film content to historical myths or conspiracy theories; location extraction from myth context; relation chaining between media and alleged events","Question: The movie ""100 Million BC"" continues the urban myth of an experiment allegedly carried out at waht shipyard?
Method: lgraph
Method profile: graph-centric reasoning and linking method
Task type: find the shipyard location associated with an urban myth referenced in a specific movie
Answer type: location
Reasoning profile: hop_count=2; multi_hop=true; comparison=false; temporal=false; aggregation=false; entity_linking=true; relation_chaining=true; disambiguation=false
Method selection signals: movie trivia retrieval; linking film content to historical myths or conspiracy theories; location extraction from myth context; relation chaining between media and alleged events",0.08,0.0714285714,1,"[""hippo""]",1,False
61,"The movie ""100 Million BC"" continues the urban myth of an experiment allegedly carried out at waht shipyard?",hippo,light,"Question: The movie ""100 Million BC"" continues the urban myth of an experiment allegedly carried out at waht shipyard?
Method: hippo
Method profile: multi-step retrieval and reasoning method
Task type: find the shipyard location associated with an urban myth referenced in a specific movie
Answer type: location
Reasoning profile: hop_count=2; multi_hop=true; comparison=false; temporal=false; aggregation=false; entity_linking=true; relation_chaining=true; disambiguation=false
Method selection signals: movie trivia retrieval; linking film content to historical myths or conspiracy theories; location extraction from myth context; relation chaining between media and alleged events","Question: The movie ""100 Million BC"" continues the urban myth of an experiment allegedly carried out at waht shipyard?
Method: light
Method profile: lightweight retrieval and reasoning method
Task type: find the shipyard location associated with an urban myth referenced in a specific movie
Answer type: location
Reasoning profile: hop_count=2; multi_hop=true; comparison=false; temporal=false; aggregation=false; entity_linking=true; relation_chaining=true; disambiguation=false
Method selection signals: movie trivia retrieval; linking film content to historical myths or conspiracy theories; location extraction from myth context; relation chaining between media and alleged events",0.08,0.0588235294,1,"[""hippo""]",1,False
61,"The movie ""100 Million BC"" continues the urban myth of an experiment allegedly carried out at waht shipyard?",qagn,hippo,"Question: The movie ""100 Million BC"" continues the urban myth of an experiment allegedly carried out at waht shipyard?
Method: qagn
Method profile: question answering with graph/navigation signals
Task type: find the shipyard location associated with an urban myth referenced in a specific movie
Answer type: location
Reasoning profile: hop_count=2; multi_hop=true; comparison=false; temporal=false; aggregation=false; entity_linking=true; relation_chaining=true; disambiguation=false
Method selection signals: movie trivia retrieval; linking film content to historical myths or conspiracy theories; location extraction from myth context; relation chaining between media and alleged events","Question: The movie ""100 Million BC"" continues the urban myth of an experiment allegedly carried out at waht shipyard?
Method: hippo
Method profile: multi-step retrieval and reasoning method
Task type: find the shipyard location associated with an urban myth referenced in a specific movie
Answer type: location
Reasoning profile: hop_count=2; multi_hop=true; comparison=false; temporal=false; aggregation=false; entity_linking=true; relation_chaining=true; disambiguation=false
Method selection signals: movie trivia retrieval; linking film content to historical myths or conspiracy theories; location extraction from myth context; relation chaining between media and alleged events",0.0714285714,0.08,0,"[""hippo""]",1,False
62,The Nazi architect that was most rewarded and favoured by Adolf Hitler alongside Hermann Giesler held what type of ministerial office?,hippo,dalk,"Question: The Nazi architect that was most rewarded and favoured by Adolf Hitler alongside Hermann Giesler held what type of ministerial office?
Method: hippo
Method profile: multi-step retrieval and reasoning method
Task type: identify a specific historical figure based on relationship description and retrieve their official role
Answer type: other
Reasoning profile: hop_count=2; multi_hop=true; comparison=false; temporal=false; aggregation=false; entity_linking=true; relation_chaining=true; disambiguation=true
Method selection signals: entity identification based on relational description; historical knowledge retrieval; role or office lookup for identified person; multi-hop reasoning","Question: The Nazi architect that was most rewarded and favoured by Adolf Hitler alongside Hermann Giesler held what type of ministerial office?
Method: dalk
Method profile: retrieval-based QA method
Task type: identify a specific historical figure based on relationship description and retrieve their official role
Answer type: other
Reasoning profile: hop_count=2; multi_hop=true; comparison=false; temporal=false; aggregation=false; entity_linking=true; relation_chaining=true; disambiguation=true
Method selection signals: entity identification based on relational description; historical knowledge retrieval; role or office lookup for identified person; multi-hop reasoning",0.7272727273,0.5,1,"[""hippo"", ""lgraph"", ""light"", ""qagn""]",4,True
62,The Nazi architect that was most rewarded and favoured by Adolf Hitler alongside Hermann Giesler held what type of ministerial office?,gr,hippo,"Question: The Nazi architect that was most rewarded and favoured by Adolf Hitler alongside Hermann Giesler held what type of ministerial office?
Method: gr
Method profile: graph reasoning oriented method
Task type: identify a specific historical figure based on relationship description and retrieve their official role
Answer type: other
Reasoning profile: hop_count=2; multi_hop=true; comparison=false; temporal=false; aggregation=false; entity_linking=true; relation_chaining=true; disambiguation=true
Method selection signals: entity identification based on relational description; historical knowledge retrieval; role or office lookup for identified person; multi-hop reasoning","Question: The Nazi architect that was most rewarded and favoured by Adolf Hitler alongside Hermann Giesler held what type of ministerial office?
Method: hippo
Method profile: multi-step retrieval and reasoning method
Task type: identify a specific historical figure based on relationship description and retrieve their official role
Answer type: other
Reasoning profile: hop_count=2; multi_hop=true; comparison=false; temporal=false; aggregation=false; entity_linking=true; relation_chaining=true; disambiguation=true
Method selection signals: entity identification based on relational description; historical knowledge retrieval; role or office lookup for identified person; multi-hop reasoning",0.0,0.7272727273,0,"[""hippo"", ""lgraph"", ""light"", ""qagn""]",4,True
62,The Nazi architect that was most rewarded and favoured by Adolf Hitler alongside Hermann Giesler held what type of ministerial office?,lgraph,dalk,"Question: The Nazi architect that was most rewarded and favoured by Adolf Hitler alongside Hermann Giesler held what type of ministerial office?
Method: lgraph
Method profile: graph-centric reasoning and linking method
Task type: identify a specific historical figure based on relationship description and retrieve their official role
Answer type: other
Reasoning profile: hop_count=2; multi_hop=true; comparison=false; temporal=false; aggregation=false; entity_linking=true; relation_chaining=true; disambiguation=true
Method selection signals: entity identification based on relational description; historical knowledge retrieval; role or office lookup for identified person; multi-hop reasoning","Question: The Nazi architect that was most rewarded and favoured by Adolf Hitler alongside Hermann Giesler held what type of ministerial office?
Method: dalk
Method profile: retrieval-based QA method
Task type: identify a specific historical figure based on relationship description and retrieve their official role
Answer type: other
Reasoning profile: hop_count=2; multi_hop=true; comparison=false; temporal=false; aggregation=false; entity_linking=true; relation_chaining=true; disambiguation=true
Method selection signals: entity identification based on relational description; historical knowledge retrieval; role or office lookup for identified person; multi-hop reasoning",0.7272727273,0.5,1,"[""hippo"", ""lgraph"", ""light"", ""qagn""]",4,True
62,The Nazi architect that was most rewarded and favoured by Adolf Hitler alongside Hermann Giesler held what type of ministerial office?,lgraph,gr,"Question: The Nazi architect that was most rewarded and favoured by Adolf Hitler alongside Hermann Giesler held what type of ministerial office?
Method: lgraph
Method profile: graph-centric reasoning and linking method
Task type: identify a specific historical figure based on relationship description and retrieve their official role
Answer type: other
Reasoning profile: hop_count=2; multi_hop=true; comparison=false; temporal=false; aggregation=false; entity_linking=true; relation_chaining=true; disambiguation=true
Method selection signals: entity identification based on relational description; historical knowledge retrieval; role or office lookup for identified person; multi-hop reasoning","Question: The Nazi architect that was most rewarded and favoured by Adolf Hitler alongside Hermann Giesler held what type of ministerial office?
Method: gr
Method profile: graph reasoning oriented method
Task type: identify a specific historical figure based on relationship description and retrieve their official role
Answer type: other
Reasoning profile: hop_count=2; multi_hop=true; comparison=false; temporal=false; aggregation=false; entity_linking=true; relation_chaining=true; disambiguation=true
Method selection signals: entity identification based on relational description; historical knowledge retrieval; role or office lookup for identified person; multi-hop reasoning",0.7272727273,0.0,1,"[""hippo"", ""lgraph"", ""light"", ""qagn""]",4,True
62,The Nazi architect that was most rewarded and favoured by Adolf Hitler alongside Hermann Giesler held what type of ministerial office?,dalk,light,"Question: The Nazi architect that was most rewarded and favoured by Adolf Hitler alongside Hermann Giesler held what type of ministerial office?
Method: dalk
Method profile: retrieval-based QA method
Task type: identify a specific historical figure based on relationship description and retrieve their official role
Answer type: other
Reasoning profile: hop_count=2; multi_hop=true; comparison=false; temporal=false; aggregation=false; entity_linking=true; relation_chaining=true; disambiguation=true
Method selection signals: entity identification based on relational description; historical knowledge retrieval; role or office lookup for identified person; multi-hop reasoning","Question: The Nazi architect that was most rewarded and favoured by Adolf Hitler alongside Hermann Giesler held what type of ministerial office?
Method: light
Method profile: lightweight retrieval and reasoning method
Task type: identify a specific historical figure based on relationship description and retrieve their official role
Answer type: other
Reasoning profile: hop_count=2; multi_hop=true; comparison=false; temporal=false; aggregation=false; entity_linking=true; relation_chaining=true; disambiguation=true
Method selection signals: entity identification based on relational description; historical knowledge retrieval; role or office lookup for identified person; multi-hop reasoning",0.5,0.7272727273,0,"[""hippo"", ""lgraph"", ""light"", ""qagn""]",4,True
62,The Nazi architect that was most rewarded and favoured by Adolf Hitler alongside Hermann Giesler held what type of ministerial office?,gr,light,"Question: The Nazi architect that was most rewarded and favoured by Adolf Hitler alongside Hermann Giesler held what type of ministerial office?
Method: gr
Method profile: graph reasoning oriented method
Task type: identify a specific historical figure based on relationship description and retrieve their official role
Answer type: other
Reasoning profile: hop_count=2; multi_hop=true; comparison=false; temporal=false; aggregation=false; entity_linking=true; relation_chaining=true; disambiguation=true
Method selection signals: entity identification based on relational description; historical knowledge retrieval; role or office lookup for identified person; multi-hop reasoning","Question: The Nazi architect that was most rewarded and favoured by Adolf Hitler alongside Hermann Giesler held what type of ministerial office?
Method: light
Method profile: lightweight retrieval and reasoning method
Task type: identify a specific historical figure based on relationship description and retrieve their official role
Answer type: other
Reasoning profile: hop_count=2; multi_hop=true; comparison=false; temporal=false; aggregation=false; entity_linking=true; relation_chaining=true; disambiguation=true
Method selection signals: entity identification based on relational description; historical knowledge retrieval; role or office lookup for identified person; multi-hop reasoning",0.0,0.7272727273,0,"[""hippo"", ""lgraph"", ""light"", ""qagn""]",4,True
62,The Nazi architect that was most rewarded and favoured by Adolf Hitler alongside Hermann Giesler held what type of ministerial office?,dalk,qagn,"Question: The Nazi architect that was most rewarded and favoured by Adolf Hitler alongside Hermann Giesler held what type of ministerial office?
Method: dalk
Method profile: retrieval-based QA method
Task type: identify a specific historical figure based on relationship description and retrieve their official role
Answer type: other
Reasoning profile: hop_count=2; multi_hop=true; comparison=false; temporal=false; aggregation=false; entity_linking=true; relation_chaining=true; disambiguation=true
Method selection signals: entity identification based on relational description; historical knowledge retrieval; role or office lookup for identified person; multi-hop reasoning","Question: The Nazi architect that was most rewarded and favoured by Adolf Hitler alongside Hermann Giesler held what type of ministerial office?
Method: qagn
Method profile: question answering with graph/navigation signals
Task type: identify a specific historical figure based on relationship description and retrieve their official role
Answer type: other
Reasoning profile: hop_count=2; multi_hop=true; comparison=false; temporal=false; aggregation=false; entity_linking=true; relation_chaining=true; disambiguation=true
Method selection signals: entity identification based on relational description; historical knowledge retrieval; role or office lookup for identified person; multi-hop reasoning",0.5,0.7272727273,0,"[""hippo"", ""lgraph"", ""light"", ""qagn""]",4,True
62,The Nazi architect that was most rewarded and favoured by Adolf Hitler alongside Hermann Giesler held what type of ministerial office?,gr,qagn,"Question: The Nazi architect that was most rewarded and favoured by Adolf Hitler alongside Hermann Giesler held what type of ministerial office?
Method: gr
Method profile: graph reasoning oriented method
Task type: identify a specific historical figure based on relationship description and retrieve their official role
Answer type: other
Reasoning profile: hop_count=2; multi_hop=true; comparison=false; temporal=false; aggregation=false; entity_linking=true; relation_chaining=true; disambiguation=true
Method selection signals: entity identification based on relational description; historical knowledge retrieval; role or office lookup for identified person; multi-hop reasoning","Question: The Nazi architect that was most rewarded and favoured by Adolf Hitler alongside Hermann Giesler held what type of ministerial office?
Method: qagn
Method profile: question answering with graph/navigation signals
Task type: identify a specific historical figure based on relationship description and retrieve their official role
Answer type: other
Reasoning profile: hop_count=2; multi_hop=true; comparison=false; temporal=false; aggregation=false; entity_linking=true; relation_chaining=true; disambiguation=true
Method selection signals: entity identification based on relational description; historical knowledge retrieval; role or office lookup for identified person; multi-hop reasoning",0.0,0.7272727273,0,"[""hippo"", ""lgraph"", ""light"", ""qagn""]",4,True
63,"Which was published or broadcast first, The Graveyard Book of Phineas and Ferb?",dalk,gr,"Question: Which was published or broadcast first, The Graveyard Book of Phineas and Ferb?
Method: dalk
Method profile: retrieval-based QA method
Task type: compare two media properties by release date
Answer type: comparison_result
Reasoning profile: hop_count=2; multi_hop=true; comparison=true; temporal=true; aggregation=false; entity_linking=true; relation_chaining=false; disambiguation=true
Method selection signals: entity parsing under ambiguous phrasing; cross-domain date retrieval; temporal comparison; disambiguation of work titles","Question: Which was published or broadcast first, The Graveyard Book of Phineas and Ferb?
Method: gr
Method profile: graph reasoning oriented method
Task type: compare two media properties by release date
Answer type: comparison_result
Reasoning profile: hop_count=2; multi_hop=true; comparison=true; temporal=true; aggregation=false; entity_linking=true; relation_chaining=false; disambiguation=true
Method selection signals: entity parsing under ambiguous phrasing; cross-domain date retrieval; temporal comparison; disambiguation of work titles",0.6666666667,0.0,1,"[""dalk""]",1,False
63,"Which was published or broadcast first, The Graveyard Book of Phineas and Ferb?",dalk,hippo,"Question: Which was published or broadcast first, The Graveyard Book of Phineas and Ferb?
Method: dalk
Method profile: retrieval-based QA method
Task type: compare two media properties by release date
Answer type: comparison_result
Reasoning profile: hop_count=2; multi_hop=true; comparison=true; temporal=true; aggregation=false; entity_linking=true; relation_chaining=false; disambiguation=true
Method selection signals: entity parsing under ambiguous phrasing; cross-domain date retrieval; temporal comparison; disambiguation of work titles","Question: Which was published or broadcast first, The Graveyard Book of Phineas and Ferb?
Method: hippo
Method profile: multi-step retrieval and reasoning method
Task type: compare two media properties by release date
Answer type: comparison_result
Reasoning profile: hop_count=2; multi_hop=true; comparison=true; temporal=true; aggregation=false; entity_linking=true; relation_chaining=false; disambiguation=true
Method selection signals: entity parsing under ambiguous phrasing; cross-domain date retrieval; temporal comparison; disambiguation of work titles",0.6666666667,0.5454545455,1,"[""dalk""]",1,False
63,"Which was published or broadcast first, The Graveyard Book of Phineas and Ferb?",lgraph,dalk,"Question: Which was published or broadcast first, The Graveyard Book of Phineas and Ferb?
Method: lgraph
Method profile: graph-centric reasoning and linking method
Task type: compare two media properties by release date
Answer type: comparison_result
Reasoning profile: hop_count=2; multi_hop=true; comparison=true; temporal=true; aggregation=false; entity_linking=true; relation_chaining=false; disambiguation=true
Method selection signals: entity parsing under ambiguous phrasing; cross-domain date retrieval; temporal comparison; disambiguation of work titles","Question: Which was published or broadcast first, The Graveyard Book of Phineas and Ferb?
Method: dalk
Method profile: retrieval-based QA method
Task type: compare two media properties by release date
Answer type: comparison_result
Reasoning profile: hop_count=2; multi_hop=true; comparison=true; temporal=true; aggregation=false; entity_linking=true; relation_chaining=false; disambiguation=true
Method selection signals: entity parsing under ambiguous phrasing; cross-domain date retrieval; temporal comparison; disambiguation of work titles",0.3,0.6666666667,0,"[""dalk""]",1,False
63,"Which was published or broadcast first, The Graveyard Book of Phineas and Ferb?",light,dalk,"Question: Which was published or broadcast first, The Graveyard Book of Phineas and Ferb?
Method: light
Method profile: lightweight retrieval and reasoning method
Task type: compare two media properties by release date
Answer type: comparison_result
Reasoning profile: hop_count=2; multi_hop=true; comparison=true; temporal=true; aggregation=false; entity_linking=true; relation_chaining=false; disambiguation=true
Method selection signals: entity parsing under ambiguous phrasing; cross-domain date retrieval; temporal comparison; disambiguation of work titles","Question: Which was published or broadcast first, The Graveyard Book of Phineas and Ferb?
Method: dalk
Method profile: retrieval-based QA method
Task type: compare two media properties by release date
Answer type: comparison_result
Reasoning profile: hop_count=2; multi_hop=true; comparison=true; temporal=true; aggregation=false; entity_linking=true; relation_chaining=false; disambiguation=true
Method selection signals: entity parsing under ambiguous phrasing; cross-domain date retrieval; temporal comparison; disambiguation of work titles",0.2,0.6666666667,0,"[""dalk""]",1,False
63,"Which was published or broadcast first, The Graveyard Book of Phineas and Ferb?",qagn,dalk,"Question: Which was published or broadcast first, The Graveyard Book of Phineas and Ferb?
Method: qagn
Method profile: question answering with graph/navigation signals
Task type: compare two media properties by release date
Answer type: comparison_result
Reasoning profile: hop_count=2; multi_hop=true; comparison=true; temporal=true; aggregation=false; entity_linking=true; relation_chaining=false; disambiguation=true
Method selection signals: entity parsing under ambiguous phrasing; cross-domain date retrieval; temporal comparison; disambiguation of work titles","Question: Which was published or broadcast first, The Graveyard Book of Phineas and Ferb?
Method: dalk
Method profile: retrieval-based QA method
Task type: compare two media properties by release date
Answer type: comparison_result
Reasoning profile: hop_count=2; multi_hop=true; comparison=true; temporal=true; aggregation=false; entity_linking=true; relation_chaining=false; disambiguation=true
Method selection signals: entity parsing under ambiguous phrasing; cross-domain date retrieval; temporal comparison; disambiguation of work titles",0.2727272727,0.6666666667,0,"[""dalk""]",1,False
67,What did the American writer who wrote Into Thin Air primarily known for in his writings,dalk,hippo,"Question: What did the American writer who wrote Into Thin Air primarily known for in his writings
Method: dalk
Method profile: retrieval-based QA method
Task type: identify an author from a specific work and describe their primary writing focus
Answer type: other
Reasoning profile: hop_count=2; multi_hop=true; comparison=false; temporal=false; aggregation=false; entity_linking=true; relation_chaining=true; disambiguation=false
Method selection signals: book-to-author entity resolution; author reputation or thematic analysis retrieval; two-hop relation chaining; biographical information synthesis","Question: What did the American writer who wrote Into Thin Air primarily known for in his writings
Method: hippo
Method profile: multi-step retrieval and reasoning method
Task type: identify an author from a specific work and describe their primary writing focus
Answer type: other
Reasoning profile: hop_count=2; multi_hop=true; comparison=false; temporal=false; aggregation=false; entity_linking=true; relation_chaining=true; disambiguation=false
Method selection signals: book-to-author entity resolution; author reputation or thematic analysis retrieval; two-hop relation chaining; biographical information synthesis",0.0,0.1538461538,0,"[""hippo"", ""lgraph"", ""qagn""]",3,True
67,What did the American writer who wrote Into Thin Air primarily known for in his writings,hippo,gr,"Question: What did the American writer who wrote Into Thin Air primarily known for in his writings
Method: hippo
Method profile: multi-step retrieval and reasoning method
Task type: identify an author from a specific work and describe their primary writing focus
Answer type: other
Reasoning profile: hop_count=2; multi_hop=true; comparison=false; temporal=false; aggregation=false; entity_linking=true; relation_chaining=true; disambiguation=false
Method selection signals: book-to-author entity resolution; author reputation or thematic analysis retrieval; two-hop relation chaining; biographical information synthesis","Question: What did the American writer who wrote Into Thin Air primarily known for in his writings
Method: gr
Method profile: graph reasoning oriented method
Task type: identify an author from a specific work and describe their primary writing focus
Answer type: other
Reasoning profile: hop_count=2; multi_hop=true; comparison=false; temporal=false; aggregation=false; entity_linking=true; relation_chaining=true; disambiguation=false
Method selection signals: book-to-author entity resolution; author reputation or thematic analysis retrieval; two-hop relation chaining; biographical information synthesis",0.1538461538,0.0,1,"[""hippo"", ""lgraph"", ""qagn""]",3,True
67,What did the American writer who wrote Into Thin Air primarily known for in his writings,light,hippo,"Question: What did the American writer who wrote Into Thin Air primarily known for in his writings
Method: light
Method profile: lightweight retrieval and reasoning method
Task type: identify an author from a specific work and describe their primary writing focus
Answer type: other
Reasoning profile: hop_count=2; multi_hop=true; comparison=false; temporal=false; aggregation=false; entity_linking=true; relation_chaining=true; disambiguation=false
Method selection signals: book-to-author entity resolution; author reputation or thematic analysis retrieval; two-hop relation chaining; biographical information synthesis","Question: What did the American writer who wrote Into Thin Air primarily known for in his writings
Method: hippo
Method profile: multi-step retrieval and reasoning method
Task type: identify an author from a specific work and describe their primary writing focus
Answer type: other
Reasoning profile: hop_count=2; multi_hop=true; comparison=false; temporal=false; aggregation=false; entity_linking=true; relation_chaining=true; disambiguation=false
Method selection signals: book-to-author entity resolution; author reputation or thematic analysis retrieval; two-hop relation chaining; biographical information synthesis",0.1,0.1538461538,0,"[""hippo"", ""lgraph"", ""qagn""]",3,True
67,What did the American writer who wrote Into Thin Air primarily known for in his writings,dalk,lgraph,"Question: What did the American writer who wrote Into Thin Air primarily known for in his writings
Method: dalk
Method profile: retrieval-based QA method
Task type: identify an author from a specific work and describe their primary writing focus
Answer type: other
Reasoning profile: hop_count=2; multi_hop=true; comparison=false; temporal=false; aggregation=false; entity_linking=true; relation_chaining=true; disambiguation=false
Method selection signals: book-to-author entity resolution; author reputation or thematic analysis retrieval; two-hop relation chaining; biographical information synthesis","Question: What did the American writer who wrote Into Thin Air primarily known for in his writings
Method: lgraph
Method profile: graph-centric reasoning and linking method
Task type: identify an author from a specific work and describe their primary writing focus
Answer type: other
Reasoning profile: hop_count=2; multi_hop=true; comparison=false; temporal=false; aggregation=false; entity_linking=true; relation_chaining=true; disambiguation=false
Method selection signals: book-to-author entity resolution; author reputation or thematic analysis retrieval; two-hop relation chaining; biographical information synthesis",0.0,0.1538461538,0,"[""hippo"", ""lgraph"", ""qagn""]",3,True
67,What did the American writer who wrote Into Thin Air primarily known for in his writings,gr,lgraph,"Question: What did the American writer who wrote Into Thin Air primarily known for in his writings
Method: gr
Method profile: graph reasoning oriented method
Task type: identify an author from a specific work and describe their primary writing focus
Answer type: other
Reasoning profile: hop_count=2; multi_hop=true; comparison=false; temporal=false; aggregation=false; entity_linking=true; relation_chaining=true; disambiguation=false
Method selection signals: book-to-author entity resolution; author reputation or thematic analysis retrieval; two-hop relation chaining; biographical information synthesis","Question: What did the American writer who wrote Into Thin Air primarily known for in his writings
Method: lgraph
Method profile: graph-centric reasoning and linking method
Task type: identify an author from a specific work and describe their primary writing focus
Answer type: other
Reasoning profile: hop_count=2; multi_hop=true; comparison=false; temporal=false; aggregation=false; entity_linking=true; relation_chaining=true; disambiguation=false
Method selection signals: book-to-author entity resolution; author reputation or thematic analysis retrieval; two-hop relation chaining; biographical information synthesis",0.0,0.1538461538,0,"[""hippo"", ""lgraph"", ""qagn""]",3,True
67,What did the American writer who wrote Into Thin Air primarily known for in his writings,lgraph,light,"Question: What did the American writer who wrote Into Thin Air primarily known for in his writings
Method: lgraph
Method profile: graph-centric reasoning and linking method
Task type: identify an author from a specific work and describe their primary writing focus
Answer type: other
Reasoning profile: hop_count=2; multi_hop=true; comparison=false; temporal=false; aggregation=false; entity_linking=true; relation_chaining=true; disambiguation=false
Method selection signals: book-to-author entity resolution; author reputation or thematic analysis retrieval; two-hop relation chaining; biographical information synthesis","Question: What did the American writer who wrote Into Thin Air primarily known for in his writings
Method: light
Method profile: lightweight retrieval and reasoning method
Task type: identify an author from a specific work and describe their primary writing focus
Answer type: other
Reasoning profile: hop_count=2; multi_hop=true; comparison=false; temporal=false; aggregation=false; entity_linking=true; relation_chaining=true; disambiguation=false
Method selection signals: book-to-author entity resolution; author reputation or thematic analysis retrieval; two-hop relation chaining; biographical information synthesis",0.1538461538,0.1,1,"[""hippo"", ""lgraph"", ""qagn""]",3,True
67,What did the American writer who wrote Into Thin Air primarily known for in his writings,dalk,qagn,"Question: What did the American writer who wrote Into Thin Air primarily known for in his writings
Method: dalk
Method profile: retrieval-based QA method
Task type: identify an author from a specific work and describe their primary writing focus
Answer type: other
Reasoning profile: hop_count=2; multi_hop=true; comparison=false; temporal=false; aggregation=false; entity_linking=true; relation_chaining=true; disambiguation=false
Method selection signals: book-to-author entity resolution; author reputation or thematic analysis retrieval; two-hop relation chaining; biographical information synthesis","Question: What did the American writer who wrote Into Thin Air primarily known for in his writings
Method: qagn
Method profile: question answering with graph/navigation signals
Task type: identify an author from a specific work and describe their primary writing focus
Answer type: other
Reasoning profile: hop_count=2; multi_hop=true; comparison=false; temporal=false; aggregation=false; entity_linking=true; relation_chaining=true; disambiguation=false
Method selection signals: book-to-author entity resolution; author reputation or thematic analysis retrieval; two-hop relation chaining; biographical information synthesis",0.0,0.1538461538,0,"[""hippo"", ""lgraph"", ""qagn""]",3,True
67,What did the American writer who wrote Into Thin Air primarily known for in his writings,qagn,gr,"Question: What did the American writer who wrote Into Thin Air primarily known for in his writings
Method: qagn
Method profile: question answering with graph/navigation signals
Task type: identify an author from a specific work and describe their primary writing focus
Answer type: other
Reasoning profile: hop_count=2; multi_hop=true; comparison=false; temporal=false; aggregation=false; entity_linking=true; relation_chaining=true; disambiguation=false
Method selection signals: book-to-author entity resolution; author reputation or thematic analysis retrieval; two-hop relation chaining; biographical information synthesis","Question: What did the American writer who wrote Into Thin Air primarily known for in his writings
Method: gr
Method profile: graph reasoning oriented method
Task type: identify an author from a specific work and describe their primary writing focus
Answer type: other
Reasoning profile: hop_count=2; multi_hop=true; comparison=false; temporal=false; aggregation=false; entity_linking=true; relation_chaining=true; disambiguation=false
Method selection signals: book-to-author entity resolution; author reputation or thematic analysis retrieval; two-hop relation chaining; biographical information synthesis",0.1538461538,0.0,1,"[""hippo"", ""lgraph"", ""qagn""]",3,True
67,What did the American writer who wrote Into Thin Air primarily known for in his writings,qagn,light,"Question: What did the American writer who wrote Into Thin Air primarily known for in his writings
Method: qagn
Method profile: question answering with graph/navigation signals
Task type: identify an author from a specific work and describe their primary writing focus
Answer type: other
Reasoning profile: hop_count=2; multi_hop=true; comparison=false; temporal=false; aggregation=false; entity_linking=true; relation_chaining=true; disambiguation=false
Method selection signals: book-to-author entity resolution; author reputation or thematic analysis retrieval; two-hop relation chaining; biographical information synthesis","Question: What did the American writer who wrote Into Thin Air primarily known for in his writings
Method: light
Method profile: lightweight retrieval and reasoning method
Task type: identify an author from a specific work and describe their primary writing focus
Answer type: other
Reasoning profile: hop_count=2; multi_hop=true; comparison=false; temporal=false; aggregation=false; entity_linking=true; relation_chaining=true; disambiguation=false
Method selection signals: book-to-author entity resolution; author reputation or thematic analysis retrieval; two-hop relation chaining; biographical information synthesis",0.1538461538,0.1,1,"[""hippo"", ""lgraph"", ""qagn""]",3,True
68,Were Dee Dee Ramone and Ben Weasel ever in the same band?,gr,dalk,"Question: Were Dee Dee Ramone and Ben Weasel ever in the same band?
Method: gr
Method profile: graph reasoning oriented method
Task type: verify shared band membership between two musicians
Answer type: comparison_result
Reasoning profile: hop_count=2; multi_hop=true; comparison=true; temporal=false; aggregation=true; entity_linking=true; relation_chaining=true; disambiguation=true
Method selection signals: entity linking for stage names; multi-hop retrieval of affiliations; set intersection comparison; music domain knowledge","Question: Were Dee Dee Ramone and Ben Weasel ever in the same band?
Method: dalk
Method profile: retrieval-based QA method
Task type: verify shared band membership between two musicians
Answer type: comparison_result
Reasoning profile: hop_count=2; multi_hop=true; comparison=true; temporal=false; aggregation=true; entity_linking=true; relation_chaining=true; disambiguation=true
Method selection signals: entity linking for stage names; multi-hop retrieval of affiliations; set intersection comparison; music domain knowledge",0.0,1.0,0,"[""dalk""]",1,False
68,Were Dee Dee Ramone and Ben Weasel ever in the same band?,hippo,dalk,"Question: Were Dee Dee Ramone and Ben Weasel ever in the same band?
Method: hippo
Method profile: multi-step retrieval and reasoning method
Task type: verify shared band membership between two musicians
Answer type: comparison_result
Reasoning profile: hop_count=2; multi_hop=true; comparison=true; temporal=false; aggregation=true; entity_linking=true; relation_chaining=true; disambiguation=true
Method selection signals: entity linking for stage names; multi-hop retrieval of affiliations; set intersection comparison; music domain knowledge","Question: Were Dee Dee Ramone and Ben Weasel ever in the same band?
Method: dalk
Method profile: retrieval-based QA method
Task type: verify shared band membership between two musicians
Answer type: comparison_result
Reasoning profile: hop_count=2; multi_hop=true; comparison=true; temporal=false; aggregation=true; entity_linking=true; relation_chaining=true; disambiguation=true
Method selection signals: entity linking for stage names; multi-hop retrieval of affiliations; set intersection comparison; music domain knowledge",0.0,1.0,0,"[""dalk""]",1,False
68,Were Dee Dee Ramone and Ben Weasel ever in the same band?,dalk,lgraph,"Question: Were Dee Dee Ramone and Ben Weasel ever in the same band?
Method: dalk
Method profile: retrieval-based QA method
Task type: verify shared band membership between two musicians
Answer type: comparison_result
Reasoning profile: hop_count=2; multi_hop=true; comparison=true; temporal=false; aggregation=true; entity_linking=true; relation_chaining=true; disambiguation=true
Method selection signals: entity linking for stage names; multi-hop retrieval of affiliations; set intersection comparison; music domain knowledge","Question: Were Dee Dee Ramone and Ben Weasel ever in the same band?
Method: lgraph
Method profile: graph-centric reasoning and linking method
Task type: verify shared band membership between two musicians
Answer type: comparison_result
Reasoning profile: hop_count=2; multi_hop=true; comparison=true; temporal=false; aggregation=true; entity_linking=true; relation_chaining=true; disambiguation=true
Method selection signals: entity linking for stage names; multi-hop retrieval of affiliations; set intersection comparison; music domain knowledge",1.0,0.0,1,"[""dalk""]",1,False
68,Were Dee Dee Ramone and Ben Weasel ever in the same band?,dalk,light,"Question: Were Dee Dee Ramone and Ben Weasel ever in the same band?
Method: dalk
Method profile: retrieval-based QA method
Task type: verify shared band membership between two musicians
Answer type: comparison_result
Reasoning profile: hop_count=2; multi_hop=true; comparison=true; temporal=false; aggregation=true; entity_linking=true; relation_chaining=true; disambiguation=true
Method selection signals: entity linking for stage names; multi-hop retrieval of affiliations; set intersection comparison; music domain knowledge","Question: Were Dee Dee Ramone and Ben Weasel ever in the same band?
Method: light
Method profile: lightweight retrieval and reasoning method
Task type: verify shared band membership between two musicians
Answer type: comparison_result
Reasoning profile: hop_count=2; multi_hop=true; comparison=true; temporal=false; aggregation=true; entity_linking=true; relation_chaining=true; disambiguation=true
Method selection signals: entity linking for stage names; multi-hop retrieval of affiliations; set intersection comparison; music domain knowledge",1.0,0.0,1,"[""dalk""]",1,False
68,Were Dee Dee Ramone and Ben Weasel ever in the same band?,qagn,dalk,"Question: Were Dee Dee Ramone and Ben Weasel ever in the same band?
Method: qagn
Method profile: question answering with graph/navigation signals
Task type: verify shared band membership between two musicians
Answer type: comparison_result
Reasoning profile: hop_count=2; multi_hop=true; comparison=true; temporal=false; aggregation=true; entity_linking=true; relation_chaining=true; disambiguation=true
Method selection signals: entity linking for stage names; multi-hop retrieval of affiliations; set intersection comparison; music domain knowledge","Question: Were Dee Dee Ramone and Ben Weasel ever in the same band?
Method: dalk
Method profile: retrieval-based QA method
Task type: verify shared band membership between two musicians
Answer type: comparison_result
Reasoning profile: hop_count=2; multi_hop=true; comparison=true; temporal=false; aggregation=true; entity_linking=true; relation_chaining=true; disambiguation=true
Method selection signals: entity linking for stage names; multi-hop retrieval of affiliations; set intersection comparison; music domain knowledge",0.0,1.0,0,"[""dalk""]",1,False
70,IS Paul Sloane noted for directing more musicals than Jacques Demy,qagn,dalk,"Question: IS Paul Sloane noted for directing more musicals than Jacques Demy
Method: qagn
Method profile: question answering with graph/navigation signals
Task type: compare two directors by the count of directed musicals
Answer type: comparison_result
Reasoning profile: hop_count=3; multi_hop=true; comparison=true; temporal=false; aggregation=true; entity_linking=true; relation_chaining=true; disambiguation=true
Method selection signals: entity disambiguation for director names; filmography retrieval and genre filtering; counting aggregation across multiple works; numerical comparison between two entities","Question: IS Paul Sloane noted for directing more musicals than Jacques Demy
Method: dalk
Method profile: retrieval-based QA method
Task type: compare two directors by the count of directed musicals
Answer type: comparison_result
Reasoning profile: hop_count=3; multi_hop=true; comparison=true; temporal=false; aggregation=true; entity_linking=true; relation_chaining=true; disambiguation=true
Method selection signals: entity disambiguation for director names; filmography retrieval and genre filtering; counting aggregation across multiple works; numerical comparison between two entities",1.0,0.0,1,"[""qagn""]",1,False
70,IS Paul Sloane noted for directing more musicals than Jacques Demy,gr,qagn,"Question: IS Paul Sloane noted for directing more musicals than Jacques Demy
Method: gr
Method profile: graph reasoning oriented method
Task type: compare two directors by the count of directed musicals
Answer type: comparison_result
Reasoning profile: hop_count=3; multi_hop=true; comparison=true; temporal=false; aggregation=true; entity_linking=true; relation_chaining=true; disambiguation=true
Method selection signals: entity disambiguation for director names; filmography retrieval and genre filtering; counting aggregation across multiple works; numerical comparison between two entities","Question: IS Paul Sloane noted for directing more musicals than Jacques Demy
Method: qagn
Method profile: question answering with graph/navigation signals
Task type: compare two directors by the count of directed musicals
Answer type: comparison_result
Reasoning profile: hop_count=3; multi_hop=true; comparison=true; temporal=false; aggregation=true; entity_linking=true; relation_chaining=true; disambiguation=true
Method selection signals: entity disambiguation for director names; filmography retrieval and genre filtering; counting aggregation across multiple works; numerical comparison between two entities",0.0,1.0,0,"[""qagn""]",1,False
70,IS Paul Sloane noted for directing more musicals than Jacques Demy,hippo,qagn,"Question: IS Paul Sloane noted for directing more musicals than Jacques Demy
Method: hippo
Method profile: multi-step retrieval and reasoning method
Task type: compare two directors by the count of directed musicals
Answer type: comparison_result
Reasoning profile: hop_count=3; multi_hop=true; comparison=true; temporal=false; aggregation=true; entity_linking=true; relation_chaining=true; disambiguation=true
Method selection signals: entity disambiguation for director names; filmography retrieval and genre filtering; counting aggregation across multiple works; numerical comparison between two entities","Question: IS Paul Sloane noted for directing more musicals than Jacques Demy
Method: qagn
Method profile: question answering with graph/navigation signals
Task type: compare two directors by the count of directed musicals
Answer type: comparison_result
Reasoning profile: hop_count=3; multi_hop=true; comparison=true; temporal=false; aggregation=true; entity_linking=true; relation_chaining=true; disambiguation=true
Method selection signals: entity disambiguation for director names; filmography retrieval and genre filtering; counting aggregation across multiple works; numerical comparison between two entities",0.0,1.0,0,"[""qagn""]",1,False
70,IS Paul Sloane noted for directing more musicals than Jacques Demy,qagn,lgraph,"Question: IS Paul Sloane noted for directing more musicals than Jacques Demy
Method: qagn
Method profile: question answering with graph/navigation signals
Task type: compare two directors by the count of directed musicals
Answer type: comparison_result
Reasoning profile: hop_count=3; multi_hop=true; comparison=true; temporal=false; aggregation=true; entity_linking=true; relation_chaining=true; disambiguation=true
Method selection signals: entity disambiguation for director names; filmography retrieval and genre filtering; counting aggregation across multiple works; numerical comparison between two entities","Question: IS Paul Sloane noted for directing more musicals than Jacques Demy
Method: lgraph
Method profile: graph-centric reasoning and linking method
Task type: compare two directors by the count of directed musicals
Answer type: comparison_result
Reasoning profile: hop_count=3; multi_hop=true; comparison=true; temporal=false; aggregation=true; entity_linking=true; relation_chaining=true; disambiguation=true
Method selection signals: entity disambiguation for director names; filmography retrieval and genre filtering; counting aggregation across multiple works; numerical comparison between two entities",1.0,0.0,1,"[""qagn""]",1,False
70,IS Paul Sloane noted for directing more musicals than Jacques Demy,light,qagn,"Question: IS Paul Sloane noted for directing more musicals than Jacques Demy
Method: light
Method profile: lightweight retrieval and reasoning method
Task type: compare two directors by the count of directed musicals
Answer type: comparison_result
Reasoning profile: hop_count=3; multi_hop=true; comparison=true; temporal=false; aggregation=true; entity_linking=true; relation_chaining=true; disambiguation=true
Method selection signals: entity disambiguation for director names; filmography retrieval and genre filtering; counting aggregation across multiple works; numerical comparison between two entities","Question: IS Paul Sloane noted for directing more musicals than Jacques Demy
Method: qagn
Method profile: question answering with graph/navigation signals
Task type: compare two directors by the count of directed musicals
Answer type: comparison_result
Reasoning profile: hop_count=3; multi_hop=true; comparison=true; temporal=false; aggregation=true; entity_linking=true; relation_chaining=true; disambiguation=true
Method selection signals: entity disambiguation for director names; filmography retrieval and genre filtering; counting aggregation across multiple works; numerical comparison between two entities",0.0,1.0,0,"[""qagn""]",1,False
71,To which taxonomic category do both Hyacinthoides and Anthriscus belong?,dalk,lgraph,"Question: To which taxonomic category do both Hyacinthoides and Anthriscus belong?
Method: dalk
Method profile: retrieval-based QA method
Task type: find a shared taxonomic classification for two biological genera
Answer type: other
Reasoning profile: hop_count=2; multi_hop=true; comparison=true; temporal=false; aggregation=true; entity_linking=true; relation_chaining=true; disambiguation=false
Method selection signals: biological entity linking; taxonomic hierarchy retrieval; comparison of classification trees; intersection of properties","Question: To which taxonomic category do both Hyacinthoides and Anthriscus belong?
Method: lgraph
Method profile: graph-centric reasoning and linking method
Task type: find a shared taxonomic classification for two biological genera
Answer type: other
Reasoning profile: hop_count=2; multi_hop=true; comparison=true; temporal=false; aggregation=true; entity_linking=true; relation_chaining=true; disambiguation=false
Method selection signals: biological entity linking; taxonomic hierarchy retrieval; comparison of classification trees; intersection of properties",0.1666666667,0.1818181818,0,"[""lgraph"", ""light"", ""qagn""]",3,True
71,To which taxonomic category do both Hyacinthoides and Anthriscus belong?,gr,lgraph,"Question: To which taxonomic category do both Hyacinthoides and Anthriscus belong?
Method: gr
Method profile: graph reasoning oriented method
Task type: find a shared taxonomic classification for two biological genera
Answer type: other
Reasoning profile: hop_count=2; multi_hop=true; comparison=true; temporal=false; aggregation=true; entity_linking=true; relation_chaining=true; disambiguation=false
Method selection signals: biological entity linking; taxonomic hierarchy retrieval; comparison of classification trees; intersection of properties","Question: To which taxonomic category do both Hyacinthoides and Anthriscus belong?
Method: lgraph
Method profile: graph-centric reasoning and linking method
Task type: find a shared taxonomic classification for two biological genera
Answer type: other
Reasoning profile: hop_count=2; multi_hop=true; comparison=true; temporal=false; aggregation=true; entity_linking=true; relation_chaining=true; disambiguation=false
Method selection signals: biological entity linking; taxonomic hierarchy retrieval; comparison of classification trees; intersection of properties",0.0,0.1818181818,0,"[""lgraph"", ""light"", ""qagn""]",3,True
71,To which taxonomic category do both Hyacinthoides and Anthriscus belong?,lgraph,hippo,"Question: To which taxonomic category do both Hyacinthoides and Anthriscus belong?
Method: lgraph
Method profile: graph-centric reasoning and linking method
Task type: find a shared taxonomic classification for two biological genera
Answer type: other
Reasoning profile: hop_count=2; multi_hop=true; comparison=true; temporal=false; aggregation=true; entity_linking=true; relation_chaining=true; disambiguation=false
Method selection signals: biological entity linking; taxonomic hierarchy retrieval; comparison of classification trees; intersection of properties","Question: To which taxonomic category do both Hyacinthoides and Anthriscus belong?
Method: hippo
Method profile: multi-step retrieval and reasoning method
Task type: find a shared taxonomic classification for two biological genera
Answer type: other
Reasoning profile: hop_count=2; multi_hop=true; comparison=true; temporal=false; aggregation=true; entity_linking=true; relation_chaining=true; disambiguation=false
Method selection signals: biological entity linking; taxonomic hierarchy retrieval; comparison of classification trees; intersection of properties",0.1818181818,0.0,1,"[""lgraph"", ""light"", ""qagn""]",3,True
71,To which taxonomic category do both Hyacinthoides and Anthriscus belong?,dalk,light,"Question: To which taxonomic category do both Hyacinthoides and Anthriscus belong?
Method: dalk
Method profile: retrieval-based QA method
Task type: find a shared taxonomic classification for two biological genera
Answer type: other
Reasoning profile: hop_count=2; multi_hop=true; comparison=true; temporal=false; aggregation=true; entity_linking=true; relation_chaining=true; disambiguation=false
Method selection signals: biological entity linking; taxonomic hierarchy retrieval; comparison of classification trees; intersection of properties","Question: To which taxonomic category do both Hyacinthoides and Anthriscus belong?
Method: light
Method profile: lightweight retrieval and reasoning method
Task type: find a shared taxonomic classification for two biological genera
Answer type: other
Reasoning profile: hop_count=2; multi_hop=true; comparison=true; temporal=false; aggregation=true; entity_linking=true; relation_chaining=true; disambiguation=false
Method selection signals: biological entity linking; taxonomic hierarchy retrieval; comparison of classification trees; intersection of properties",0.1666666667,0.1818181818,0,"[""lgraph"", ""light"", ""qagn""]",3,True
71,To which taxonomic category do both Hyacinthoides and Anthriscus belong?,light,gr,"Question: To which taxonomic category do both Hyacinthoides and Anthriscus belong?
Method: light
Method profile: lightweight retrieval and reasoning method
Task type: find a shared taxonomic classification for two biological genera
Answer type: other
Reasoning profile: hop_count=2; multi_hop=true; comparison=true; temporal=false; aggregation=true; entity_linking=true; relation_chaining=true; disambiguation=false
Method selection signals: biological entity linking; taxonomic hierarchy retrieval; comparison of classification trees; intersection of properties","Question: To which taxonomic category do both Hyacinthoides and Anthriscus belong?
Method: gr
Method profile: graph reasoning oriented method
Task type: find a shared taxonomic classification for two biological genera
Answer type: other
Reasoning profile: hop_count=2; multi_hop=true; comparison=true; temporal=false; aggregation=true; entity_linking=true; relation_chaining=true; disambiguation=false
Method selection signals: biological entity linking; taxonomic hierarchy retrieval; comparison of classification trees; intersection of properties",0.1818181818,0.0,1,"[""lgraph"", ""light"", ""qagn""]",3,True
71,To which taxonomic category do both Hyacinthoides and Anthriscus belong?,light,hippo,"Question: To which taxonomic category do both Hyacinthoides and Anthriscus belong?
Method: light
Method profile: lightweight retrieval and reasoning method
Task type: find a shared taxonomic classification for two biological genera
Answer type: other
Reasoning profile: hop_count=2; multi_hop=true; comparison=true; temporal=false; aggregation=true; entity_linking=true; relation_chaining=true; disambiguation=false
Method selection signals: biological entity linking; taxonomic hierarchy retrieval; comparison of classification trees; intersection of properties","Question: To which taxonomic category do both Hyacinthoides and Anthriscus belong?
Method: hippo
Method profile: multi-step retrieval and reasoning method
Task type: find a shared taxonomic classification for two biological genera
Answer type: other
Reasoning profile: hop_count=2; multi_hop=true; comparison=true; temporal=false; aggregation=true; entity_linking=true; relation_chaining=true; disambiguation=false
Method selection signals: biological entity linking; taxonomic hierarchy retrieval; comparison of classification trees; intersection of properties",0.1818181818,0.0,1,"[""lgraph"", ""light"", ""qagn""]",3,True
71,To which taxonomic category do both Hyacinthoides and Anthriscus belong?,dalk,qagn,"Question: To which taxonomic category do both Hyacinthoides and Anthriscus belong?
Method: dalk
Method profile: retrieval-based QA method
Task type: find a shared taxonomic classification for two biological genera
Answer type: other
Reasoning profile: hop_count=2; multi_hop=true; comparison=true; temporal=false; aggregation=true; entity_linking=true; relation_chaining=true; disambiguation=false
Method selection signals: biological entity linking; taxonomic hierarchy retrieval; comparison of classification trees; intersection of properties","Question: To which taxonomic category do both Hyacinthoides and Anthriscus belong?
Method: qagn
Method profile: question answering with graph/navigation signals
Task type: find a shared taxonomic classification for two biological genera
Answer type: other
Reasoning profile: hop_count=2; multi_hop=true; comparison=true; temporal=false; aggregation=true; entity_linking=true; relation_chaining=true; disambiguation=false
Method selection signals: biological entity linking; taxonomic hierarchy retrieval; comparison of classification trees; intersection of properties",0.1666666667,0.1818181818,0,"[""lgraph"", ""light"", ""qagn""]",3,True
71,To which taxonomic category do both Hyacinthoides and Anthriscus belong?,qagn,gr,"Question: To which taxonomic category do both Hyacinthoides and Anthriscus belong?
Method: qagn
Method profile: question answering with graph/navigation signals
Task type: find a shared taxonomic classification for two biological genera
Answer type: other
Reasoning profile: hop_count=2; multi_hop=true; comparison=true; temporal=false; aggregation=true; entity_linking=true; relation_chaining=true; disambiguation=false
Method selection signals: biological entity linking; taxonomic hierarchy retrieval; comparison of classification trees; intersection of properties","Question: To which taxonomic category do both Hyacinthoides and Anthriscus belong?
Method: gr
Method profile: graph reasoning oriented method
Task type: find a shared taxonomic classification for two biological genera
Answer type: other
Reasoning profile: hop_count=2; multi_hop=true; comparison=true; temporal=false; aggregation=true; entity_linking=true; relation_chaining=true; disambiguation=false
Method selection signals: biological entity linking; taxonomic hierarchy retrieval; comparison of classification trees; intersection of properties",0.1818181818,0.0,1,"[""lgraph"", ""light"", ""qagn""]",3,True
71,To which taxonomic category do both Hyacinthoides and Anthriscus belong?,qagn,hippo,"Question: To which taxonomic category do both Hyacinthoides and Anthriscus belong?
Method: qagn
Method profile: question answering with graph/navigation signals
Task type: find a shared taxonomic classification for two biological genera
Answer type: other
Reasoning profile: hop_count=2; multi_hop=true; comparison=true; temporal=false; aggregation=true; entity_linking=true; relation_chaining=true; disambiguation=false
Method selection signals: biological entity linking; taxonomic hierarchy retrieval; comparison of classification trees; intersection of properties","Question: To which taxonomic category do both Hyacinthoides and Anthriscus belong?
Method: hippo
Method profile: multi-step retrieval and reasoning method
Task type: find a shared taxonomic classification for two biological genera
Answer type: other
Reasoning profile: hop_count=2; multi_hop=true; comparison=true; temporal=false; aggregation=true; entity_linking=true; relation_chaining=true; disambiguation=false
Method selection signals: biological entity linking; taxonomic hierarchy retrieval; comparison of classification trees; intersection of properties",0.1818181818,0.0,1,"[""lgraph"", ""light"", ""qagn""]",3,True
72,Which retired baseball player played Chad Bradford in a movie adaptation of a Michael Lewis book?,dalk,qagn,"Question: Which retired baseball player played Chad Bradford in a movie adaptation of a Michael Lewis book?
Method: dalk
Method profile: retrieval-based QA method
Task type: identify a person based on role in a film adaptation of a specific author's work
Answer type: person
Reasoning profile: hop_count=3; multi_hop=true; comparison=false; temporal=false; aggregation=false; entity_linking=true; relation_chaining=true; disambiguation=true
Method selection signals: multi-hop relation chaining from author to film cast; entity disambiguation among multiple books by the same author; filmography lookup by character name; profession verification for the identified person","Question: Which retired baseball player played Chad Bradford in a movie adaptation of a Michael Lewis book?
Method: qagn
Method profile: question answering with graph/navigation signals
Task type: identify a person based on role in a film adaptation of a specific author's work
Answer type: person
Reasoning profile: hop_count=3; multi_hop=true; comparison=false; temporal=false; aggregation=false; entity_linking=true; relation_chaining=true; disambiguation=true
Method selection signals: multi-hop relation chaining from author to film cast; entity disambiguation among multiple books by the same author; filmography lookup by character name; profession verification for the identified person",0.0,1.0,0,"[""qagn""]",1,False
72,Which retired baseball player played Chad Bradford in a movie adaptation of a Michael Lewis book?,qagn,gr,"Question: Which retired baseball player played Chad Bradford in a movie adaptation of a Michael Lewis book?
Method: qagn
Method profile: question answering with graph/navigation signals
Task type: identify a person based on role in a film adaptation of a specific author's work
Answer type: person
Reasoning profile: hop_count=3; multi_hop=true; comparison=false; temporal=false; aggregation=false; entity_linking=true; relation_chaining=true; disambiguation=true
Method selection signals: multi-hop relation chaining from author to film cast; entity disambiguation among multiple books by the same author; filmography lookup by character name; profession verification for the identified person","Question: Which retired baseball player played Chad Bradford in a movie adaptation of a Michael Lewis book?
Method: gr
Method profile: graph reasoning oriented method
Task type: identify a person based on role in a film adaptation of a specific author's work
Answer type: person
Reasoning profile: hop_count=3; multi_hop=true; comparison=false; temporal=false; aggregation=false; entity_linking=true; relation_chaining=true; disambiguation=true
Method selection signals: multi-hop relation chaining from author to film cast; entity disambiguation among multiple books by the same author; filmography lookup by character name; profession verification for the identified person",1.0,0.0,1,"[""qagn""]",1,False
72,Which retired baseball player played Chad Bradford in a movie adaptation of a Michael Lewis book?,qagn,hippo,"Question: Which retired baseball player played Chad Bradford in a movie adaptation of a Michael Lewis book?
Method: qagn
Method profile: question answering with graph/navigation signals
Task type: identify a person based on role in a film adaptation of a specific author's work
Answer type: person
Reasoning profile: hop_count=3; multi_hop=true; comparison=false; temporal=false; aggregation=false; entity_linking=true; relation_chaining=true; disambiguation=true
Method selection signals: multi-hop relation chaining from author to film cast; entity disambiguation among multiple books by the same author; filmography lookup by character name; profession verification for the identified person","Question: Which retired baseball player played Chad Bradford in a movie adaptation of a Michael Lewis book?
Method: hippo
Method profile: multi-step retrieval and reasoning method
Task type: identify a person based on role in a film adaptation of a specific author's work
Answer type: person
Reasoning profile: hop_count=3; multi_hop=true; comparison=false; temporal=false; aggregation=false; entity_linking=true; relation_chaining=true; disambiguation=true
Method selection signals: multi-hop relation chaining from author to film cast; entity disambiguation among multiple books by the same author; filmography lookup by character name; profession verification for the identified person",1.0,0.3636363636,1,"[""qagn""]",1,False
72,Which retired baseball player played Chad Bradford in a movie adaptation of a Michael Lewis book?,lgraph,qagn,"Question: Which retired baseball player played Chad Bradford in a movie adaptation of a Michael Lewis book?
Method: lgraph
Method profile: graph-centric reasoning and linking method
Task type: identify a person based on role in a film adaptation of a specific author's work
Answer type: person
Reasoning profile: hop_count=3; multi_hop=true; comparison=false; temporal=false; aggregation=false; entity_linking=true; relation_chaining=true; disambiguation=true
Method selection signals: multi-hop relation chaining from author to film cast; entity disambiguation among multiple books by the same author; filmography lookup by character name; profession verification for the identified person","Question: Which retired baseball player played Chad Bradford in a movie adaptation of a Michael Lewis book?
Method: qagn
Method profile: question answering with graph/navigation signals
Task type: identify a person based on role in a film adaptation of a specific author's work
Answer type: person
Reasoning profile: hop_count=3; multi_hop=true; comparison=false; temporal=false; aggregation=false; entity_linking=true; relation_chaining=true; disambiguation=true
Method selection signals: multi-hop relation chaining from author to film cast; entity disambiguation among multiple books by the same author; filmography lookup by character name; profession verification for the identified person",0.2857142857,1.0,0,"[""qagn""]",1,False
72,Which retired baseball player played Chad Bradford in a movie adaptation of a Michael Lewis book?,light,qagn,"Question: Which retired baseball player played Chad Bradford in a movie adaptation of a Michael Lewis book?
Method: light
Method profile: lightweight retrieval and reasoning method
Task type: identify a person based on role in a film adaptation of a specific author's work
Answer type: person
Reasoning profile: hop_count=3; multi_hop=true; comparison=false; temporal=false; aggregation=false; entity_linking=true; relation_chaining=true; disambiguation=true
Method selection signals: multi-hop relation chaining from author to film cast; entity disambiguation among multiple books by the same author; filmography lookup by character name; profession verification for the identified person","Question: Which retired baseball player played Chad Bradford in a movie adaptation of a Michael Lewis book?
Method: qagn
Method profile: question answering with graph/navigation signals
Task type: identify a person based on role in a film adaptation of a specific author's work
Answer type: person
Reasoning profile: hop_count=3; multi_hop=true; comparison=false; temporal=false; aggregation=false; entity_linking=true; relation_chaining=true; disambiguation=true
Method selection signals: multi-hop relation chaining from author to film cast; entity disambiguation among multiple books by the same author; filmography lookup by character name; profession verification for the identified person",0.2857142857,1.0,0,"[""qagn""]",1,False
73,Are the genera Gordonia and Osbeckia in the same family?,dalk,gr,"Question: Are the genera Gordonia and Osbeckia in the same family?
Method: dalk
Method profile: retrieval-based QA method
Task type: compare taxonomic classification of two biological genera
Answer type: comparison_result
Reasoning profile: hop_count=2; multi_hop=true; comparison=true; temporal=false; aggregation=false; entity_linking=true; relation_chaining=false; disambiguation=false
Method selection signals: biological taxonomy lookup; entity linking for scientific names; equality comparison; multi-fact retrieval","Question: Are the genera Gordonia and Osbeckia in the same family?
Method: gr
Method profile: graph reasoning oriented method
Task type: compare taxonomic classification of two biological genera
Answer type: comparison_result
Reasoning profile: hop_count=2; multi_hop=true; comparison=true; temporal=false; aggregation=false; entity_linking=true; relation_chaining=false; disambiguation=false
Method selection signals: biological taxonomy lookup; entity linking for scientific names; equality comparison; multi-fact retrieval",1.0,0.0,1,"[""dalk""]",1,False
73,Are the genera Gordonia and Osbeckia in the same family?,dalk,hippo,"Question: Are the genera Gordonia and Osbeckia in the same family?
Method: dalk
Method profile: retrieval-based QA method
Task type: compare taxonomic classification of two biological genera
Answer type: comparison_result
Reasoning profile: hop_count=2; multi_hop=true; comparison=true; temporal=false; aggregation=false; entity_linking=true; relation_chaining=false; disambiguation=false
Method selection signals: biological taxonomy lookup; entity linking for scientific names; equality comparison; multi-fact retrieval","Question: Are the genera Gordonia and Osbeckia in the same family?
Method: hippo
Method profile: multi-step retrieval and reasoning method
Task type: compare taxonomic classification of two biological genera
Answer type: comparison_result
Reasoning profile: hop_count=2; multi_hop=true; comparison=true; temporal=false; aggregation=false; entity_linking=true; relation_chaining=false; disambiguation=false
Method selection signals: biological taxonomy lookup; entity linking for scientific names; equality comparison; multi-fact retrieval",1.0,0.0,1,"[""dalk""]",1,False
73,Are the genera Gordonia and Osbeckia in the same family?,dalk,lgraph,"Question: Are the genera Gordonia and Osbeckia in the same family?
Method: dalk
Method profile: retrieval-based QA method
Task type: compare taxonomic classification of two biological genera
Answer type: comparison_result
Reasoning profile: hop_count=2; multi_hop=true; comparison=true; temporal=false; aggregation=false; entity_linking=true; relation_chaining=false; disambiguation=false
Method selection signals: biological taxonomy lookup; entity linking for scientific names; equality comparison; multi-fact retrieval","Question: Are the genera Gordonia and Osbeckia in the same family?
Method: lgraph
Method profile: graph-centric reasoning and linking method
Task type: compare taxonomic classification of two biological genera
Answer type: comparison_result
Reasoning profile: hop_count=2; multi_hop=true; comparison=true; temporal=false; aggregation=false; entity_linking=true; relation_chaining=false; disambiguation=false
Method selection signals: biological taxonomy lookup; entity linking for scientific names; equality comparison; multi-fact retrieval",1.0,0.0,1,"[""dalk""]",1,False
73,Are the genera Gordonia and Osbeckia in the same family?,light,dalk,"Question: Are the genera Gordonia and Osbeckia in the same family?
Method: light
Method profile: lightweight retrieval and reasoning method
Task type: compare taxonomic classification of two biological genera
Answer type: comparison_result
Reasoning profile: hop_count=2; multi_hop=true; comparison=true; temporal=false; aggregation=false; entity_linking=true; relation_chaining=false; disambiguation=false
Method selection signals: biological taxonomy lookup; entity linking for scientific names; equality comparison; multi-fact retrieval","Question: Are the genera Gordonia and Osbeckia in the same family?
Method: dalk
Method profile: retrieval-based QA method
Task type: compare taxonomic classification of two biological genera
Answer type: comparison_result
Reasoning profile: hop_count=2; multi_hop=true; comparison=true; temporal=false; aggregation=false; entity_linking=true; relation_chaining=false; disambiguation=false
Method selection signals: biological taxonomy lookup; entity linking for scientific names; equality comparison; multi-fact retrieval",0.0,1.0,0,"[""dalk""]",1,False
73,Are the genera Gordonia and Osbeckia in the same family?,qagn,dalk,"Question: Are the genera Gordonia and Osbeckia in the same family?
Method: qagn
Method profile: question answering with graph/navigation signals
Task type: compare taxonomic classification of two biological genera
Answer type: comparison_result
Reasoning profile: hop_count=2; multi_hop=true; comparison=true; temporal=false; aggregation=false; entity_linking=true; relation_chaining=false; disambiguation=false
Method selection signals: biological taxonomy lookup; entity linking for scientific names; equality comparison; multi-fact retrieval","Question: Are the genera Gordonia and Osbeckia in the same family?
Method: dalk
Method profile: retrieval-based QA method
Task type: compare taxonomic classification of two biological genera
Answer type: comparison_result
Reasoning profile: hop_count=2; multi_hop=true; comparison=true; temporal=false; aggregation=false; entity_linking=true; relation_chaining=false; disambiguation=false
Method selection signals: biological taxonomy lookup; entity linking for scientific names; equality comparison; multi-fact retrieval",0.0,1.0,0,"[""dalk""]",1,False
74,"What community in Imperial County, California is partly named after a species of tree that is native to North America, Europe, and western Asia?",dalk,hippo,"Question: What community in Imperial County, California is partly named after a species of tree that is native to North America, Europe, and western Asia?
Method: dalk
Method profile: retrieval-based QA method
Task type: identify a community based on location and etymological origin linked to botanical native range
Answer type: location
Reasoning profile: hop_count=3; multi_hop=true; comparison=false; temporal=false; aggregation=false; entity_linking=true; relation_chaining=true; disambiguation=true
Method selection signals: geographical constraint filtering; etymological analysis of place names; botanical native range verification; multi-hop relation chaining between location and biology","Question: What community in Imperial County, California is partly named after a species of tree that is native to North America, Europe, and western Asia?
Method: hippo
Method profile: multi-step retrieval and reasoning method
Task type: identify a community based on location and etymological origin linked to botanical native range
Answer type: location
Reasoning profile: hop_count=3; multi_hop=true; comparison=false; temporal=false; aggregation=false; entity_linking=true; relation_chaining=true; disambiguation=true
Method selection signals: geographical constraint filtering; etymological analysis of place names; botanical native range verification; multi-hop relation chaining between location and biology",0.0,1.0,0,"[""hippo"", ""qagn""]",2,True
74,"What community in Imperial County, California is partly named after a species of tree that is native to North America, Europe, and western Asia?",hippo,gr,"Question: What community in Imperial County, California is partly named after a species of tree that is native to North America, Europe, and western Asia?
Method: hippo
Method profile: multi-step retrieval and reasoning method
Task type: identify a community based on location and etymological origin linked to botanical native range
Answer type: location
Reasoning profile: hop_count=3; multi_hop=true; comparison=false; temporal=false; aggregation=false; entity_linking=true; relation_chaining=true; disambiguation=true
Method selection signals: geographical constraint filtering; etymological analysis of place names; botanical native range verification; multi-hop relation chaining between location and biology","Question: What community in Imperial County, California is partly named after a species of tree that is native to North America, Europe, and western Asia?
Method: gr
Method profile: graph reasoning oriented method
Task type: identify a community based on location and etymological origin linked to botanical native range
Answer type: location
Reasoning profile: hop_count=3; multi_hop=true; comparison=false; temporal=false; aggregation=false; entity_linking=true; relation_chaining=true; disambiguation=true
Method selection signals: geographical constraint filtering; etymological analysis of place names; botanical native range verification; multi-hop relation chaining between location and biology",1.0,0.0,1,"[""hippo"", ""qagn""]",2,True
74,"What community in Imperial County, California is partly named after a species of tree that is native to North America, Europe, and western Asia?",hippo,lgraph,"Question: What community in Imperial County, California is partly named after a species of tree that is native to North America, Europe, and western Asia?
Method: hippo
Method profile: multi-step retrieval and reasoning method
Task type: identify a community based on location and etymological origin linked to botanical native range
Answer type: location
Reasoning profile: hop_count=3; multi_hop=true; comparison=false; temporal=false; aggregation=false; entity_linking=true; relation_chaining=true; disambiguation=true
Method selection signals: geographical constraint filtering; etymological analysis of place names; botanical native range verification; multi-hop relation chaining between location and biology","Question: What community in Imperial County, California is partly named after a species of tree that is native to North America, Europe, and western Asia?
Method: lgraph
Method profile: graph-centric reasoning and linking method
Task type: identify a community based on location and etymological origin linked to botanical native range
Answer type: location
Reasoning profile: hop_count=3; multi_hop=true; comparison=false; temporal=false; aggregation=false; entity_linking=true; relation_chaining=true; disambiguation=true
Method selection signals: geographical constraint filtering; etymological analysis of place names; botanical native range verification; multi-hop relation chaining between location and biology",1.0,0.0,1,"[""hippo"", ""qagn""]",2,True
74,"What community in Imperial County, California is partly named after a species of tree that is native to North America, Europe, and western Asia?",light,hippo,"Question: What community in Imperial County, California is partly named after a species of tree that is native to North America, Europe, and western Asia?
Method: light
Method profile: lightweight retrieval and reasoning method
Task type: identify a community based on location and etymological origin linked to botanical native range
Answer type: location
Reasoning profile: hop_count=3; multi_hop=true; comparison=false; temporal=false; aggregation=false; entity_linking=true; relation_chaining=true; disambiguation=true
Method selection signals: geographical constraint filtering; etymological analysis of place names; botanical native range verification; multi-hop relation chaining between location and biology","Question: What community in Imperial County, California is partly named after a species of tree that is native to North America, Europe, and western Asia?
Method: hippo
Method profile: multi-step retrieval and reasoning method
Task type: identify a community based on location and etymological origin linked to botanical native range
Answer type: location
Reasoning profile: hop_count=3; multi_hop=true; comparison=false; temporal=false; aggregation=false; entity_linking=true; relation_chaining=true; disambiguation=true
Method selection signals: geographical constraint filtering; etymological analysis of place names; botanical native range verification; multi-hop relation chaining between location and biology",0.0,1.0,0,"[""hippo"", ""qagn""]",2,True
74,"What community in Imperial County, California is partly named after a species of tree that is native to North America, Europe, and western Asia?",dalk,qagn,"Question: What community in Imperial County, California is partly named after a species of tree that is native to North America, Europe, and western Asia?
Method: dalk
Method profile: retrieval-based QA method
Task type: identify a community based on location and etymological origin linked to botanical native range
Answer type: location
Reasoning profile: hop_count=3; multi_hop=true; comparison=false; temporal=false; aggregation=false; entity_linking=true; relation_chaining=true; disambiguation=true
Method selection signals: geographical constraint filtering; etymological analysis of place names; botanical native range verification; multi-hop relation chaining between location and biology","Question: What community in Imperial County, California is partly named after a species of tree that is native to North America, Europe, and western Asia?
Method: qagn
Method profile: question answering with graph/navigation signals
Task type: identify a community based on location and etymological origin linked to botanical native range
Answer type: location
Reasoning profile: hop_count=3; multi_hop=true; comparison=false; temporal=false; aggregation=false; entity_linking=true; relation_chaining=true; disambiguation=true
Method selection signals: geographical constraint filtering; etymological analysis of place names; botanical native range verification; multi-hop relation chaining between location and biology",0.0,1.0,0,"[""hippo"", ""qagn""]",2,True
74,"What community in Imperial County, California is partly named after a species of tree that is native to North America, Europe, and western Asia?",gr,qagn,"Question: What community in Imperial County, California is partly named after a species of tree that is native to North America, Europe, and western Asia?
Method: gr
Method profile: graph reasoning oriented method
Task type: identify a community based on location and etymological origin linked to botanical native range
Answer type: location
Reasoning profile: hop_count=3; multi_hop=true; comparison=false; temporal=false; aggregation=false; entity_linking=true; relation_chaining=true; disambiguation=true
Method selection signals: geographical constraint filtering; etymological analysis of place names; botanical native range verification; multi-hop relation chaining between location and biology","Question: What community in Imperial County, California is partly named after a species of tree that is native to North America, Europe, and western Asia?
Method: qagn
Method profile: question answering with graph/navigation signals
Task type: identify a community based on location and etymological origin linked to botanical native range
Answer type: location
Reasoning profile: hop_count=3; multi_hop=true; comparison=false; temporal=false; aggregation=false; entity_linking=true; relation_chaining=true; disambiguation=true
Method selection signals: geographical constraint filtering; etymological analysis of place names; botanical native range verification; multi-hop relation chaining between location and biology",0.0,1.0,0,"[""hippo"", ""qagn""]",2,True
74,"What community in Imperial County, California is partly named after a species of tree that is native to North America, Europe, and western Asia?",lgraph,qagn,"Question: What community in Imperial County, California is partly named after a species of tree that is native to North America, Europe, and western Asia?
Method: lgraph
Method profile: graph-centric reasoning and linking method
Task type: identify a community based on location and etymological origin linked to botanical native range
Answer type: location
Reasoning profile: hop_count=3; multi_hop=true; comparison=false; temporal=false; aggregation=false; entity_linking=true; relation_chaining=true; disambiguation=true
Method selection signals: geographical constraint filtering; etymological analysis of place names; botanical native range verification; multi-hop relation chaining between location and biology","Question: What community in Imperial County, California is partly named after a species of tree that is native to North America, Europe, and western Asia?
Method: qagn
Method profile: question answering with graph/navigation signals
Task type: identify a community based on location and etymological origin linked to botanical native range
Answer type: location
Reasoning profile: hop_count=3; multi_hop=true; comparison=false; temporal=false; aggregation=false; entity_linking=true; relation_chaining=true; disambiguation=true
Method selection signals: geographical constraint filtering; etymological analysis of place names; botanical native range verification; multi-hop relation chaining between location and biology",0.0,1.0,0,"[""hippo"", ""qagn""]",2,True
74,"What community in Imperial County, California is partly named after a species of tree that is native to North America, Europe, and western Asia?",light,qagn,"Question: What community in Imperial County, California is partly named after a species of tree that is native to North America, Europe, and western Asia?
Method: light
Method profile: lightweight retrieval and reasoning method
Task type: identify a community based on location and etymological origin linked to botanical native range
Answer type: location
Reasoning profile: hop_count=3; multi_hop=true; comparison=false; temporal=false; aggregation=false; entity_linking=true; relation_chaining=true; disambiguation=true
Method selection signals: geographical constraint filtering; etymological analysis of place names; botanical native range verification; multi-hop relation chaining between location and biology","Question: What community in Imperial County, California is partly named after a species of tree that is native to North America, Europe, and western Asia?
Method: qagn
Method profile: question answering with graph/navigation signals
Task type: identify a community based on location and etymological origin linked to botanical native range
Answer type: location
Reasoning profile: hop_count=3; multi_hop=true; comparison=false; temporal=false; aggregation=false; entity_linking=true; relation_chaining=true; disambiguation=true
Method selection signals: geographical constraint filtering; etymological analysis of place names; botanical native range verification; multi-hop relation chaining between location and biology",0.0,1.0,0,"[""hippo"", ""qagn""]",2,True
78,"Which metropolitan at the south of Moraine, Ohio had a population of 2,114,580 in 2010 U.S. Census?",hippo,dalk,"Question: Which metropolitan at the south of Moraine, Ohio had a population of 2,114,580 in 2010 U.S. Census?
Method: hippo
Method profile: multi-step retrieval and reasoning method
Task type: identify a metropolitan area based on geographic relation and census population data
Answer type: location
Reasoning profile: hop_count=3; multi_hop=true; comparison=false; temporal=true; aggregation=false; entity_linking=true; relation_chaining=true; disambiguation=false
Method selection signals: geographic spatial reasoning; demographic data retrieval; exact numerical matching; multi-hop entity relation; temporal data filtering","Question: Which metropolitan at the south of Moraine, Ohio had a population of 2,114,580 in 2010 U.S. Census?
Method: dalk
Method profile: retrieval-based QA method
Task type: identify a metropolitan area based on geographic relation and census population data
Answer type: location
Reasoning profile: hop_count=3; multi_hop=true; comparison=false; temporal=true; aggregation=false; entity_linking=true; relation_chaining=true; disambiguation=false
Method selection signals: geographic spatial reasoning; demographic data retrieval; exact numerical matching; multi-hop entity relation; temporal data filtering",0.4285714286,0.1739130435,1,"[""hippo"", ""light""]",2,True
78,"Which metropolitan at the south of Moraine, Ohio had a population of 2,114,580 in 2010 U.S. Census?",gr,hippo,"Question: Which metropolitan at the south of Moraine, Ohio had a population of 2,114,580 in 2010 U.S. Census?
Method: gr
Method profile: graph reasoning oriented method
Task type: identify a metropolitan area based on geographic relation and census population data
Answer type: location
Reasoning profile: hop_count=3; multi_hop=true; comparison=false; temporal=true; aggregation=false; entity_linking=true; relation_chaining=true; disambiguation=false
Method selection signals: geographic spatial reasoning; demographic data retrieval; exact numerical matching; multi-hop entity relation; temporal data filtering","Question: Which metropolitan at the south of Moraine, Ohio had a population of 2,114,580 in 2010 U.S. Census?
Method: hippo
Method profile: multi-step retrieval and reasoning method
Task type: identify a metropolitan area based on geographic relation and census population data
Answer type: location
Reasoning profile: hop_count=3; multi_hop=true; comparison=false; temporal=true; aggregation=false; entity_linking=true; relation_chaining=true; disambiguation=false
Method selection signals: geographic spatial reasoning; demographic data retrieval; exact numerical matching; multi-hop entity relation; temporal data filtering",0.1666666667,0.4285714286,0,"[""hippo"", ""light""]",2,True
78,"Which metropolitan at the south of Moraine, Ohio had a population of 2,114,580 in 2010 U.S. Census?",hippo,lgraph,"Question: Which metropolitan at the south of Moraine, Ohio had a population of 2,114,580 in 2010 U.S. Census?
Method: hippo
Method profile: multi-step retrieval and reasoning method
Task type: identify a metropolitan area based on geographic relation and census population data
Answer type: location
Reasoning profile: hop_count=3; multi_hop=true; comparison=false; temporal=true; aggregation=false; entity_linking=true; relation_chaining=true; disambiguation=false
Method selection signals: geographic spatial reasoning; demographic data retrieval; exact numerical matching; multi-hop entity relation; temporal data filtering","Question: Which metropolitan at the south of Moraine, Ohio had a population of 2,114,580 in 2010 U.S. Census?
Method: lgraph
Method profile: graph-centric reasoning and linking method
Task type: identify a metropolitan area based on geographic relation and census population data
Answer type: location
Reasoning profile: hop_count=3; multi_hop=true; comparison=false; temporal=true; aggregation=false; entity_linking=true; relation_chaining=true; disambiguation=false
Method selection signals: geographic spatial reasoning; demographic data retrieval; exact numerical matching; multi-hop entity relation; temporal data filtering",0.4285714286,0.0,1,"[""hippo"", ""light""]",2,True
78,"Which metropolitan at the south of Moraine, Ohio had a population of 2,114,580 in 2010 U.S. Census?",qagn,hippo,"Question: Which metropolitan at the south of Moraine, Ohio had a population of 2,114,580 in 2010 U.S. Census?
Method: qagn
Method profile: question answering with graph/navigation signals
Task type: identify a metropolitan area based on geographic relation and census population data
Answer type: location
Reasoning profile: hop_count=3; multi_hop=true; comparison=false; temporal=true; aggregation=false; entity_linking=true; relation_chaining=true; disambiguation=false
Method selection signals: geographic spatial reasoning; demographic data retrieval; exact numerical matching; multi-hop entity relation; temporal data filtering","Question: Which metropolitan at the south of Moraine, Ohio had a population of 2,114,580 in 2010 U.S. Census?
Method: hippo
Method profile: multi-step retrieval and reasoning method
Task type: identify a metropolitan area based on geographic relation and census population data
Answer type: location
Reasoning profile: hop_count=3; multi_hop=true; comparison=false; temporal=true; aggregation=false; entity_linking=true; relation_chaining=true; disambiguation=false
Method selection signals: geographic spatial reasoning; demographic data retrieval; exact numerical matching; multi-hop entity relation; temporal data filtering",0.0,0.4285714286,0,"[""hippo"", ""light""]",2,True
78,"Which metropolitan at the south of Moraine, Ohio had a population of 2,114,580 in 2010 U.S. Census?",dalk,light,"Question: Which metropolitan at the south of Moraine, Ohio had a population of 2,114,580 in 2010 U.S. Census?
Method: dalk
Method profile: retrieval-based QA method
Task type: identify a metropolitan area based on geographic relation and census population data
Answer type: location
Reasoning profile: hop_count=3; multi_hop=true; comparison=false; temporal=true; aggregation=false; entity_linking=true; relation_chaining=true; disambiguation=false
Method selection signals: geographic spatial reasoning; demographic data retrieval; exact numerical matching; multi-hop entity relation; temporal data filtering","Question: Which metropolitan at the south of Moraine, Ohio had a population of 2,114,580 in 2010 U.S. Census?
Method: light
Method profile: lightweight retrieval and reasoning method
Task type: identify a metropolitan area based on geographic relation and census population data
Answer type: location
Reasoning profile: hop_count=3; multi_hop=true; comparison=false; temporal=true; aggregation=false; entity_linking=true; relation_chaining=true; disambiguation=false
Method selection signals: geographic spatial reasoning; demographic data retrieval; exact numerical matching; multi-hop entity relation; temporal data filtering",0.1739130435,0.4285714286,0,"[""hippo"", ""light""]",2,True
78,"Which metropolitan at the south of Moraine, Ohio had a population of 2,114,580 in 2010 U.S. Census?",light,gr,"Question: Which metropolitan at the south of Moraine, Ohio had a population of 2,114,580 in 2010 U.S. Census?
Method: light
Method profile: lightweight retrieval and reasoning method
Task type: identify a metropolitan area based on geographic relation and census population data
Answer type: location
Reasoning profile: hop_count=3; multi_hop=true; comparison=false; temporal=true; aggregation=false; entity_linking=true; relation_chaining=true; disambiguation=false
Method selection signals: geographic spatial reasoning; demographic data retrieval; exact numerical matching; multi-hop entity relation; temporal data filtering","Question: Which metropolitan at the south of Moraine, Ohio had a population of 2,114,580 in 2010 U.S. Census?
Method: gr
Method profile: graph reasoning oriented method
Task type: identify a metropolitan area based on geographic relation and census population data
Answer type: location
Reasoning profile: hop_count=3; multi_hop=true; comparison=false; temporal=true; aggregation=false; entity_linking=true; relation_chaining=true; disambiguation=false
Method selection signals: geographic spatial reasoning; demographic data retrieval; exact numerical matching; multi-hop entity relation; temporal data filtering",0.4285714286,0.1666666667,1,"[""hippo"", ""light""]",2,True
78,"Which metropolitan at the south of Moraine, Ohio had a population of 2,114,580 in 2010 U.S. Census?",light,lgraph,"Question: Which metropolitan at the south of Moraine, Ohio had a population of 2,114,580 in 2010 U.S. Census?
Method: light
Method profile: lightweight retrieval and reasoning method
Task type: identify a metropolitan area based on geographic relation and census population data
Answer type: location
Reasoning profile: hop_count=3; multi_hop=true; comparison=false; temporal=true; aggregation=false; entity_linking=true; relation_chaining=true; disambiguation=false
Method selection signals: geographic spatial reasoning; demographic data retrieval; exact numerical matching; multi-hop entity relation; temporal data filtering","Question: Which metropolitan at the south of Moraine, Ohio had a population of 2,114,580 in 2010 U.S. Census?
Method: lgraph
Method profile: graph-centric reasoning and linking method
Task type: identify a metropolitan area based on geographic relation and census population data
Answer type: location
Reasoning profile: hop_count=3; multi_hop=true; comparison=false; temporal=true; aggregation=false; entity_linking=true; relation_chaining=true; disambiguation=false
Method selection signals: geographic spatial reasoning; demographic data retrieval; exact numerical matching; multi-hop entity relation; temporal data filtering",0.4285714286,0.0,1,"[""hippo"", ""light""]",2,True
78,"Which metropolitan at the south of Moraine, Ohio had a population of 2,114,580 in 2010 U.S. Census?",light,qagn,"Question: Which metropolitan at the south of Moraine, Ohio had a population of 2,114,580 in 2010 U.S. Census?
Method: light
Method profile: lightweight retrieval and reasoning method
Task type: identify a metropolitan area based on geographic relation and census population data
Answer type: location
Reasoning profile: hop_count=3; multi_hop=true; comparison=false; temporal=true; aggregation=false; entity_linking=true; relation_chaining=true; disambiguation=false
Method selection signals: geographic spatial reasoning; demographic data retrieval; exact numerical matching; multi-hop entity relation; temporal data filtering","Question: Which metropolitan at the south of Moraine, Ohio had a population of 2,114,580 in 2010 U.S. Census?
Method: qagn
Method profile: question answering with graph/navigation signals
Task type: identify a metropolitan area based on geographic relation and census population data
Answer type: location
Reasoning profile: hop_count=3; multi_hop=true; comparison=false; temporal=true; aggregation=false; entity_linking=true; relation_chaining=true; disambiguation=false
Method selection signals: geographic spatial reasoning; demographic data retrieval; exact numerical matching; multi-hop entity relation; temporal data filtering",0.4285714286,0.0,1,"[""hippo"", ""light""]",2,True
80,"Which writer was from England, Henry Roth or Robert Erskine Childers?",gr,dalk,"Question: Which writer was from England, Henry Roth or Robert Erskine Childers?
Method: gr
Method profile: graph reasoning oriented method
Task type: compare two named writers by nationality
Answer type: person
Reasoning profile: hop_count=2; multi_hop=true; comparison=true; temporal=false; aggregation=false; entity_linking=true; relation_chaining=false; disambiguation=false
Method selection signals: biographical fact retrieval for specific individuals; nationality verification; binary choice selection based on attribute match; parallel entity lookup","Question: Which writer was from England, Henry Roth or Robert Erskine Childers?
Method: dalk
Method profile: retrieval-based QA method
Task type: compare two named writers by nationality
Answer type: person
Reasoning profile: hop_count=2; multi_hop=true; comparison=true; temporal=false; aggregation=false; entity_linking=true; relation_chaining=false; disambiguation=false
Method selection signals: biographical fact retrieval for specific individuals; nationality verification; binary choice selection based on attribute match; parallel entity lookup",0.2068965517,0.8571428571,0,"[""dalk""]",1,False
80,"Which writer was from England, Henry Roth or Robert Erskine Childers?",dalk,hippo,"Question: Which writer was from England, Henry Roth or Robert Erskine Childers?
Method: dalk
Method profile: retrieval-based QA method
Task type: compare two named writers by nationality
Answer type: person
Reasoning profile: hop_count=2; multi_hop=true; comparison=true; temporal=false; aggregation=false; entity_linking=true; relation_chaining=false; disambiguation=false
Method selection signals: biographical fact retrieval for specific individuals; nationality verification; binary choice selection based on attribute match; parallel entity lookup","Question: Which writer was from England, Henry Roth or Robert Erskine Childers?
Method: hippo
Method profile: multi-step retrieval and reasoning method
Task type: compare two named writers by nationality
Answer type: person
Reasoning profile: hop_count=2; multi_hop=true; comparison=true; temporal=false; aggregation=false; entity_linking=true; relation_chaining=false; disambiguation=false
Method selection signals: biographical fact retrieval for specific individuals; nationality verification; binary choice selection based on attribute match; parallel entity lookup",0.8571428571,0.3,1,"[""dalk""]",1,False
80,"Which writer was from England, Henry Roth or Robert Erskine Childers?",lgraph,dalk,"Question: Which writer was from England, Henry Roth or Robert Erskine Childers?
Method: lgraph
Method profile: graph-centric reasoning and linking method
Task type: compare two named writers by nationality
Answer type: person
Reasoning profile: hop_count=2; multi_hop=true; comparison=true; temporal=false; aggregation=false; entity_linking=true; relation_chaining=false; disambiguation=false
Method selection signals: biographical fact retrieval for specific individuals; nationality verification; binary choice selection based on attribute match; parallel entity lookup","Question: Which writer was from England, Henry Roth or Robert Erskine Childers?
Method: dalk
Method profile: retrieval-based QA method
Task type: compare two named writers by nationality
Answer type: person
Reasoning profile: hop_count=2; multi_hop=true; comparison=true; temporal=false; aggregation=false; entity_linking=true; relation_chaining=false; disambiguation=false
Method selection signals: biographical fact retrieval for specific individuals; nationality verification; binary choice selection based on attribute match; parallel entity lookup",0.3529411765,0.8571428571,0,"[""dalk""]",1,False
80,"Which writer was from England, Henry Roth or Robert Erskine Childers?",light,dalk,"Question: Which writer was from England, Henry Roth or Robert Erskine Childers?
Method: light
Method profile: lightweight retrieval and reasoning method
Task type: compare two named writers by nationality
Answer type: person
Reasoning profile: hop_count=2; multi_hop=true; comparison=true; temporal=false; aggregation=false; entity_linking=true; relation_chaining=false; disambiguation=false
Method selection signals: biographical fact retrieval for specific individuals; nationality verification; binary choice selection based on attribute match; parallel entity lookup","Question: Which writer was from England, Henry Roth or Robert Erskine Childers?
Method: dalk
Method profile: retrieval-based QA method
Task type: compare two named writers by nationality
Answer type: person
Reasoning profile: hop_count=2; multi_hop=true; comparison=true; temporal=false; aggregation=false; entity_linking=true; relation_chaining=false; disambiguation=false
Method selection signals: biographical fact retrieval for specific individuals; nationality verification; binary choice selection based on attribute match; parallel entity lookup",0.375,0.8571428571,0,"[""dalk""]",1,False
80,"Which writer was from England, Henry Roth or Robert Erskine Childers?",dalk,qagn,"Question: Which writer was from England, Henry Roth or Robert Erskine Childers?
Method: dalk
Method profile: retrieval-based QA method
Task type: compare two named writers by nationality
Answer type: person
Reasoning profile: hop_count=2; multi_hop=true; comparison=true; temporal=false; aggregation=false; entity_linking=true; relation_chaining=false; disambiguation=false
Method selection signals: biographical fact retrieval for specific individuals; nationality verification; binary choice selection based on attribute match; parallel entity lookup","Question: Which writer was from England, Henry Roth or Robert Erskine Childers?
Method: qagn
Method profile: question answering with graph/navigation signals
Task type: compare two named writers by nationality
Answer type: person
Reasoning profile: hop_count=2; multi_hop=true; comparison=true; temporal=false; aggregation=false; entity_linking=true; relation_chaining=false; disambiguation=false
Method selection signals: biographical fact retrieval for specific individuals; nationality verification; binary choice selection based on attribute match; parallel entity lookup",0.8571428571,0.3,1,"[""dalk""]",1,False
82,The 2011–12 Houston Rockets season began with the drafting of the player who now plays for what team?,dalk,hippo,"Question: The 2011–12 Houston Rockets season began with the drafting of the player who now plays for what team?
Method: dalk
Method profile: retrieval-based QA method
Task type: identify a player from a historical draft event and find their current team
Answer type: organization
Reasoning profile: hop_count=2; multi_hop=true; comparison=false; temporal=true; aggregation=false; entity_linking=true; relation_chaining=true; disambiguation=true
Method selection signals: multi-hop reasoning across historical and current data; sports entity linking for teams and players; temporal constraint handling for season identification; current status retrieval for a historical entity","Question: The 2011–12 Houston Rockets season began with the drafting of the player who now plays for what team?
Method: hippo
Method profile: multi-step retrieval and reasoning method
Task type: identify a player from a historical draft event and find their current team
Answer type: organization
Reasoning profile: hop_count=2; multi_hop=true; comparison=false; temporal=true; aggregation=false; entity_linking=true; relation_chaining=true; disambiguation=true
Method selection signals: multi-hop reasoning across historical and current data; sports entity linking for teams and players; temporal constraint handling for season identification; current status retrieval for a historical entity",0.0,1.0,0,"[""hippo"", ""light""]",2,True
82,The 2011–12 Houston Rockets season began with the drafting of the player who now plays for what team?,hippo,gr,"Question: The 2011–12 Houston Rockets season began with the drafting of the player who now plays for what team?
Method: hippo
Method profile: multi-step retrieval and reasoning method
Task type: identify a player from a historical draft event and find their current team
Answer type: organization
Reasoning profile: hop_count=2; multi_hop=true; comparison=false; temporal=true; aggregation=false; entity_linking=true; relation_chaining=true; disambiguation=true
Method selection signals: multi-hop reasoning across historical and current data; sports entity linking for teams and players; temporal constraint handling for season identification; current status retrieval for a historical entity","Question: The 2011–12 Houston Rockets season began with the drafting of the player who now plays for what team?
Method: gr
Method profile: graph reasoning oriented method
Task type: identify a player from a historical draft event and find their current team
Answer type: organization
Reasoning profile: hop_count=2; multi_hop=true; comparison=false; temporal=true; aggregation=false; entity_linking=true; relation_chaining=true; disambiguation=true
Method selection signals: multi-hop reasoning across historical and current data; sports entity linking for teams and players; temporal constraint handling for season identification; current status retrieval for a historical entity",1.0,0.0,1,"[""hippo"", ""light""]",2,True
82,The 2011–12 Houston Rockets season began with the drafting of the player who now plays for what team?,hippo,lgraph,"Question: The 2011–12 Houston Rockets season began with the drafting of the player who now plays for what team?
Method: hippo
Method profile: multi-step retrieval and reasoning method
Task type: identify a player from a historical draft event and find their current team
Answer type: organization
Reasoning profile: hop_count=2; multi_hop=true; comparison=false; temporal=true; aggregation=false; entity_linking=true; relation_chaining=true; disambiguation=true
Method selection signals: multi-hop reasoning across historical and current data; sports entity linking for teams and players; temporal constraint handling for season identification; current status retrieval for a historical entity","Question: The 2011–12 Houston Rockets season began with the drafting of the player who now plays for what team?
Method: lgraph
Method profile: graph-centric reasoning and linking method
Task type: identify a player from a historical draft event and find their current team
Answer type: organization
Reasoning profile: hop_count=2; multi_hop=true; comparison=false; temporal=true; aggregation=false; entity_linking=true; relation_chaining=true; disambiguation=true
Method selection signals: multi-hop reasoning across historical and current data; sports entity linking for teams and players; temporal constraint handling for season identification; current status retrieval for a historical entity",1.0,0.0,1,"[""hippo"", ""light""]",2,True
82,The 2011–12 Houston Rockets season began with the drafting of the player who now plays for what team?,qagn,hippo,"Question: The 2011–12 Houston Rockets season began with the drafting of the player who now plays for what team?
Method: qagn
Method profile: question answering with graph/navigation signals
Task type: identify a player from a historical draft event and find their current team
Answer type: organization
Reasoning profile: hop_count=2; multi_hop=true; comparison=false; temporal=true; aggregation=false; entity_linking=true; relation_chaining=true; disambiguation=true
Method selection signals: multi-hop reasoning across historical and current data; sports entity linking for teams and players; temporal constraint handling for season identification; current status retrieval for a historical entity","Question: The 2011–12 Houston Rockets season began with the drafting of the player who now plays for what team?
Method: hippo
Method profile: multi-step retrieval and reasoning method
Task type: identify a player from a historical draft event and find their current team
Answer type: organization
Reasoning profile: hop_count=2; multi_hop=true; comparison=false; temporal=true; aggregation=false; entity_linking=true; relation_chaining=true; disambiguation=true
Method selection signals: multi-hop reasoning across historical and current data; sports entity linking for teams and players; temporal constraint handling for season identification; current status retrieval for a historical entity",0.0,1.0,0,"[""hippo"", ""light""]",2,True
82,The 2011–12 Houston Rockets season began with the drafting of the player who now plays for what team?,dalk,light,"Question: The 2011–12 Houston Rockets season began with the drafting of the player who now plays for what team?
Method: dalk
Method profile: retrieval-based QA method
Task type: identify a player from a historical draft event and find their current team
Answer type: organization
Reasoning profile: hop_count=2; multi_hop=true; comparison=false; temporal=true; aggregation=false; entity_linking=true; relation_chaining=true; disambiguation=true
Method selection signals: multi-hop reasoning across historical and current data; sports entity linking for teams and players; temporal constraint handling for season identification; current status retrieval for a historical entity","Question: The 2011–12 Houston Rockets season began with the drafting of the player who now plays for what team?
Method: light
Method profile: lightweight retrieval and reasoning method
Task type: identify a player from a historical draft event and find their current team
Answer type: organization
Reasoning profile: hop_count=2; multi_hop=true; comparison=false; temporal=true; aggregation=false; entity_linking=true; relation_chaining=true; disambiguation=true
Method selection signals: multi-hop reasoning across historical and current data; sports entity linking for teams and players; temporal constraint handling for season identification; current status retrieval for a historical entity",0.0,1.0,0,"[""hippo"", ""light""]",2,True
82,The 2011–12 Houston Rockets season began with the drafting of the player who now plays for what team?,light,gr,"Question: The 2011–12 Houston Rockets season began with the drafting of the player who now plays for what team?
Method: light
Method profile: lightweight retrieval and reasoning method
Task type: identify a player from a historical draft event and find their current team
Answer type: organization
Reasoning profile: hop_count=2; multi_hop=true; comparison=false; temporal=true; aggregation=false; entity_linking=true; relation_chaining=true; disambiguation=true
Method selection signals: multi-hop reasoning across historical and current data; sports entity linking for teams and players; temporal constraint handling for season identification; current status retrieval for a historical entity","Question: The 2011–12 Houston Rockets season began with the drafting of the player who now plays for what team?
Method: gr
Method profile: graph reasoning oriented method
Task type: identify a player from a historical draft event and find their current team
Answer type: organization
Reasoning profile: hop_count=2; multi_hop=true; comparison=false; temporal=true; aggregation=false; entity_linking=true; relation_chaining=true; disambiguation=true
Method selection signals: multi-hop reasoning across historical and current data; sports entity linking for teams and players; temporal constraint handling for season identification; current status retrieval for a historical entity",1.0,0.0,1,"[""hippo"", ""light""]",2,True
82,The 2011–12 Houston Rockets season began with the drafting of the player who now plays for what team?,light,lgraph,"Question: The 2011–12 Houston Rockets season began with the drafting of the player who now plays for what team?
Method: light
Method profile: lightweight retrieval and reasoning method
Task type: identify a player from a historical draft event and find their current team
Answer type: organization
Reasoning profile: hop_count=2; multi_hop=true; comparison=false; temporal=true; aggregation=false; entity_linking=true; relation_chaining=true; disambiguation=true
Method selection signals: multi-hop reasoning across historical and current data; sports entity linking for teams and players; temporal constraint handling for season identification; current status retrieval for a historical entity","Question: The 2011–12 Houston Rockets season began with the drafting of the player who now plays for what team?
Method: lgraph
Method profile: graph-centric reasoning and linking method
Task type: identify a player from a historical draft event and find their current team
Answer type: organization
Reasoning profile: hop_count=2; multi_hop=true; comparison=false; temporal=true; aggregation=false; entity_linking=true; relation_chaining=true; disambiguation=true
Method selection signals: multi-hop reasoning across historical and current data; sports entity linking for teams and players; temporal constraint handling for season identification; current status retrieval for a historical entity",1.0,0.0,1,"[""hippo"", ""light""]",2,True
82,The 2011–12 Houston Rockets season began with the drafting of the player who now plays for what team?,light,qagn,"Question: The 2011–12 Houston Rockets season began with the drafting of the player who now plays for what team?
Method: light
Method profile: lightweight retrieval and reasoning method
Task type: identify a player from a historical draft event and find their current team
Answer type: organization
Reasoning profile: hop_count=2; multi_hop=true; comparison=false; temporal=true; aggregation=false; entity_linking=true; relation_chaining=true; disambiguation=true
Method selection signals: multi-hop reasoning across historical and current data; sports entity linking for teams and players; temporal constraint handling for season identification; current status retrieval for a historical entity","Question: The 2011–12 Houston Rockets season began with the drafting of the player who now plays for what team?
Method: qagn
Method profile: question answering with graph/navigation signals
Task type: identify a player from a historical draft event and find their current team
Answer type: organization
Reasoning profile: hop_count=2; multi_hop=true; comparison=false; temporal=true; aggregation=false; entity_linking=true; relation_chaining=true; disambiguation=true
Method selection signals: multi-hop reasoning across historical and current data; sports entity linking for teams and players; temporal constraint handling for season identification; current status retrieval for a historical entity",1.0,0.0,1,"[""hippo"", ""light""]",2,True
84,"Who was born first, Sarah Jacobson or Arthur Hiller?",hippo,dalk,"Question: Who was born first, Sarah Jacobson or Arthur Hiller?
Method: hippo
Method profile: multi-step retrieval and reasoning method
Task type: compare two named individuals by birth date
Answer type: comparison_result
Reasoning profile: hop_count=2; multi_hop=true; comparison=true; temporal=true; aggregation=false; entity_linking=true; relation_chaining=false; disambiguation=true
Method selection signals: entity linking for two distinct persons; biographical date retrieval; chronological comparison","Question: Who was born first, Sarah Jacobson or Arthur Hiller?
Method: dalk
Method profile: retrieval-based QA method
Task type: compare two named individuals by birth date
Answer type: comparison_result
Reasoning profile: hop_count=2; multi_hop=true; comparison=true; temporal=true; aggregation=false; entity_linking=true; relation_chaining=false; disambiguation=true
Method selection signals: entity linking for two distinct persons; biographical date retrieval; chronological comparison",0.5714285714,0.1052631579,1,"[""hippo""]",1,False
84,"Who was born first, Sarah Jacobson or Arthur Hiller?",gr,hippo,"Question: Who was born first, Sarah Jacobson or Arthur Hiller?
Method: gr
Method profile: graph reasoning oriented method
Task type: compare two named individuals by birth date
Answer type: comparison_result
Reasoning profile: hop_count=2; multi_hop=true; comparison=true; temporal=true; aggregation=false; entity_linking=true; relation_chaining=false; disambiguation=true
Method selection signals: entity linking for two distinct persons; biographical date retrieval; chronological comparison","Question: Who was born first, Sarah Jacobson or Arthur Hiller?
Method: hippo
Method profile: multi-step retrieval and reasoning method
Task type: compare two named individuals by birth date
Answer type: comparison_result
Reasoning profile: hop_count=2; multi_hop=true; comparison=true; temporal=true; aggregation=false; entity_linking=true; relation_chaining=false; disambiguation=true
Method selection signals: entity linking for two distinct persons; biographical date retrieval; chronological comparison",0.1052631579,0.5714285714,0,"[""hippo""]",1,False
84,"Who was born first, Sarah Jacobson or Arthur Hiller?",lgraph,hippo,"Question: Who was born first, Sarah Jacobson or Arthur Hiller?
Method: lgraph
Method profile: graph-centric reasoning and linking method
Task type: compare two named individuals by birth date
Answer type: comparison_result
Reasoning profile: hop_count=2; multi_hop=true; comparison=true; temporal=true; aggregation=false; entity_linking=true; relation_chaining=false; disambiguation=true
Method selection signals: entity linking for two distinct persons; biographical date retrieval; chronological comparison","Question: Who was born first, Sarah Jacobson or Arthur Hiller?
Method: hippo
Method profile: multi-step retrieval and reasoning method
Task type: compare two named individuals by birth date
Answer type: comparison_result
Reasoning profile: hop_count=2; multi_hop=true; comparison=true; temporal=true; aggregation=false; entity_linking=true; relation_chaining=false; disambiguation=true
Method selection signals: entity linking for two distinct persons; biographical date retrieval; chronological comparison",0.0,0.5714285714,0,"[""hippo""]",1,False
84,"Who was born first, Sarah Jacobson or Arthur Hiller?",hippo,light,"Question: Who was born first, Sarah Jacobson or Arthur Hiller?
Method: hippo
Method profile: multi-step retrieval and reasoning method
Task type: compare two named individuals by birth date
Answer type: comparison_result
Reasoning profile: hop_count=2; multi_hop=true; comparison=true; temporal=true; aggregation=false; entity_linking=true; relation_chaining=false; disambiguation=true
Method selection signals: entity linking for two distinct persons; biographical date retrieval; chronological comparison","Question: Who was born first, Sarah Jacobson or Arthur Hiller?
Method: light
Method profile: lightweight retrieval and reasoning method
Task type: compare two named individuals by birth date
Answer type: comparison_result
Reasoning profile: hop_count=2; multi_hop=true; comparison=true; temporal=true; aggregation=false; entity_linking=true; relation_chaining=false; disambiguation=true
Method selection signals: entity linking for two distinct persons; biographical date retrieval; chronological comparison",0.5714285714,0.1666666667,1,"[""hippo""]",1,False
84,"Who was born first, Sarah Jacobson or Arthur Hiller?",qagn,hippo,"Question: Who was born first, Sarah Jacobson or Arthur Hiller?
Method: qagn
Method profile: question answering with graph/navigation signals
Task type: compare two named individuals by birth date
Answer type: comparison_result
Reasoning profile: hop_count=2; multi_hop=true; comparison=true; temporal=true; aggregation=false; entity_linking=true; relation_chaining=false; disambiguation=true
Method selection signals: entity linking for two distinct persons; biographical date retrieval; chronological comparison","Question: Who was born first, Sarah Jacobson or Arthur Hiller?
Method: hippo
Method profile: multi-step retrieval and reasoning method
Task type: compare two named individuals by birth date
Answer type: comparison_result
Reasoning profile: hop_count=2; multi_hop=true; comparison=true; temporal=true; aggregation=false; entity_linking=true; relation_chaining=false; disambiguation=true
Method selection signals: entity linking for two distinct persons; biographical date retrieval; chronological comparison",0.1666666667,0.5714285714,0,"[""hippo""]",1,False
86,"What singer-songwriter from Derry appeared on Paul van Dyk's 2012 album, Evolution?",dalk,light,"Question: What singer-songwriter from Derry appeared on Paul van Dyk's 2012 album, Evolution?
Method: dalk
Method profile: retrieval-based QA method
Task type: find a person based on collaboration and origin
Answer type: person
Reasoning profile: hop_count=3; multi_hop=true; comparison=false; temporal=true; aggregation=false; entity_linking=true; relation_chaining=true; disambiguation=true
Method selection signals: multi-hop entity retrieval; biographical filtering; album credit lookup; geographic origin verification","Question: What singer-songwriter from Derry appeared on Paul van Dyk's 2012 album, Evolution?
Method: light
Method profile: lightweight retrieval and reasoning method
Task type: find a person based on collaboration and origin
Answer type: person
Reasoning profile: hop_count=3; multi_hop=true; comparison=false; temporal=true; aggregation=false; entity_linking=true; relation_chaining=true; disambiguation=true
Method selection signals: multi-hop entity retrieval; biographical filtering; album credit lookup; geographic origin verification",0.0,0.3333333333,0,"[""light""]",1,False
86,"What singer-songwriter from Derry appeared on Paul van Dyk's 2012 album, Evolution?",light,gr,"Question: What singer-songwriter from Derry appeared on Paul van Dyk's 2012 album, Evolution?
Method: light
Method profile: lightweight retrieval and reasoning method
Task type: find a person based on collaboration and origin
Answer type: person
Reasoning profile: hop_count=3; multi_hop=true; comparison=false; temporal=true; aggregation=false; entity_linking=true; relation_chaining=true; disambiguation=true
Method selection signals: multi-hop entity retrieval; biographical filtering; album credit lookup; geographic origin verification","Question: What singer-songwriter from Derry appeared on Paul van Dyk's 2012 album, Evolution?
Method: gr
Method profile: graph reasoning oriented method
Task type: find a person based on collaboration and origin
Answer type: person
Reasoning profile: hop_count=3; multi_hop=true; comparison=false; temporal=true; aggregation=false; entity_linking=true; relation_chaining=true; disambiguation=true
Method selection signals: multi-hop entity retrieval; biographical filtering; album credit lookup; geographic origin verification",0.3333333333,0.0,1,"[""light""]",1,False
86,"What singer-songwriter from Derry appeared on Paul van Dyk's 2012 album, Evolution?",light,hippo,"Question: What singer-songwriter from Derry appeared on Paul van Dyk's 2012 album, Evolution?
Method: light
Method profile: lightweight retrieval and reasoning method
Task type: find a person based on collaboration and origin
Answer type: person
Reasoning profile: hop_count=3; multi_hop=true; comparison=false; temporal=true; aggregation=false; entity_linking=true; relation_chaining=true; disambiguation=true
Method selection signals: multi-hop entity retrieval; biographical filtering; album credit lookup; geographic origin verification","Question: What singer-songwriter from Derry appeared on Paul van Dyk's 2012 album, Evolution?
Method: hippo
Method profile: multi-step retrieval and reasoning method
Task type: find a person based on collaboration and origin
Answer type: person
Reasoning profile: hop_count=3; multi_hop=true; comparison=false; temporal=true; aggregation=false; entity_linking=true; relation_chaining=true; disambiguation=true
Method selection signals: multi-hop entity retrieval; biographical filtering; album credit lookup; geographic origin verification",0.3333333333,0.1428571429,1,"[""light""]",1,False
86,"What singer-songwriter from Derry appeared on Paul van Dyk's 2012 album, Evolution?",light,lgraph,"Question: What singer-songwriter from Derry appeared on Paul van Dyk's 2012 album, Evolution?
Method: light
Method profile: lightweight retrieval and reasoning method
Task type: find a person based on collaboration and origin
Answer type: person
Reasoning profile: hop_count=3; multi_hop=true; comparison=false; temporal=true; aggregation=false; entity_linking=true; relation_chaining=true; disambiguation=true
Method selection signals: multi-hop entity retrieval; biographical filtering; album credit lookup; geographic origin verification","Question: What singer-songwriter from Derry appeared on Paul van Dyk's 2012 album, Evolution?
Method: lgraph
Method profile: graph-centric reasoning and linking method
Task type: find a person based on collaboration and origin
Answer type: person
Reasoning profile: hop_count=3; multi_hop=true; comparison=false; temporal=true; aggregation=false; entity_linking=true; relation_chaining=true; disambiguation=true
Method selection signals: multi-hop entity retrieval; biographical filtering; album credit lookup; geographic origin verification",0.3333333333,0.0,1,"[""light""]",1,False
86,"What singer-songwriter from Derry appeared on Paul van Dyk's 2012 album, Evolution?",qagn,light,"Question: What singer-songwriter from Derry appeared on Paul van Dyk's 2012 album, Evolution?
Method: qagn
Method profile: question answering with graph/navigation signals
Task type: find a person based on collaboration and origin
Answer type: person
Reasoning profile: hop_count=3; multi_hop=true; comparison=false; temporal=true; aggregation=false; entity_linking=true; relation_chaining=true; disambiguation=true
Method selection signals: multi-hop entity retrieval; biographical filtering; album credit lookup; geographic origin verification","Question: What singer-songwriter from Derry appeared on Paul van Dyk's 2012 album, Evolution?
Method: light
Method profile: lightweight retrieval and reasoning method
Task type: find a person based on collaboration and origin
Answer type: person
Reasoning profile: hop_count=3; multi_hop=true; comparison=false; temporal=true; aggregation=false; entity_linking=true; relation_chaining=true; disambiguation=true
Method selection signals: multi-hop entity retrieval; biographical filtering; album credit lookup; geographic origin verification",0.0,0.3333333333,0,"[""light""]",1,False
91,"How long does the lower level degree program, offered at Helene Fuld College of Nursing, typically last?",gr,dalk,"Question: How long does the lower level degree program, offered at Helene Fuld College of Nursing, typically last?
Method: gr
Method profile: graph reasoning oriented method
Task type: find the duration of a specific academic program at a named institution
Answer type: other
Reasoning profile: hop_count=2; multi_hop=true; comparison=false; temporal=false; aggregation=false; entity_linking=true; relation_chaining=true; disambiguation=true
Method selection signals: entity linking for educational institution; program hierarchy identification; attribute retrieval for program duration; multi-hop reasoning from institution to program attribute","Question: How long does the lower level degree program, offered at Helene Fuld College of Nursing, typically last?
Method: dalk
Method profile: retrieval-based QA method
Task type: find the duration of a specific academic program at a named institution
Answer type: other
Reasoning profile: hop_count=2; multi_hop=true; comparison=false; temporal=false; aggregation=false; entity_linking=true; relation_chaining=true; disambiguation=true
Method selection signals: entity linking for educational institution; program hierarchy identification; attribute retrieval for program duration; multi-hop reasoning from institution to program attribute",0.0,1.0,0,"[""dalk""]",1,False
91,"How long does the lower level degree program, offered at Helene Fuld College of Nursing, typically last?",hippo,dalk,"Question: How long does the lower level degree program, offered at Helene Fuld College of Nursing, typically last?
Method: hippo
Method profile: multi-step retrieval and reasoning method
Task type: find the duration of a specific academic program at a named institution
Answer type: other
Reasoning profile: hop_count=2; multi_hop=true; comparison=false; temporal=false; aggregation=false; entity_linking=true; relation_chaining=true; disambiguation=true
Method selection signals: entity linking for educational institution; program hierarchy identification; attribute retrieval for program duration; multi-hop reasoning from institution to program attribute","Question: How long does the lower level degree program, offered at Helene Fuld College of Nursing, typically last?
Method: dalk
Method profile: retrieval-based QA method
Task type: find the duration of a specific academic program at a named institution
Answer type: other
Reasoning profile: hop_count=2; multi_hop=true; comparison=false; temporal=false; aggregation=false; entity_linking=true; relation_chaining=true; disambiguation=true
Method selection signals: entity linking for educational institution; program hierarchy identification; attribute retrieval for program duration; multi-hop reasoning from institution to program attribute",0.2666666667,1.0,0,"[""dalk""]",1,False
91,"How long does the lower level degree program, offered at Helene Fuld College of Nursing, typically last?",lgraph,dalk,"Question: How long does the lower level degree program, offered at Helene Fuld College of Nursing, typically last?
Method: lgraph
Method profile: graph-centric reasoning and linking method
Task type: find the duration of a specific academic program at a named institution
Answer type: other
Reasoning profile: hop_count=2; multi_hop=true; comparison=false; temporal=false; aggregation=false; entity_linking=true; relation_chaining=true; disambiguation=true
Method selection signals: entity linking for educational institution; program hierarchy identification; attribute retrieval for program duration; multi-hop reasoning from institution to program attribute","Question: How long does the lower level degree program, offered at Helene Fuld College of Nursing, typically last?
Method: dalk
Method profile: retrieval-based QA method
Task type: find the duration of a specific academic program at a named institution
Answer type: other
Reasoning profile: hop_count=2; multi_hop=true; comparison=false; temporal=false; aggregation=false; entity_linking=true; relation_chaining=true; disambiguation=true
Method selection signals: entity linking for educational institution; program hierarchy identification; attribute retrieval for program duration; multi-hop reasoning from institution to program attribute",0.0,1.0,0,"[""dalk""]",1,False
91,"How long does the lower level degree program, offered at Helene Fuld College of Nursing, typically last?",light,dalk,"Question: How long does the lower level degree program, offered at Helene Fuld College of Nursing, typically last?
Method: light
Method profile: lightweight retrieval and reasoning method
Task type: find the duration of a specific academic program at a named institution
Answer type: other
Reasoning profile: hop_count=2; multi_hop=true; comparison=false; temporal=false; aggregation=false; entity_linking=true; relation_chaining=true; disambiguation=true
Method selection signals: entity linking for educational institution; program hierarchy identification; attribute retrieval for program duration; multi-hop reasoning from institution to program attribute","Question: How long does the lower level degree program, offered at Helene Fuld College of Nursing, typically last?
Method: dalk
Method profile: retrieval-based QA method
Task type: find the duration of a specific academic program at a named institution
Answer type: other
Reasoning profile: hop_count=2; multi_hop=true; comparison=false; temporal=false; aggregation=false; entity_linking=true; relation_chaining=true; disambiguation=true
Method selection signals: entity linking for educational institution; program hierarchy identification; attribute retrieval for program duration; multi-hop reasoning from institution to program attribute",0.0,1.0,0,"[""dalk""]",1,False
91,"How long does the lower level degree program, offered at Helene Fuld College of Nursing, typically last?",dalk,qagn,"Question: How long does the lower level degree program, offered at Helene Fuld College of Nursing, typically last?
Method: dalk
Method profile: retrieval-based QA method
Task type: find the duration of a specific academic program at a named institution
Answer type: other
Reasoning profile: hop_count=2; multi_hop=true; comparison=false; temporal=false; aggregation=false; entity_linking=true; relation_chaining=true; disambiguation=true
Method selection signals: entity linking for educational institution; program hierarchy identification; attribute retrieval for program duration; multi-hop reasoning from institution to program attribute","Question: How long does the lower level degree program, offered at Helene Fuld College of Nursing, typically last?
Method: qagn
Method profile: question answering with graph/navigation signals
Task type: find the duration of a specific academic program at a named institution
Answer type: other
Reasoning profile: hop_count=2; multi_hop=true; comparison=false; temporal=false; aggregation=false; entity_linking=true; relation_chaining=true; disambiguation=true
Method selection signals: entity linking for educational institution; program hierarchy identification; attribute retrieval for program duration; multi-hop reasoning from institution to program attribute",1.0,0.0,1,"[""dalk""]",1,False
92,What year did a blacklisted screenwriter share an Academy Award with Michael Kanin?,hippo,dalk,"Question: What year did a blacklisted screenwriter share an Academy Award with Michael Kanin?
Method: hippo
Method profile: multi-step retrieval and reasoning method
Task type: find the year of an award shared between a known person and an unidentified blacklisted screenwriter
Answer type: year
Reasoning profile: hop_count=3; multi_hop=true; comparison=false; temporal=true; aggregation=false; entity_linking=true; relation_chaining=true; disambiguation=true
Method selection signals: multi-hop reasoning involving person-award relationships; attribute filtering based on historical political status; temporal extraction from award records; entity identification for Hollywood history","Question: What year did a blacklisted screenwriter share an Academy Award with Michael Kanin?
Method: dalk
Method profile: retrieval-based QA method
Task type: find the year of an award shared between a known person and an unidentified blacklisted screenwriter
Answer type: year
Reasoning profile: hop_count=3; multi_hop=true; comparison=false; temporal=true; aggregation=false; entity_linking=true; relation_chaining=true; disambiguation=true
Method selection signals: multi-hop reasoning involving person-award relationships; attribute filtering based on historical political status; temporal extraction from award records; entity identification for Hollywood history",1.0,0.0,1,"[""hippo"", ""lgraph"", ""light"", ""qagn""]",4,True
92,What year did a blacklisted screenwriter share an Academy Award with Michael Kanin?,hippo,gr,"Question: What year did a blacklisted screenwriter share an Academy Award with Michael Kanin?
Method: hippo
Method profile: multi-step retrieval and reasoning method
Task type: find the year of an award shared between a known person and an unidentified blacklisted screenwriter
Answer type: year
Reasoning profile: hop_count=3; multi_hop=true; comparison=false; temporal=true; aggregation=false; entity_linking=true; relation_chaining=true; disambiguation=true
Method selection signals: multi-hop reasoning involving person-award relationships; attribute filtering based on historical political status; temporal extraction from award records; entity identification for Hollywood history","Question: What year did a blacklisted screenwriter share an Academy Award with Michael Kanin?
Method: gr
Method profile: graph reasoning oriented method
Task type: find the year of an award shared between a known person and an unidentified blacklisted screenwriter
Answer type: year
Reasoning profile: hop_count=3; multi_hop=true; comparison=false; temporal=true; aggregation=false; entity_linking=true; relation_chaining=true; disambiguation=true
Method selection signals: multi-hop reasoning involving person-award relationships; attribute filtering based on historical political status; temporal extraction from award records; entity identification for Hollywood history",1.0,0.0,1,"[""hippo"", ""lgraph"", ""light"", ""qagn""]",4,True
92,What year did a blacklisted screenwriter share an Academy Award with Michael Kanin?,dalk,lgraph,"Question: What year did a blacklisted screenwriter share an Academy Award with Michael Kanin?
Method: dalk
Method profile: retrieval-based QA method
Task type: find the year of an award shared between a known person and an unidentified blacklisted screenwriter
Answer type: year
Reasoning profile: hop_count=3; multi_hop=true; comparison=false; temporal=true; aggregation=false; entity_linking=true; relation_chaining=true; disambiguation=true
Method selection signals: multi-hop reasoning involving person-award relationships; attribute filtering based on historical political status; temporal extraction from award records; entity identification for Hollywood history","Question: What year did a blacklisted screenwriter share an Academy Award with Michael Kanin?
Method: lgraph
Method profile: graph-centric reasoning and linking method
Task type: find the year of an award shared between a known person and an unidentified blacklisted screenwriter
Answer type: year
Reasoning profile: hop_count=3; multi_hop=true; comparison=false; temporal=true; aggregation=false; entity_linking=true; relation_chaining=true; disambiguation=true
Method selection signals: multi-hop reasoning involving person-award relationships; attribute filtering based on historical political status; temporal extraction from award records; entity identification for Hollywood history",0.0,1.0,0,"[""hippo"", ""lgraph"", ""light"", ""qagn""]",4,True
92,What year did a blacklisted screenwriter share an Academy Award with Michael Kanin?,gr,lgraph,"Question: What year did a blacklisted screenwriter share an Academy Award with Michael Kanin?
Method: gr
Method profile: graph reasoning oriented method
Task type: find the year of an award shared between a known person and an unidentified blacklisted screenwriter
Answer type: year
Reasoning profile: hop_count=3; multi_hop=true; comparison=false; temporal=true; aggregation=false; entity_linking=true; relation_chaining=true; disambiguation=true
Method selection signals: multi-hop reasoning involving person-award relationships; attribute filtering based on historical political status; temporal extraction from award records; entity identification for Hollywood history","Question: What year did a blacklisted screenwriter share an Academy Award with Michael Kanin?
Method: lgraph
Method profile: graph-centric reasoning and linking method
Task type: find the year of an award shared between a known person and an unidentified blacklisted screenwriter
Answer type: year
Reasoning profile: hop_count=3; multi_hop=true; comparison=false; temporal=true; aggregation=false; entity_linking=true; relation_chaining=true; disambiguation=true
Method selection signals: multi-hop reasoning involving person-award relationships; attribute filtering based on historical political status; temporal extraction from award records; entity identification for Hollywood history",0.0,1.0,0,"[""hippo"", ""lgraph"", ""light"", ""qagn""]",4,True
92,What year did a blacklisted screenwriter share an Academy Award with Michael Kanin?,dalk,light,"Question: What year did a blacklisted screenwriter share an Academy Award with Michael Kanin?
Method: dalk
Method profile: retrieval-based QA method
Task type: find the year of an award shared between a known person and an unidentified blacklisted screenwriter
Answer type: year
Reasoning profile: hop_count=3; multi_hop=true; comparison=false; temporal=true; aggregation=false; entity_linking=true; relation_chaining=true; disambiguation=true
Method selection signals: multi-hop reasoning involving person-award relationships; attribute filtering based on historical political status; temporal extraction from award records; entity identification for Hollywood history","Question: What year did a blacklisted screenwriter share an Academy Award with Michael Kanin?
Method: light
Method profile: lightweight retrieval and reasoning method
Task type: find the year of an award shared between a known person and an unidentified blacklisted screenwriter
Answer type: year
Reasoning profile: hop_count=3; multi_hop=true; comparison=false; temporal=true; aggregation=false; entity_linking=true; relation_chaining=true; disambiguation=true
Method selection signals: multi-hop reasoning involving person-award relationships; attribute filtering based on historical political status; temporal extraction from award records; entity identification for Hollywood history",0.0,1.0,0,"[""hippo"", ""lgraph"", ""light"", ""qagn""]",4,True
92,What year did a blacklisted screenwriter share an Academy Award with Michael Kanin?,gr,light,"Question: What year did a blacklisted screenwriter share an Academy Award with Michael Kanin?
Method: gr
Method profile: graph reasoning oriented method
Task type: find the year of an award shared between a known person and an unidentified blacklisted screenwriter
Answer type: year
Reasoning profile: hop_count=3; multi_hop=true; comparison=false; temporal=true; aggregation=false; entity_linking=true; relation_chaining=true; disambiguation=true
Method selection signals: multi-hop reasoning involving person-award relationships; attribute filtering based on historical political status; temporal extraction from award records; entity identification for Hollywood history","Question: What year did a blacklisted screenwriter share an Academy Award with Michael Kanin?
Method: light
Method profile: lightweight retrieval and reasoning method
Task type: find the year of an award shared between a known person and an unidentified blacklisted screenwriter
Answer type: year
Reasoning profile: hop_count=3; multi_hop=true; comparison=false; temporal=true; aggregation=false; entity_linking=true; relation_chaining=true; disambiguation=true
Method selection signals: multi-hop reasoning involving person-award relationships; attribute filtering based on historical political status; temporal extraction from award records; entity identification for Hollywood history",0.0,1.0,0,"[""hippo"", ""lgraph"", ""light"", ""qagn""]",4,True
92,What year did a blacklisted screenwriter share an Academy Award with Michael Kanin?,qagn,dalk,"Question: What year did a blacklisted screenwriter share an Academy Award with Michael Kanin?
Method: qagn
Method profile: question answering with graph/navigation signals
Task type: find the year of an award shared between a known person and an unidentified blacklisted screenwriter
Answer type: year
Reasoning profile: hop_count=3; multi_hop=true; comparison=false; temporal=true; aggregation=false; entity_linking=true; relation_chaining=true; disambiguation=true
Method selection signals: multi-hop reasoning involving person-award relationships; attribute filtering based on historical political status; temporal extraction from award records; entity identification for Hollywood history","Question: What year did a blacklisted screenwriter share an Academy Award with Michael Kanin?
Method: dalk
Method profile: retrieval-based QA method
Task type: find the year of an award shared between a known person and an unidentified blacklisted screenwriter
Answer type: year
Reasoning profile: hop_count=3; multi_hop=true; comparison=false; temporal=true; aggregation=false; entity_linking=true; relation_chaining=true; disambiguation=true
Method selection signals: multi-hop reasoning involving person-award relationships; attribute filtering based on historical political status; temporal extraction from award records; entity identification for Hollywood history",1.0,0.0,1,"[""hippo"", ""lgraph"", ""light"", ""qagn""]",4,True
92,What year did a blacklisted screenwriter share an Academy Award with Michael Kanin?,qagn,gr,"Question: What year did a blacklisted screenwriter share an Academy Award with Michael Kanin?
Method: qagn
Method profile: question answering with graph/navigation signals
Task type: find the year of an award shared between a known person and an unidentified blacklisted screenwriter
Answer type: year
Reasoning profile: hop_count=3; multi_hop=true; comparison=false; temporal=true; aggregation=false; entity_linking=true; relation_chaining=true; disambiguation=true
Method selection signals: multi-hop reasoning involving person-award relationships; attribute filtering based on historical political status; temporal extraction from award records; entity identification for Hollywood history","Question: What year did a blacklisted screenwriter share an Academy Award with Michael Kanin?
Method: gr
Method profile: graph reasoning oriented method
Task type: find the year of an award shared between a known person and an unidentified blacklisted screenwriter
Answer type: year
Reasoning profile: hop_count=3; multi_hop=true; comparison=false; temporal=true; aggregation=false; entity_linking=true; relation_chaining=true; disambiguation=true
Method selection signals: multi-hop reasoning involving person-award relationships; attribute filtering based on historical political status; temporal extraction from award records; entity identification for Hollywood history",1.0,0.0,1,"[""hippo"", ""lgraph"", ""light"", ""qagn""]",4,True
93,The Environment Act 1995 passed under the tutelage of a politician associated with what political party?,dalk,gr,"Question: The Environment Act 1995 passed under the tutelage of a politician associated with what political party?
Method: dalk
Method profile: retrieval-based QA method
Task type: find the political party of the politician responsible for a specific legislative act
Answer type: organization
Reasoning profile: hop_count=2; multi_hop=true; comparison=false; temporal=false; aggregation=false; entity_linking=true; relation_chaining=true; disambiguation=true
Method selection signals: legislative act lookup; politician identification from legislative history; political party affiliation retrieval; two-hop relation chaining","Question: The Environment Act 1995 passed under the tutelage of a politician associated with what political party?
Method: gr
Method profile: graph reasoning oriented method
Task type: find the political party of the politician responsible for a specific legislative act
Answer type: organization
Reasoning profile: hop_count=2; multi_hop=true; comparison=false; temporal=false; aggregation=false; entity_linking=true; relation_chaining=true; disambiguation=true
Method selection signals: legislative act lookup; politician identification from legislative history; political party affiliation retrieval; two-hop relation chaining",0.8,0.0869565217,1,"[""dalk"", ""hippo"", ""qagn""]",3,True
93,The Environment Act 1995 passed under the tutelage of a politician associated with what political party?,lgraph,dalk,"Question: The Environment Act 1995 passed under the tutelage of a politician associated with what political party?
Method: lgraph
Method profile: graph-centric reasoning and linking method
Task type: find the political party of the politician responsible for a specific legislative act
Answer type: organization
Reasoning profile: hop_count=2; multi_hop=true; comparison=false; temporal=false; aggregation=false; entity_linking=true; relation_chaining=true; disambiguation=true
Method selection signals: legislative act lookup; politician identification from legislative history; political party affiliation retrieval; two-hop relation chaining","Question: The Environment Act 1995 passed under the tutelage of a politician associated with what political party?
Method: dalk
Method profile: retrieval-based QA method
Task type: find the political party of the politician responsible for a specific legislative act
Answer type: organization
Reasoning profile: hop_count=2; multi_hop=true; comparison=false; temporal=false; aggregation=false; entity_linking=true; relation_chaining=true; disambiguation=true
Method selection signals: legislative act lookup; politician identification from legislative history; political party affiliation retrieval; two-hop relation chaining",0.2222222222,0.8,0,"[""dalk"", ""hippo"", ""qagn""]",3,True
93,The Environment Act 1995 passed under the tutelage of a politician associated with what political party?,light,dalk,"Question: The Environment Act 1995 passed under the tutelage of a politician associated with what political party?
Method: light
Method profile: lightweight retrieval and reasoning method
Task type: find the political party of the politician responsible for a specific legislative act
Answer type: organization
Reasoning profile: hop_count=2; multi_hop=true; comparison=false; temporal=false; aggregation=false; entity_linking=true; relation_chaining=true; disambiguation=true
Method selection signals: legislative act lookup; politician identification from legislative history; political party affiliation retrieval; two-hop relation chaining","Question: The Environment Act 1995 passed under the tutelage of a politician associated with what political party?
Method: dalk
Method profile: retrieval-based QA method
Task type: find the political party of the politician responsible for a specific legislative act
Answer type: organization
Reasoning profile: hop_count=2; multi_hop=true; comparison=false; temporal=false; aggregation=false; entity_linking=true; relation_chaining=true; disambiguation=true
Method selection signals: legislative act lookup; politician identification from legislative history; political party affiliation retrieval; two-hop relation chaining",0.1666666667,0.8,0,"[""dalk"", ""hippo"", ""qagn""]",3,True
93,The Environment Act 1995 passed under the tutelage of a politician associated with what political party?,hippo,gr,"Question: The Environment Act 1995 passed under the tutelage of a politician associated with what political party?
Method: hippo
Method profile: multi-step retrieval and reasoning method
Task type: find the political party of the politician responsible for a specific legislative act
Answer type: organization
Reasoning profile: hop_count=2; multi_hop=true; comparison=false; temporal=false; aggregation=false; entity_linking=true; relation_chaining=true; disambiguation=true
Method selection signals: legislative act lookup; politician identification from legislative history; political party affiliation retrieval; two-hop relation chaining","Question: The Environment Act 1995 passed under the tutelage of a politician associated with what political party?
Method: gr
Method profile: graph reasoning oriented method
Task type: find the political party of the politician responsible for a specific legislative act
Answer type: organization
Reasoning profile: hop_count=2; multi_hop=true; comparison=false; temporal=false; aggregation=false; entity_linking=true; relation_chaining=true; disambiguation=true
Method selection signals: legislative act lookup; politician identification from legislative history; political party affiliation retrieval; two-hop relation chaining",0.8,0.0869565217,1,"[""dalk"", ""hippo"", ""qagn""]",3,True
93,The Environment Act 1995 passed under the tutelage of a politician associated with what political party?,lgraph,hippo,"Question: The Environment Act 1995 passed under the tutelage of a politician associated with what political party?
Method: lgraph
Method profile: graph-centric reasoning and linking method
Task type: find the political party of the politician responsible for a specific legislative act
Answer type: organization
Reasoning profile: hop_count=2; multi_hop=true; comparison=false; temporal=false; aggregation=false; entity_linking=true; relation_chaining=true; disambiguation=true
Method selection signals: legislative act lookup; politician identification from legislative history; political party affiliation retrieval; two-hop relation chaining","Question: The Environment Act 1995 passed under the tutelage of a politician associated with what political party?
Method: hippo
Method profile: multi-step retrieval and reasoning method
Task type: find the political party of the politician responsible for a specific legislative act
Answer type: organization
Reasoning profile: hop_count=2; multi_hop=true; comparison=false; temporal=false; aggregation=false; entity_linking=true; relation_chaining=true; disambiguation=true
Method selection signals: legislative act lookup; politician identification from legislative history; political party affiliation retrieval; two-hop relation chaining",0.2222222222,0.8,0,"[""dalk"", ""hippo"", ""qagn""]",3,True
93,The Environment Act 1995 passed under the tutelage of a politician associated with what political party?,hippo,light,"Question: The Environment Act 1995 passed under the tutelage of a politician associated with what political party?
Method: hippo
Method profile: multi-step retrieval and reasoning method
Task type: find the political party of the politician responsible for a specific legislative act
Answer type: organization
Reasoning profile: hop_count=2; multi_hop=true; comparison=false; temporal=false; aggregation=false; entity_linking=true; relation_chaining=true; disambiguation=true
Method selection signals: legislative act lookup; politician identification from legislative history; political party affiliation retrieval; two-hop relation chaining","Question: The Environment Act 1995 passed under the tutelage of a politician associated with what political party?
Method: light
Method profile: lightweight retrieval and reasoning method
Task type: find the political party of the politician responsible for a specific legislative act
Answer type: organization
Reasoning profile: hop_count=2; multi_hop=true; comparison=false; temporal=false; aggregation=false; entity_linking=true; relation_chaining=true; disambiguation=true
Method selection signals: legislative act lookup; politician identification from legislative history; political party affiliation retrieval; two-hop relation chaining",0.8,0.1666666667,1,"[""dalk"", ""hippo"", ""qagn""]",3,True
93,The Environment Act 1995 passed under the tutelage of a politician associated with what political party?,gr,qagn,"Question: The Environment Act 1995 passed under the tutelage of a politician associated with what political party?
Method: gr
Method profile: graph reasoning oriented method
Task type: find the political party of the politician responsible for a specific legislative act
Answer type: organization
Reasoning profile: hop_count=2; multi_hop=true; comparison=false; temporal=false; aggregation=false; entity_linking=true; relation_chaining=true; disambiguation=true
Method selection signals: legislative act lookup; politician identification from legislative history; political party affiliation retrieval; two-hop relation chaining","Question: The Environment Act 1995 passed under the tutelage of a politician associated with what political party?
Method: qagn
Method profile: question answering with graph/navigation signals
Task type: find the political party of the politician responsible for a specific legislative act
Answer type: organization
Reasoning profile: hop_count=2; multi_hop=true; comparison=false; temporal=false; aggregation=false; entity_linking=true; relation_chaining=true; disambiguation=true
Method selection signals: legislative act lookup; politician identification from legislative history; political party affiliation retrieval; two-hop relation chaining",0.0869565217,0.8,0,"[""dalk"", ""hippo"", ""qagn""]",3,True
93,The Environment Act 1995 passed under the tutelage of a politician associated with what political party?,lgraph,qagn,"Question: The Environment Act 1995 passed under the tutelage of a politician associated with what political party?
Method: lgraph
Method profile: graph-centric reasoning and linking method
Task type: find the political party of the politician responsible for a specific legislative act
Answer type: organization
Reasoning profile: hop_count=2; multi_hop=true; comparison=false; temporal=false; aggregation=false; entity_linking=true; relation_chaining=true; disambiguation=true
Method selection signals: legislative act lookup; politician identification from legislative history; political party affiliation retrieval; two-hop relation chaining","Question: The Environment Act 1995 passed under the tutelage of a politician associated with what political party?
Method: qagn
Method profile: question answering with graph/navigation signals
Task type: find the political party of the politician responsible for a specific legislative act
Answer type: organization
Reasoning profile: hop_count=2; multi_hop=true; comparison=false; temporal=false; aggregation=false; entity_linking=true; relation_chaining=true; disambiguation=true
Method selection signals: legislative act lookup; politician identification from legislative history; political party affiliation retrieval; two-hop relation chaining",0.2222222222,0.8,0,"[""dalk"", ""hippo"", ""qagn""]",3,True
93,The Environment Act 1995 passed under the tutelage of a politician associated with what political party?,light,qagn,"Question: The Environment Act 1995 passed under the tutelage of a politician associated with what political party?
Method: light
Method profile: lightweight retrieval and reasoning method
Task type: find the political party of the politician responsible for a specific legislative act
Answer type: organization
Reasoning profile: hop_count=2; multi_hop=true; comparison=false; temporal=false; aggregation=false; entity_linking=true; relation_chaining=true; disambiguation=true
Method selection signals: legislative act lookup; politician identification from legislative history; political party affiliation retrieval; two-hop relation chaining","Question: The Environment Act 1995 passed under the tutelage of a politician associated with what political party?
Method: qagn
Method profile: question answering with graph/navigation signals
Task type: find the political party of the politician responsible for a specific legislative act
Answer type: organization
Reasoning profile: hop_count=2; multi_hop=true; comparison=false; temporal=false; aggregation=false; entity_linking=true; relation_chaining=true; disambiguation=true
Method selection signals: legislative act lookup; politician identification from legislative history; political party affiliation retrieval; two-hop relation chaining",0.1666666667,0.8,0,"[""dalk"", ""hippo"", ""qagn""]",3,True
95,What is the sister city of the city in which Benjamin Abram Bernstein was born?,dalk,qagn,"Question: What is the sister city of the city in which Benjamin Abram Bernstein was born?
Method: dalk
Method profile: retrieval-based QA method
Task type: find the sister city of a person's birthplace
Answer type: location
Reasoning profile: hop_count=2; multi_hop=true; comparison=false; temporal=false; aggregation=false; entity_linking=true; relation_chaining=true; disambiguation=true
Method selection signals: entity linking for specific person name; biographical fact retrieval; geographical relation lookup; two-hop reasoning chain","Question: What is the sister city of the city in which Benjamin Abram Bernstein was born?
Method: qagn
Method profile: question answering with graph/navigation signals
Task type: find the sister city of a person's birthplace
Answer type: location
Reasoning profile: hop_count=2; multi_hop=true; comparison=false; temporal=false; aggregation=false; entity_linking=true; relation_chaining=true; disambiguation=true
Method selection signals: entity linking for specific person name; biographical fact retrieval; geographical relation lookup; two-hop reasoning chain",0.1,0.1111111111,0,"[""qagn""]",1,False
95,What is the sister city of the city in which Benjamin Abram Bernstein was born?,gr,qagn,"Question: What is the sister city of the city in which Benjamin Abram Bernstein was born?
Method: gr
Method profile: graph reasoning oriented method
Task type: find the sister city of a person's birthplace
Answer type: location
Reasoning profile: hop_count=2; multi_hop=true; comparison=false; temporal=false; aggregation=false; entity_linking=true; relation_chaining=true; disambiguation=true
Method selection signals: entity linking for specific person name; biographical fact retrieval; geographical relation lookup; two-hop reasoning chain","Question: What is the sister city of the city in which Benjamin Abram Bernstein was born?
Method: qagn
Method profile: question answering with graph/navigation signals
Task type: find the sister city of a person's birthplace
Answer type: location
Reasoning profile: hop_count=2; multi_hop=true; comparison=false; temporal=false; aggregation=false; entity_linking=true; relation_chaining=true; disambiguation=true
Method selection signals: entity linking for specific person name; biographical fact retrieval; geographical relation lookup; two-hop reasoning chain",0.0,0.1111111111,0,"[""qagn""]",1,False
95,What is the sister city of the city in which Benjamin Abram Bernstein was born?,qagn,hippo,"Question: What is the sister city of the city in which Benjamin Abram Bernstein was born?
Method: qagn
Method profile: question answering with graph/navigation signals
Task type: find the sister city of a person's birthplace
Answer type: location
Reasoning profile: hop_count=2; multi_hop=true; comparison=false; temporal=false; aggregation=false; entity_linking=true; relation_chaining=true; disambiguation=true
Method selection signals: entity linking for specific person name; biographical fact retrieval; geographical relation lookup; two-hop reasoning chain","Question: What is the sister city of the city in which Benjamin Abram Bernstein was born?
Method: hippo
Method profile: multi-step retrieval and reasoning method
Task type: find the sister city of a person's birthplace
Answer type: location
Reasoning profile: hop_count=2; multi_hop=true; comparison=false; temporal=false; aggregation=false; entity_linking=true; relation_chaining=true; disambiguation=true
Method selection signals: entity linking for specific person name; biographical fact retrieval; geographical relation lookup; two-hop reasoning chain",0.1111111111,0.0,1,"[""qagn""]",1,False
95,What is the sister city of the city in which Benjamin Abram Bernstein was born?,lgraph,qagn,"Question: What is the sister city of the city in which Benjamin Abram Bernstein was born?
Method: lgraph
Method profile: graph-centric reasoning and linking method
Task type: find the sister city of a person's birthplace
Answer type: location
Reasoning profile: hop_count=2; multi_hop=true; comparison=false; temporal=false; aggregation=false; entity_linking=true; relation_chaining=true; disambiguation=true
Method selection signals: entity linking for specific person name; biographical fact retrieval; geographical relation lookup; two-hop reasoning chain","Question: What is the sister city of the city in which Benjamin Abram Bernstein was born?
Method: qagn
Method profile: question answering with graph/navigation signals
Task type: find the sister city of a person's birthplace
Answer type: location
Reasoning profile: hop_count=2; multi_hop=true; comparison=false; temporal=false; aggregation=false; entity_linking=true; relation_chaining=true; disambiguation=true
Method selection signals: entity linking for specific person name; biographical fact retrieval; geographical relation lookup; two-hop reasoning chain",0.1052631579,0.1111111111,0,"[""qagn""]",1,False
95,What is the sister city of the city in which Benjamin Abram Bernstein was born?,qagn,light,"Question: What is the sister city of the city in which Benjamin Abram Bernstein was born?
Method: qagn
Method profile: question answering with graph/navigation signals
Task type: find the sister city of a person's birthplace
Answer type: location
Reasoning profile: hop_count=2; multi_hop=true; comparison=false; temporal=false; aggregation=false; entity_linking=true; relation_chaining=true; disambiguation=true
Method selection signals: entity linking for specific person name; biographical fact retrieval; geographical relation lookup; two-hop reasoning chain","Question: What is the sister city of the city in which Benjamin Abram Bernstein was born?
Method: light
Method profile: lightweight retrieval and reasoning method
Task type: find the sister city of a person's birthplace
Answer type: location
Reasoning profile: hop_count=2; multi_hop=true; comparison=false; temporal=false; aggregation=false; entity_linking=true; relation_chaining=true; disambiguation=true
Method selection signals: entity linking for specific person name; biographical fact retrieval; geographical relation lookup; two-hop reasoning chain",0.1111111111,0.0,1,"[""qagn""]",1,False
96,Was Kanako Momota or Mark Hollis born first?,gr,dalk,"Question: Was Kanako Momota or Mark Hollis born first?
Method: gr
Method profile: graph reasoning oriented method
Task type: compare two individuals by birth date
Answer type: comparison_result
Reasoning profile: hop_count=2; multi_hop=true; comparison=true; temporal=true; aggregation=false; entity_linking=true; relation_chaining=false; disambiguation=true
Method selection signals: entity linking for two specific person names; temporal property retrieval; chronological comparison","Question: Was Kanako Momota or Mark Hollis born first?
Method: dalk
Method profile: retrieval-based QA method
Task type: compare two individuals by birth date
Answer type: comparison_result
Reasoning profile: hop_count=2; multi_hop=true; comparison=true; temporal=true; aggregation=false; entity_linking=true; relation_chaining=false; disambiguation=true
Method selection signals: entity linking for two specific person names; temporal property retrieval; chronological comparison",0.1818181818,0.5,0,"[""dalk""]",1,False
96,Was Kanako Momota or Mark Hollis born first?,hippo,dalk,"Question: Was Kanako Momota or Mark Hollis born first?
Method: hippo
Method profile: multi-step retrieval and reasoning method
Task type: compare two individuals by birth date
Answer type: comparison_result
Reasoning profile: hop_count=2; multi_hop=true; comparison=true; temporal=true; aggregation=false; entity_linking=true; relation_chaining=false; disambiguation=true
Method selection signals: entity linking for two specific person names; temporal property retrieval; chronological comparison","Question: Was Kanako Momota or Mark Hollis born first?
Method: dalk
Method profile: retrieval-based QA method
Task type: compare two individuals by birth date
Answer type: comparison_result
Reasoning profile: hop_count=2; multi_hop=true; comparison=true; temporal=true; aggregation=false; entity_linking=true; relation_chaining=false; disambiguation=true
Method selection signals: entity linking for two specific person names; temporal property retrieval; chronological comparison",0.0,0.5,0,"[""dalk""]",1,False
96,Was Kanako Momota or Mark Hollis born first?,lgraph,dalk,"Question: Was Kanako Momota or Mark Hollis born first?
Method: lgraph
Method profile: graph-centric reasoning and linking method
Task type: compare two individuals by birth date
Answer type: comparison_result
Reasoning profile: hop_count=2; multi_hop=true; comparison=true; temporal=true; aggregation=false; entity_linking=true; relation_chaining=false; disambiguation=true
Method selection signals: entity linking for two specific person names; temporal property retrieval; chronological comparison","Question: Was Kanako Momota or Mark Hollis born first?
Method: dalk
Method profile: retrieval-based QA method
Task type: compare two individuals by birth date
Answer type: comparison_result
Reasoning profile: hop_count=2; multi_hop=true; comparison=true; temporal=true; aggregation=false; entity_linking=true; relation_chaining=false; disambiguation=true
Method selection signals: entity linking for two specific person names; temporal property retrieval; chronological comparison",0.0,0.5,0,"[""dalk""]",1,False
96,Was Kanako Momota or Mark Hollis born first?,light,dalk,"Question: Was Kanako Momota or Mark Hollis born first?
Method: light
Method profile: lightweight retrieval and reasoning method
Task type: compare two individuals by birth date
Answer type: comparison_result
Reasoning profile: hop_count=2; multi_hop=true; comparison=true; temporal=true; aggregation=false; entity_linking=true; relation_chaining=false; disambiguation=true
Method selection signals: entity linking for two specific person names; temporal property retrieval; chronological comparison","Question: Was Kanako Momota or Mark Hollis born first?
Method: dalk
Method profile: retrieval-based QA method
Task type: compare two individuals by birth date
Answer type: comparison_result
Reasoning profile: hop_count=2; multi_hop=true; comparison=true; temporal=true; aggregation=false; entity_linking=true; relation_chaining=false; disambiguation=true
Method selection signals: entity linking for two specific person names; temporal property retrieval; chronological comparison",0.0,0.5,0,"[""dalk""]",1,False
96,Was Kanako Momota or Mark Hollis born first?,dalk,qagn,"Question: Was Kanako Momota or Mark Hollis born first?
Method: dalk
Method profile: retrieval-based QA method
Task type: compare two individuals by birth date
Answer type: comparison_result
Reasoning profile: hop_count=2; multi_hop=true; comparison=true; temporal=true; aggregation=false; entity_linking=true; relation_chaining=false; disambiguation=true
Method selection signals: entity linking for two specific person names; temporal property retrieval; chronological comparison","Question: Was Kanako Momota or Mark Hollis born first?
Method: qagn
Method profile: question answering with graph/navigation signals
Task type: compare two individuals by birth date
Answer type: comparison_result
Reasoning profile: hop_count=2; multi_hop=true; comparison=true; temporal=true; aggregation=false; entity_linking=true; relation_chaining=false; disambiguation=true
Method selection signals: entity linking for two specific person names; temporal property retrieval; chronological comparison",0.5,0.0,1,"[""dalk""]",1,False
97,Toby Kebbell starred in a fantasy action film based on a video game series in 2016 notably set in teh world of what?,dalk,hippo,"Question: Toby Kebbell starred in a fantasy action film based on a video game series in 2016 notably set in teh world of what?
Method: dalk
Method profile: retrieval-based QA method
Task type: find the fictional setting of a film identified by actor, year, and source material
Answer type: location
Reasoning profile: hop_count=2; multi_hop=true; comparison=false; temporal=true; aggregation=false; entity_linking=true; relation_chaining=true; disambiguation=true
Method selection signals: actor filmography filtering; temporal constraint handling; source material verification; fictional setting retrieval","Question: Toby Kebbell starred in a fantasy action film based on a video game series in 2016 notably set in teh world of what?
Method: hippo
Method profile: multi-step retrieval and reasoning method
Task type: find the fictional setting of a film identified by actor, year, and source material
Answer type: location
Reasoning profile: hop_count=2; multi_hop=true; comparison=false; temporal=true; aggregation=false; entity_linking=true; relation_chaining=true; disambiguation=true
Method selection signals: actor filmography filtering; temporal constraint handling; source material verification; fictional setting retrieval",0.0,1.0,0,"[""hippo"", ""lgraph"", ""qagn""]",3,True
97,Toby Kebbell starred in a fantasy action film based on a video game series in 2016 notably set in teh world of what?,hippo,gr,"Question: Toby Kebbell starred in a fantasy action film based on a video game series in 2016 notably set in teh world of what?
Method: hippo
Method profile: multi-step retrieval and reasoning method
Task type: find the fictional setting of a film identified by actor, year, and source material
Answer type: location
Reasoning profile: hop_count=2; multi_hop=true; comparison=false; temporal=true; aggregation=false; entity_linking=true; relation_chaining=true; disambiguation=true
Method selection signals: actor filmography filtering; temporal constraint handling; source material verification; fictional setting retrieval","Question: Toby Kebbell starred in a fantasy action film based on a video game series in 2016 notably set in teh world of what?
Method: gr
Method profile: graph reasoning oriented method
Task type: find the fictional setting of a film identified by actor, year, and source material
Answer type: location
Reasoning profile: hop_count=2; multi_hop=true; comparison=false; temporal=true; aggregation=false; entity_linking=true; relation_chaining=true; disambiguation=true
Method selection signals: actor filmography filtering; temporal constraint handling; source material verification; fictional setting retrieval",1.0,0.0,1,"[""hippo"", ""lgraph"", ""qagn""]",3,True
97,Toby Kebbell starred in a fantasy action film based on a video game series in 2016 notably set in teh world of what?,light,hippo,"Question: Toby Kebbell starred in a fantasy action film based on a video game series in 2016 notably set in teh world of what?
Method: light
Method profile: lightweight retrieval and reasoning method
Task type: find the fictional setting of a film identified by actor, year, and source material
Answer type: location
Reasoning profile: hop_count=2; multi_hop=true; comparison=false; temporal=true; aggregation=false; entity_linking=true; relation_chaining=true; disambiguation=true
Method selection signals: actor filmography filtering; temporal constraint handling; source material verification; fictional setting retrieval","Question: Toby Kebbell starred in a fantasy action film based on a video game series in 2016 notably set in teh world of what?
Method: hippo
Method profile: multi-step retrieval and reasoning method
Task type: find the fictional setting of a film identified by actor, year, and source material
Answer type: location
Reasoning profile: hop_count=2; multi_hop=true; comparison=false; temporal=true; aggregation=false; entity_linking=true; relation_chaining=true; disambiguation=true
Method selection signals: actor filmography filtering; temporal constraint handling; source material verification; fictional setting retrieval",0.0,1.0,0,"[""hippo"", ""lgraph"", ""qagn""]",3,True
97,Toby Kebbell starred in a fantasy action film based on a video game series in 2016 notably set in teh world of what?,dalk,lgraph,"Question: Toby Kebbell starred in a fantasy action film based on a video game series in 2016 notably set in teh world of what?
Method: dalk
Method profile: retrieval-based QA method
Task type: find the fictional setting of a film identified by actor, year, and source material
Answer type: location
Reasoning profile: hop_count=2; multi_hop=true; comparison=false; temporal=true; aggregation=false; entity_linking=true; relation_chaining=true; disambiguation=true
Method selection signals: actor filmography filtering; temporal constraint handling; source material verification; fictional setting retrieval","Question: Toby Kebbell starred in a fantasy action film based on a video game series in 2016 notably set in teh world of what?
Method: lgraph
Method profile: graph-centric reasoning and linking method
Task type: find the fictional setting of a film identified by actor, year, and source material
Answer type: location
Reasoning profile: hop_count=2; multi_hop=true; comparison=false; temporal=true; aggregation=false; entity_linking=true; relation_chaining=true; disambiguation=true
Method selection signals: actor filmography filtering; temporal constraint handling; source material verification; fictional setting retrieval",0.0,1.0,0,"[""hippo"", ""lgraph"", ""qagn""]",3,True
97,Toby Kebbell starred in a fantasy action film based on a video game series in 2016 notably set in teh world of what?,lgraph,gr,"Question: Toby Kebbell starred in a fantasy action film based on a video game series in 2016 notably set in teh world of what?
Method: lgraph
Method profile: graph-centric reasoning and linking method
Task type: find the fictional setting of a film identified by actor, year, and source material
Answer type: location
Reasoning profile: hop_count=2; multi_hop=true; comparison=false; temporal=true; aggregation=false; entity_linking=true; relation_chaining=true; disambiguation=true
Method selection signals: actor filmography filtering; temporal constraint handling; source material verification; fictional setting retrieval","Question: Toby Kebbell starred in a fantasy action film based on a video game series in 2016 notably set in teh world of what?
Method: gr
Method profile: graph reasoning oriented method
Task type: find the fictional setting of a film identified by actor, year, and source material
Answer type: location
Reasoning profile: hop_count=2; multi_hop=true; comparison=false; temporal=true; aggregation=false; entity_linking=true; relation_chaining=true; disambiguation=true
Method selection signals: actor filmography filtering; temporal constraint handling; source material verification; fictional setting retrieval",1.0,0.0,1,"[""hippo"", ""lgraph"", ""qagn""]",3,True
97,Toby Kebbell starred in a fantasy action film based on a video game series in 2016 notably set in teh world of what?,light,lgraph,"Question: Toby Kebbell starred in a fantasy action film based on a video game series in 2016 notably set in teh world of what?
Method: light
Method profile: lightweight retrieval and reasoning method
Task type: find the fictional setting of a film identified by actor, year, and source material
Answer type: location
Reasoning profile: hop_count=2; multi_hop=true; comparison=false; temporal=true; aggregation=false; entity_linking=true; relation_chaining=true; disambiguation=true
Method selection signals: actor filmography filtering; temporal constraint handling; source material verification; fictional setting retrieval","Question: Toby Kebbell starred in a fantasy action film based on a video game series in 2016 notably set in teh world of what?
Method: lgraph
Method profile: graph-centric reasoning and linking method
Task type: find the fictional setting of a film identified by actor, year, and source material
Answer type: location
Reasoning profile: hop_count=2; multi_hop=true; comparison=false; temporal=true; aggregation=false; entity_linking=true; relation_chaining=true; disambiguation=true
Method selection signals: actor filmography filtering; temporal constraint handling; source material verification; fictional setting retrieval",0.0,1.0,0,"[""hippo"", ""lgraph"", ""qagn""]",3,True
97,Toby Kebbell starred in a fantasy action film based on a video game series in 2016 notably set in teh world of what?,qagn,dalk,"Question: Toby Kebbell starred in a fantasy action film based on a video game series in 2016 notably set in teh world of what?
Method: qagn
Method profile: question answering with graph/navigation signals
Task type: find the fictional setting of a film identified by actor, year, and source material
Answer type: location
Reasoning profile: hop_count=2; multi_hop=true; comparison=false; temporal=true; aggregation=false; entity_linking=true; relation_chaining=true; disambiguation=true
Method selection signals: actor filmography filtering; temporal constraint handling; source material verification; fictional setting retrieval","Question: Toby Kebbell starred in a fantasy action film based on a video game series in 2016 notably set in teh world of what?
Method: dalk
Method profile: retrieval-based QA method
Task type: find the fictional setting of a film identified by actor, year, and source material
Answer type: location
Reasoning profile: hop_count=2; multi_hop=true; comparison=false; temporal=true; aggregation=false; entity_linking=true; relation_chaining=true; disambiguation=true
Method selection signals: actor filmography filtering; temporal constraint handling; source material verification; fictional setting retrieval",1.0,0.0,1,"[""hippo"", ""lgraph"", ""qagn""]",3,True
97,Toby Kebbell starred in a fantasy action film based on a video game series in 2016 notably set in teh world of what?,qagn,gr,"Question: Toby Kebbell starred in a fantasy action film based on a video game series in 2016 notably set in teh world of what?
Method: qagn
Method profile: question answering with graph/navigation signals
Task type: find the fictional setting of a film identified by actor, year, and source material
Answer type: location
Reasoning profile: hop_count=2; multi_hop=true; comparison=false; temporal=true; aggregation=false; entity_linking=true; relation_chaining=true; disambiguation=true
Method selection signals: actor filmography filtering; temporal constraint handling; source material verification; fictional setting retrieval","Question: Toby Kebbell starred in a fantasy action film based on a video game series in 2016 notably set in teh world of what?
Method: gr
Method profile: graph reasoning oriented method
Task type: find the fictional setting of a film identified by actor, year, and source material
Answer type: location
Reasoning profile: hop_count=2; multi_hop=true; comparison=false; temporal=true; aggregation=false; entity_linking=true; relation_chaining=true; disambiguation=true
Method selection signals: actor filmography filtering; temporal constraint handling; source material verification; fictional setting retrieval",1.0,0.0,1,"[""hippo"", ""lgraph"", ""qagn""]",3,True
97,Toby Kebbell starred in a fantasy action film based on a video game series in 2016 notably set in teh world of what?,light,qagn,"Question: Toby Kebbell starred in a fantasy action film based on a video game series in 2016 notably set in teh world of what?
Method: light
Method profile: lightweight retrieval and reasoning method
Task type: find the fictional setting of a film identified by actor, year, and source material
Answer type: location
Reasoning profile: hop_count=2; multi_hop=true; comparison=false; temporal=true; aggregation=false; entity_linking=true; relation_chaining=true; disambiguation=true
Method selection signals: actor filmography filtering; temporal constraint handling; source material verification; fictional setting retrieval","Question: Toby Kebbell starred in a fantasy action film based on a video game series in 2016 notably set in teh world of what?
Method: qagn
Method profile: question answering with graph/navigation signals
Task type: find the fictional setting of a film identified by actor, year, and source material
Answer type: location
Reasoning profile: hop_count=2; multi_hop=true; comparison=false; temporal=true; aggregation=false; entity_linking=true; relation_chaining=true; disambiguation=true
Method selection signals: actor filmography filtering; temporal constraint handling; source material verification; fictional setting retrieval",0.0,1.0,0,"[""hippo"", ""lgraph"", ""qagn""]",3,True
98,AnnoZero had a collaborator who is a member of which ancient aristocratic house?,hippo,dalk,"Question: AnnoZero had a collaborator who is a member of which ancient aristocratic house?
Method: hippo
Method profile: multi-step retrieval and reasoning method
Task type: identify an aristocratic house linked to a collaborator of a specific program
Answer type: organization
Reasoning profile: hop_count=2; multi_hop=true; comparison=false; temporal=false; aggregation=false; entity_linking=true; relation_chaining=true; disambiguation=true
Method selection signals: multi-hop relation chaining; entity linking for media program; biographical lookup for aristocratic affiliation; filtering collaborators by family background","Question: AnnoZero had a collaborator who is a member of which ancient aristocratic house?
Method: dalk
Method profile: retrieval-based QA method
Task type: identify an aristocratic house linked to a collaborator of a specific program
Answer type: organization
Reasoning profile: hop_count=2; multi_hop=true; comparison=false; temporal=false; aggregation=false; entity_linking=true; relation_chaining=true; disambiguation=true
Method selection signals: multi-hop relation chaining; entity linking for media program; biographical lookup for aristocratic affiliation; filtering collaborators by family background",1.0,0.4,1,"[""hippo"", ""lgraph"", ""qagn""]",3,True
98,AnnoZero had a collaborator who is a member of which ancient aristocratic house?,hippo,gr,"Question: AnnoZero had a collaborator who is a member of which ancient aristocratic house?
Method: hippo
Method profile: multi-step retrieval and reasoning method
Task type: identify an aristocratic house linked to a collaborator of a specific program
Answer type: organization
Reasoning profile: hop_count=2; multi_hop=true; comparison=false; temporal=false; aggregation=false; entity_linking=true; relation_chaining=true; disambiguation=true
Method selection signals: multi-hop relation chaining; entity linking for media program; biographical lookup for aristocratic affiliation; filtering collaborators by family background","Question: AnnoZero had a collaborator who is a member of which ancient aristocratic house?
Method: gr
Method profile: graph reasoning oriented method
Task type: identify an aristocratic house linked to a collaborator of a specific program
Answer type: organization
Reasoning profile: hop_count=2; multi_hop=true; comparison=false; temporal=false; aggregation=false; entity_linking=true; relation_chaining=true; disambiguation=true
Method selection signals: multi-hop relation chaining; entity linking for media program; biographical lookup for aristocratic affiliation; filtering collaborators by family background",1.0,0.0869565217,1,"[""hippo"", ""lgraph"", ""qagn""]",3,True
98,AnnoZero had a collaborator who is a member of which ancient aristocratic house?,hippo,light,"Question: AnnoZero had a collaborator who is a member of which ancient aristocratic house?
Method: hippo
Method profile: multi-step retrieval and reasoning method
Task type: identify an aristocratic house linked to a collaborator of a specific program
Answer type: organization
Reasoning profile: hop_count=2; multi_hop=true; comparison=false; temporal=false; aggregation=false; entity_linking=true; relation_chaining=true; disambiguation=true
Method selection signals: multi-hop relation chaining; entity linking for media program; biographical lookup for aristocratic affiliation; filtering collaborators by family background","Question: AnnoZero had a collaborator who is a member of which ancient aristocratic house?
Method: light
Method profile: lightweight retrieval and reasoning method
Task type: identify an aristocratic house linked to a collaborator of a specific program
Answer type: organization
Reasoning profile: hop_count=2; multi_hop=true; comparison=false; temporal=false; aggregation=false; entity_linking=true; relation_chaining=true; disambiguation=true
Method selection signals: multi-hop relation chaining; entity linking for media program; biographical lookup for aristocratic affiliation; filtering collaborators by family background",1.0,0.3333333333,1,"[""hippo"", ""lgraph"", ""qagn""]",3,True
98,AnnoZero had a collaborator who is a member of which ancient aristocratic house?,lgraph,dalk,"Question: AnnoZero had a collaborator who is a member of which ancient aristocratic house?
Method: lgraph
Method profile: graph-centric reasoning and linking method
Task type: identify an aristocratic house linked to a collaborator of a specific program
Answer type: organization
Reasoning profile: hop_count=2; multi_hop=true; comparison=false; temporal=false; aggregation=false; entity_linking=true; relation_chaining=true; disambiguation=true
Method selection signals: multi-hop relation chaining; entity linking for media program; biographical lookup for aristocratic affiliation; filtering collaborators by family background","Question: AnnoZero had a collaborator who is a member of which ancient aristocratic house?
Method: dalk
Method profile: retrieval-based QA method
Task type: identify an aristocratic house linked to a collaborator of a specific program
Answer type: organization
Reasoning profile: hop_count=2; multi_hop=true; comparison=false; temporal=false; aggregation=false; entity_linking=true; relation_chaining=true; disambiguation=true
Method selection signals: multi-hop relation chaining; entity linking for media program; biographical lookup for aristocratic affiliation; filtering collaborators by family background",1.0,0.4,1,"[""hippo"", ""lgraph"", ""qagn""]",3,True
98,AnnoZero had a collaborator who is a member of which ancient aristocratic house?,gr,lgraph,"Question: AnnoZero had a collaborator who is a member of which ancient aristocratic house?
Method: gr
Method profile: graph reasoning oriented method
Task type: identify an aristocratic house linked to a collaborator of a specific program
Answer type: organization
Reasoning profile: hop_count=2; multi_hop=true; comparison=false; temporal=false; aggregation=false; entity_linking=true; relation_chaining=true; disambiguation=true
Method selection signals: multi-hop relation chaining; entity linking for media program; biographical lookup for aristocratic affiliation; filtering collaborators by family background","Question: AnnoZero had a collaborator who is a member of which ancient aristocratic house?
Method: lgraph
Method profile: graph-centric reasoning and linking method
Task type: identify an aristocratic house linked to a collaborator of a specific program
Answer type: organization
Reasoning profile: hop_count=2; multi_hop=true; comparison=false; temporal=false; aggregation=false; entity_linking=true; relation_chaining=true; disambiguation=true
Method selection signals: multi-hop relation chaining; entity linking for media program; biographical lookup for aristocratic affiliation; filtering collaborators by family background",0.0869565217,1.0,0,"[""hippo"", ""lgraph"", ""qagn""]",3,True
98,AnnoZero had a collaborator who is a member of which ancient aristocratic house?,light,lgraph,"Question: AnnoZero had a collaborator who is a member of which ancient aristocratic house?
Method: light
Method profile: lightweight retrieval and reasoning method
Task type: identify an aristocratic house linked to a collaborator of a specific program
Answer type: organization
Reasoning profile: hop_count=2; multi_hop=true; comparison=false; temporal=false; aggregation=false; entity_linking=true; relation_chaining=true; disambiguation=true
Method selection signals: multi-hop relation chaining; entity linking for media program; biographical lookup for aristocratic affiliation; filtering collaborators by family background","Question: AnnoZero had a collaborator who is a member of which ancient aristocratic house?
Method: lgraph
Method profile: graph-centric reasoning and linking method
Task type: identify an aristocratic house linked to a collaborator of a specific program
Answer type: organization
Reasoning profile: hop_count=2; multi_hop=true; comparison=false; temporal=false; aggregation=false; entity_linking=true; relation_chaining=true; disambiguation=true
Method selection signals: multi-hop relation chaining; entity linking for media program; biographical lookup for aristocratic affiliation; filtering collaborators by family background",0.3333333333,1.0,0,"[""hippo"", ""lgraph"", ""qagn""]",3,True
98,AnnoZero had a collaborator who is a member of which ancient aristocratic house?,qagn,dalk,"Question: AnnoZero had a collaborator who is a member of which ancient aristocratic house?
Method: qagn
Method profile: question answering with graph/navigation signals
Task type: identify an aristocratic house linked to a collaborator of a specific program
Answer type: organization
Reasoning profile: hop_count=2; multi_hop=true; comparison=false; temporal=false; aggregation=false; entity_linking=true; relation_chaining=true; disambiguation=true
Method selection signals: multi-hop relation chaining; entity linking for media program; biographical lookup for aristocratic affiliation; filtering collaborators by family background","Question: AnnoZero had a collaborator who is a member of which ancient aristocratic house?
Method: dalk
Method profile: retrieval-based QA method
Task type: identify an aristocratic house linked to a collaborator of a specific program
Answer type: organization
Reasoning profile: hop_count=2; multi_hop=true; comparison=false; temporal=false; aggregation=false; entity_linking=true; relation_chaining=true; disambiguation=true
Method selection signals: multi-hop relation chaining; entity linking for media program; biographical lookup for aristocratic affiliation; filtering collaborators by family background",1.0,0.4,1,"[""hippo"", ""lgraph"", ""qagn""]",3,True
98,AnnoZero had a collaborator who is a member of which ancient aristocratic house?,gr,qagn,"Question: AnnoZero had a collaborator who is a member of which ancient aristocratic house?
Method: gr
Method profile: graph reasoning oriented method
Task type: identify an aristocratic house linked to a collaborator of a specific program
Answer type: organization
Reasoning profile: hop_count=2; multi_hop=true; comparison=false; temporal=false; aggregation=false; entity_linking=true; relation_chaining=true; disambiguation=true
Method selection signals: multi-hop relation chaining; entity linking for media program; biographical lookup for aristocratic affiliation; filtering collaborators by family background","Question: AnnoZero had a collaborator who is a member of which ancient aristocratic house?
Method: qagn
Method profile: question answering with graph/navigation signals
Task type: identify an aristocratic house linked to a collaborator of a specific program
Answer type: organization
Reasoning profile: hop_count=2; multi_hop=true; comparison=false; temporal=false; aggregation=false; entity_linking=true; relation_chaining=true; disambiguation=true
Method selection signals: multi-hop relation chaining; entity linking for media program; biographical lookup for aristocratic affiliation; filtering collaborators by family background",0.0869565217,1.0,0,"[""hippo"", ""lgraph"", ""qagn""]",3,True
98,AnnoZero had a collaborator who is a member of which ancient aristocratic house?,qagn,light,"Question: AnnoZero had a collaborator who is a member of which ancient aristocratic house?
Method: qagn
Method profile: question answering with graph/navigation signals
Task type: identify an aristocratic house linked to a collaborator of a specific program
Answer type: organization
Reasoning profile: hop_count=2; multi_hop=true; comparison=false; temporal=false; aggregation=false; entity_linking=true; relation_chaining=true; disambiguation=true
Method selection signals: multi-hop relation chaining; entity linking for media program; biographical lookup for aristocratic affiliation; filtering collaborators by family background","Question: AnnoZero had a collaborator who is a member of which ancient aristocratic house?
Method: light
Method profile: lightweight retrieval and reasoning method
Task type: identify an aristocratic house linked to a collaborator of a specific program
Answer type: organization
Reasoning profile: hop_count=2; multi_hop=true; comparison=false; temporal=false; aggregation=false; entity_linking=true; relation_chaining=true; disambiguation=true
Method selection signals: multi-hop relation chaining; entity linking for media program; biographical lookup for aristocratic affiliation; filtering collaborators by family background",1.0,0.3333333333,1,"[""hippo"", ""lgraph"", ""qagn""]",3,True
99,Park Seo-joon is best known for his role in a series that premiered on what month and day?,dalk,hippo,"Question: Park Seo-joon is best known for his role in a series that premiered on what month and day?
Method: dalk
Method profile: retrieval-based QA method
Task type: find the premiere date of an actor's most famous series
Answer type: date
Reasoning profile: hop_count=2; multi_hop=true; comparison=false; temporal=true; aggregation=false; entity_linking=true; relation_chaining=true; disambiguation=true
Method selection signals: actor filmography retrieval; consensus determination for most famous role; temporal data extraction; multi-hop reasoning chain","Question: Park Seo-joon is best known for his role in a series that premiered on what month and day?
Method: hippo
Method profile: multi-step retrieval and reasoning method
Task type: find the premiere date of an actor's most famous series
Answer type: date
Reasoning profile: hop_count=2; multi_hop=true; comparison=false; temporal=true; aggregation=false; entity_linking=true; relation_chaining=true; disambiguation=true
Method selection signals: actor filmography retrieval; consensus determination for most famous role; temporal data extraction; multi-hop reasoning chain",0.0,1.0,0,"[""hippo"", ""lgraph"", ""qagn""]",3,True
99,Park Seo-joon is best known for his role in a series that premiered on what month and day?,gr,hippo,"Question: Park Seo-joon is best known for his role in a series that premiered on what month and day?
Method: gr
Method profile: graph reasoning oriented method
Task type: find the premiere date of an actor's most famous series
Answer type: date
Reasoning profile: hop_count=2; multi_hop=true; comparison=false; temporal=true; aggregation=false; entity_linking=true; relation_chaining=true; disambiguation=true
Method selection signals: actor filmography retrieval; consensus determination for most famous role; temporal data extraction; multi-hop reasoning chain","Question: Park Seo-joon is best known for his role in a series that premiered on what month and day?
Method: hippo
Method profile: multi-step retrieval and reasoning method
Task type: find the premiere date of an actor's most famous series
Answer type: date
Reasoning profile: hop_count=2; multi_hop=true; comparison=false; temporal=true; aggregation=false; entity_linking=true; relation_chaining=true; disambiguation=true
Method selection signals: actor filmography retrieval; consensus determination for most famous role; temporal data extraction; multi-hop reasoning chain",0.0,1.0,0,"[""hippo"", ""lgraph"", ""qagn""]",3,True
99,Park Seo-joon is best known for his role in a series that premiered on what month and day?,light,hippo,"Question: Park Seo-joon is best known for his role in a series that premiered on what month and day?
Method: light
Method profile: lightweight retrieval and reasoning method
Task type: find the premiere date of an actor's most famous series
Answer type: date
Reasoning profile: hop_count=2; multi_hop=true; comparison=false; temporal=true; aggregation=false; entity_linking=true; relation_chaining=true; disambiguation=true
Method selection signals: actor filmography retrieval; consensus determination for most famous role; temporal data extraction; multi-hop reasoning chain","Question: Park Seo-joon is best known for his role in a series that premiered on what month and day?
Method: hippo
Method profile: multi-step retrieval and reasoning method
Task type: find the premiere date of an actor's most famous series
Answer type: date
Reasoning profile: hop_count=2; multi_hop=true; comparison=false; temporal=true; aggregation=false; entity_linking=true; relation_chaining=true; disambiguation=true
Method selection signals: actor filmography retrieval; consensus determination for most famous role; temporal data extraction; multi-hop reasoning chain",0.0,1.0,0,"[""hippo"", ""lgraph"", ""qagn""]",3,True
99,Park Seo-joon is best known for his role in a series that premiered on what month and day?,lgraph,dalk,"Question: Park Seo-joon is best known for his role in a series that premiered on what month and day?
Method: lgraph
Method profile: graph-centric reasoning and linking method
Task type: find the premiere date of an actor's most famous series
Answer type: date
Reasoning profile: hop_count=2; multi_hop=true; comparison=false; temporal=true; aggregation=false; entity_linking=true; relation_chaining=true; disambiguation=true
Method selection signals: actor filmography retrieval; consensus determination for most famous role; temporal data extraction; multi-hop reasoning chain","Question: Park Seo-joon is best known for his role in a series that premiered on what month and day?
Method: dalk
Method profile: retrieval-based QA method
Task type: find the premiere date of an actor's most famous series
Answer type: date
Reasoning profile: hop_count=2; multi_hop=true; comparison=false; temporal=true; aggregation=false; entity_linking=true; relation_chaining=true; disambiguation=true
Method selection signals: actor filmography retrieval; consensus determination for most famous role; temporal data extraction; multi-hop reasoning chain",1.0,0.0,1,"[""hippo"", ""lgraph"", ""qagn""]",3,True
99,Park Seo-joon is best known for his role in a series that premiered on what month and day?,gr,lgraph,"Question: Park Seo-joon is best known for his role in a series that premiered on what month and day?
Method: gr
Method profile: graph reasoning oriented method
Task type: find the premiere date of an actor's most famous series
Answer type: date
Reasoning profile: hop_count=2; multi_hop=true; comparison=false; temporal=true; aggregation=false; entity_linking=true; relation_chaining=true; disambiguation=true
Method selection signals: actor filmography retrieval; consensus determination for most famous role; temporal data extraction; multi-hop reasoning chain","Question: Park Seo-joon is best known for his role in a series that premiered on what month and day?
Method: lgraph
Method profile: graph-centric reasoning and linking method
Task type: find the premiere date of an actor's most famous series
Answer type: date
Reasoning profile: hop_count=2; multi_hop=true; comparison=false; temporal=true; aggregation=false; entity_linking=true; relation_chaining=true; disambiguation=true
Method selection signals: actor filmography retrieval; consensus determination for most famous role; temporal data extraction; multi-hop reasoning chain",0.0,1.0,0,"[""hippo"", ""lgraph"", ""qagn""]",3,True
99,Park Seo-joon is best known for his role in a series that premiered on what month and day?,lgraph,light,"Question: Park Seo-joon is best known for his role in a series that premiered on what month and day?
Method: lgraph
Method profile: graph-centric reasoning and linking method
Task type: find the premiere date of an actor's most famous series
Answer type: date
Reasoning profile: hop_count=2; multi_hop=true; comparison=false; temporal=true; aggregation=false; entity_linking=true; relation_chaining=true; disambiguation=true
Method selection signals: actor filmography retrieval; consensus determination for most famous role; temporal data extraction; multi-hop reasoning chain","Question: Park Seo-joon is best known for his role in a series that premiered on what month and day?
Method: light
Method profile: lightweight retrieval and reasoning method
Task type: find the premiere date of an actor's most famous series
Answer type: date
Reasoning profile: hop_count=2; multi_hop=true; comparison=false; temporal=true; aggregation=false; entity_linking=true; relation_chaining=true; disambiguation=true
Method selection signals: actor filmography retrieval; consensus determination for most famous role; temporal data extraction; multi-hop reasoning chain",1.0,0.0,1,"[""hippo"", ""lgraph"", ""qagn""]",3,True
99,Park Seo-joon is best known for his role in a series that premiered on what month and day?,dalk,qagn,"Question: Park Seo-joon is best known for his role in a series that premiered on what month and day?
Method: dalk
Method profile: retrieval-based QA method
Task type: find the premiere date of an actor's most famous series
Answer type: date
Reasoning profile: hop_count=2; multi_hop=true; comparison=false; temporal=true; aggregation=false; entity_linking=true; relation_chaining=true; disambiguation=true
Method selection signals: actor filmography retrieval; consensus determination for most famous role; temporal data extraction; multi-hop reasoning chain","Question: Park Seo-joon is best known for his role in a series that premiered on what month and day?
Method: qagn
Method profile: question answering with graph/navigation signals
Task type: find the premiere date of an actor's most famous series
Answer type: date
Reasoning profile: hop_count=2; multi_hop=true; comparison=false; temporal=true; aggregation=false; entity_linking=true; relation_chaining=true; disambiguation=true
Method selection signals: actor filmography retrieval; consensus determination for most famous role; temporal data extraction; multi-hop reasoning chain",0.0,1.0,0,"[""hippo"", ""lgraph"", ""qagn""]",3,True
99,Park Seo-joon is best known for his role in a series that premiered on what month and day?,qagn,gr,"Question: Park Seo-joon is best known for his role in a series that premiered on what month and day?
Method: qagn
Method profile: question answering with graph/navigation signals
Task type: find the premiere date of an actor's most famous series
Answer type: date
Reasoning profile: hop_count=2; multi_hop=true; comparison=false; temporal=true; aggregation=false; entity_linking=true; relation_chaining=true; disambiguation=true
Method selection signals: actor filmography retrieval; consensus determination for most famous role; temporal data extraction; multi-hop reasoning chain","Question: Park Seo-joon is best known for his role in a series that premiered on what month and day?
Method: gr
Method profile: graph reasoning oriented method
Task type: find the premiere date of an actor's most famous series
Answer type: date
Reasoning profile: hop_count=2; multi_hop=true; comparison=false; temporal=true; aggregation=false; entity_linking=true; relation_chaining=true; disambiguation=true
Method selection signals: actor filmography retrieval; consensus determination for most famous role; temporal data extraction; multi-hop reasoning chain",1.0,0.0,1,"[""hippo"", ""lgraph"", ""qagn""]",3,True
99,Park Seo-joon is best known for his role in a series that premiered on what month and day?,qagn,light,"Question: Park Seo-joon is best known for his role in a series that premiered on what month and day?
Method: qagn
Method profile: question answering with graph/navigation signals
Task type: find the premiere date of an actor's most famous series
Answer type: date
Reasoning profile: hop_count=2; multi_hop=true; comparison=false; temporal=true; aggregation=false; entity_linking=true; relation_chaining=true; disambiguation=true
Method selection signals: actor filmography retrieval; consensus determination for most famous role; temporal data extraction; multi-hop reasoning chain","Question: Park Seo-joon is best known for his role in a series that premiered on what month and day?
Method: light
Method profile: lightweight retrieval and reasoning method
Task type: find the premiere date of an actor's most famous series
Answer type: date
Reasoning profile: hop_count=2; multi_hop=true; comparison=false; temporal=true; aggregation=false; entity_linking=true; relation_chaining=true; disambiguation=true
Method selection signals: actor filmography retrieval; consensus determination for most famous role; temporal data extraction; multi-hop reasoning chain",1.0,0.0,1,"[""hippo"", ""lgraph"", ""qagn""]",3,True
101,Who directed the 2001 film that featured Yu Rongguang?,hippo,dalk,"Question: Who directed the 2001 film that featured Yu Rongguang?
Method: hippo
Method profile: multi-step retrieval and reasoning method
Task type: find the director of a film identified by actor and release year
Answer type: person
Reasoning profile: hop_count=2; multi_hop=true; comparison=false; temporal=true; aggregation=false; entity_linking=true; relation_chaining=true; disambiguation=true
Method selection signals: entity linking for actor name; temporal filtering by release year; relation chaining from actor to film to director; person retrieval for director","Question: Who directed the 2001 film that featured Yu Rongguang?
Method: dalk
Method profile: retrieval-based QA method
Task type: find the director of a film identified by actor and release year
Answer type: person
Reasoning profile: hop_count=2; multi_hop=true; comparison=false; temporal=true; aggregation=false; entity_linking=true; relation_chaining=true; disambiguation=true
Method selection signals: entity linking for actor name; temporal filtering by release year; relation chaining from actor to film to director; person retrieval for director",0.3636363636,0.0,1,"[""hippo""]",1,False
101,Who directed the 2001 film that featured Yu Rongguang?,gr,hippo,"Question: Who directed the 2001 film that featured Yu Rongguang?
Method: gr
Method profile: graph reasoning oriented method
Task type: find the director of a film identified by actor and release year
Answer type: person
Reasoning profile: hop_count=2; multi_hop=true; comparison=false; temporal=true; aggregation=false; entity_linking=true; relation_chaining=true; disambiguation=true
Method selection signals: entity linking for actor name; temporal filtering by release year; relation chaining from actor to film to director; person retrieval for director","Question: Who directed the 2001 film that featured Yu Rongguang?
Method: hippo
Method profile: multi-step retrieval and reasoning method
Task type: find the director of a film identified by actor and release year
Answer type: person
Reasoning profile: hop_count=2; multi_hop=true; comparison=false; temporal=true; aggregation=false; entity_linking=true; relation_chaining=true; disambiguation=true
Method selection signals: entity linking for actor name; temporal filtering by release year; relation chaining from actor to film to director; person retrieval for director",0.0,0.3636363636,0,"[""hippo""]",1,False
101,Who directed the 2001 film that featured Yu Rongguang?,hippo,lgraph,"Question: Who directed the 2001 film that featured Yu Rongguang?
Method: hippo
Method profile: multi-step retrieval and reasoning method
Task type: find the director of a film identified by actor and release year
Answer type: person
Reasoning profile: hop_count=2; multi_hop=true; comparison=false; temporal=true; aggregation=false; entity_linking=true; relation_chaining=true; disambiguation=true
Method selection signals: entity linking for actor name; temporal filtering by release year; relation chaining from actor to film to director; person retrieval for director","Question: Who directed the 2001 film that featured Yu Rongguang?
Method: lgraph
Method profile: graph-centric reasoning and linking method
Task type: find the director of a film identified by actor and release year
Answer type: person
Reasoning profile: hop_count=2; multi_hop=true; comparison=false; temporal=true; aggregation=false; entity_linking=true; relation_chaining=true; disambiguation=true
Method selection signals: entity linking for actor name; temporal filtering by release year; relation chaining from actor to film to director; person retrieval for director",0.3636363636,0.3333333333,1,"[""hippo""]",1,False
101,Who directed the 2001 film that featured Yu Rongguang?,light,hippo,"Question: Who directed the 2001 film that featured Yu Rongguang?
Method: light
Method profile: lightweight retrieval and reasoning method
Task type: find the director of a film identified by actor and release year
Answer type: person
Reasoning profile: hop_count=2; multi_hop=true; comparison=false; temporal=true; aggregation=false; entity_linking=true; relation_chaining=true; disambiguation=true
Method selection signals: entity linking for actor name; temporal filtering by release year; relation chaining from actor to film to director; person retrieval for director","Question: Who directed the 2001 film that featured Yu Rongguang?
Method: hippo
Method profile: multi-step retrieval and reasoning method
Task type: find the director of a film identified by actor and release year
Answer type: person
Reasoning profile: hop_count=2; multi_hop=true; comparison=false; temporal=true; aggregation=false; entity_linking=true; relation_chaining=true; disambiguation=true
Method selection signals: entity linking for actor name; temporal filtering by release year; relation chaining from actor to film to director; person retrieval for director",0.0,0.3636363636,0,"[""hippo""]",1,False
101,Who directed the 2001 film that featured Yu Rongguang?,qagn,hippo,"Question: Who directed the 2001 film that featured Yu Rongguang?
Method: qagn
Method profile: question answering with graph/navigation signals
Task type: find the director of a film identified by actor and release year
Answer type: person
Reasoning profile: hop_count=2; multi_hop=true; comparison=false; temporal=true; aggregation=false; entity_linking=true; relation_chaining=true; disambiguation=true
Method selection signals: entity linking for actor name; temporal filtering by release year; relation chaining from actor to film to director; person retrieval for director","Question: Who directed the 2001 film that featured Yu Rongguang?
Method: hippo
Method profile: multi-step retrieval and reasoning method
Task type: find the director of a film identified by actor and release year
Answer type: person
Reasoning profile: hop_count=2; multi_hop=true; comparison=false; temporal=true; aggregation=false; entity_linking=true; relation_chaining=true; disambiguation=true
Method selection signals: entity linking for actor name; temporal filtering by release year; relation chaining from actor to film to director; person retrieval for director",0.3333333333,0.3636363636,0,"[""hippo""]",1,False
104,What team did Travis Cortez Mays play on which currently compete in the Big 12 Conference.?,hippo,dalk,"Question: What team did Travis Cortez Mays play on which currently compete in the Big 12 Conference.?
Method: hippo
Method profile: multi-step retrieval and reasoning method
Task type: find a sports team associated with a specific player that meets a current conference affiliation constraint
Answer type: organization
Reasoning profile: hop_count=2; multi_hop=true; comparison=false; temporal=true; aggregation=false; entity_linking=true; relation_chaining=true; disambiguation=false
Method selection signals: entity linking for a specific athlete; retrieval of sports career history; verification of current conference affiliation; filtering candidates based on conference membership","Question: What team did Travis Cortez Mays play on which currently compete in the Big 12 Conference.?
Method: dalk
Method profile: retrieval-based QA method
Task type: find a sports team associated with a specific player that meets a current conference affiliation constraint
Answer type: organization
Reasoning profile: hop_count=2; multi_hop=true; comparison=false; temporal=true; aggregation=false; entity_linking=true; relation_chaining=true; disambiguation=false
Method selection signals: entity linking for a specific athlete; retrieval of sports career history; verification of current conference affiliation; filtering candidates based on conference membership",0.25,0.0,1,"[""hippo"", ""lgraph"", ""light"", ""qagn""]",4,True
104,What team did Travis Cortez Mays play on which currently compete in the Big 12 Conference.?,gr,hippo,"Question: What team did Travis Cortez Mays play on which currently compete in the Big 12 Conference.?
Method: gr
Method profile: graph reasoning oriented method
Task type: find a sports team associated with a specific player that meets a current conference affiliation constraint
Answer type: organization
Reasoning profile: hop_count=2; multi_hop=true; comparison=false; temporal=true; aggregation=false; entity_linking=true; relation_chaining=true; disambiguation=false
Method selection signals: entity linking for a specific athlete; retrieval of sports career history; verification of current conference affiliation; filtering candidates based on conference membership","Question: What team did Travis Cortez Mays play on which currently compete in the Big 12 Conference.?
Method: hippo
Method profile: multi-step retrieval and reasoning method
Task type: find a sports team associated with a specific player that meets a current conference affiliation constraint
Answer type: organization
Reasoning profile: hop_count=2; multi_hop=true; comparison=false; temporal=true; aggregation=false; entity_linking=true; relation_chaining=true; disambiguation=false
Method selection signals: entity linking for a specific athlete; retrieval of sports career history; verification of current conference affiliation; filtering candidates based on conference membership",0.0689655172,0.25,0,"[""hippo"", ""lgraph"", ""light"", ""qagn""]",4,True
104,What team did Travis Cortez Mays play on which currently compete in the Big 12 Conference.?,lgraph,dalk,"Question: What team did Travis Cortez Mays play on which currently compete in the Big 12 Conference.?
Method: lgraph
Method profile: graph-centric reasoning and linking method
Task type: find a sports team associated with a specific player that meets a current conference affiliation constraint
Answer type: organization
Reasoning profile: hop_count=2; multi_hop=true; comparison=false; temporal=true; aggregation=false; entity_linking=true; relation_chaining=true; disambiguation=false
Method selection signals: entity linking for a specific athlete; retrieval of sports career history; verification of current conference affiliation; filtering candidates based on conference membership","Question: What team did Travis Cortez Mays play on which currently compete in the Big 12 Conference.?
Method: dalk
Method profile: retrieval-based QA method
Task type: find a sports team associated with a specific player that meets a current conference affiliation constraint
Answer type: organization
Reasoning profile: hop_count=2; multi_hop=true; comparison=false; temporal=true; aggregation=false; entity_linking=true; relation_chaining=true; disambiguation=false
Method selection signals: entity linking for a specific athlete; retrieval of sports career history; verification of current conference affiliation; filtering candidates based on conference membership",0.25,0.0,1,"[""hippo"", ""lgraph"", ""light"", ""qagn""]",4,True
104,What team did Travis Cortez Mays play on which currently compete in the Big 12 Conference.?,gr,lgraph,"Question: What team did Travis Cortez Mays play on which currently compete in the Big 12 Conference.?
Method: gr
Method profile: graph reasoning oriented method
Task type: find a sports team associated with a specific player that meets a current conference affiliation constraint
Answer type: organization
Reasoning profile: hop_count=2; multi_hop=true; comparison=false; temporal=true; aggregation=false; entity_linking=true; relation_chaining=true; disambiguation=false
Method selection signals: entity linking for a specific athlete; retrieval of sports career history; verification of current conference affiliation; filtering candidates based on conference membership","Question: What team did Travis Cortez Mays play on which currently compete in the Big 12 Conference.?
Method: lgraph
Method profile: graph-centric reasoning and linking method
Task type: find a sports team associated with a specific player that meets a current conference affiliation constraint
Answer type: organization
Reasoning profile: hop_count=2; multi_hop=true; comparison=false; temporal=true; aggregation=false; entity_linking=true; relation_chaining=true; disambiguation=false
Method selection signals: entity linking for a specific athlete; retrieval of sports career history; verification of current conference affiliation; filtering candidates based on conference membership",0.0689655172,0.25,0,"[""hippo"", ""lgraph"", ""light"", ""qagn""]",4,True
104,What team did Travis Cortez Mays play on which currently compete in the Big 12 Conference.?,light,dalk,"Question: What team did Travis Cortez Mays play on which currently compete in the Big 12 Conference.?
Method: light
Method profile: lightweight retrieval and reasoning method
Task type: find a sports team associated with a specific player that meets a current conference affiliation constraint
Answer type: organization
Reasoning profile: hop_count=2; multi_hop=true; comparison=false; temporal=true; aggregation=false; entity_linking=true; relation_chaining=true; disambiguation=false
Method selection signals: entity linking for a specific athlete; retrieval of sports career history; verification of current conference affiliation; filtering candidates based on conference membership","Question: What team did Travis Cortez Mays play on which currently compete in the Big 12 Conference.?
Method: dalk
Method profile: retrieval-based QA method
Task type: find a sports team associated with a specific player that meets a current conference affiliation constraint
Answer type: organization
Reasoning profile: hop_count=2; multi_hop=true; comparison=false; temporal=true; aggregation=false; entity_linking=true; relation_chaining=true; disambiguation=false
Method selection signals: entity linking for a specific athlete; retrieval of sports career history; verification of current conference affiliation; filtering candidates based on conference membership",0.25,0.0,1,"[""hippo"", ""lgraph"", ""light"", ""qagn""]",4,True
104,What team did Travis Cortez Mays play on which currently compete in the Big 12 Conference.?,gr,light,"Question: What team did Travis Cortez Mays play on which currently compete in the Big 12 Conference.?
Method: gr
Method profile: graph reasoning oriented method
Task type: find a sports team associated with a specific player that meets a current conference affiliation constraint
Answer type: organization
Reasoning profile: hop_count=2; multi_hop=true; comparison=false; temporal=true; aggregation=false; entity_linking=true; relation_chaining=true; disambiguation=false
Method selection signals: entity linking for a specific athlete; retrieval of sports career history; verification of current conference affiliation; filtering candidates based on conference membership","Question: What team did Travis Cortez Mays play on which currently compete in the Big 12 Conference.?
Method: light
Method profile: lightweight retrieval and reasoning method
Task type: find a sports team associated with a specific player that meets a current conference affiliation constraint
Answer type: organization
Reasoning profile: hop_count=2; multi_hop=true; comparison=false; temporal=true; aggregation=false; entity_linking=true; relation_chaining=true; disambiguation=false
Method selection signals: entity linking for a specific athlete; retrieval of sports career history; verification of current conference affiliation; filtering candidates based on conference membership",0.0689655172,0.25,0,"[""hippo"", ""lgraph"", ""light"", ""qagn""]",4,True
104,What team did Travis Cortez Mays play on which currently compete in the Big 12 Conference.?,dalk,qagn,"Question: What team did Travis Cortez Mays play on which currently compete in the Big 12 Conference.?
Method: dalk
Method profile: retrieval-based QA method
Task type: find a sports team associated with a specific player that meets a current conference affiliation constraint
Answer type: organization
Reasoning profile: hop_count=2; multi_hop=true; comparison=false; temporal=true; aggregation=false; entity_linking=true; relation_chaining=true; disambiguation=false
Method selection signals: entity linking for a specific athlete; retrieval of sports career history; verification of current conference affiliation; filtering candidates based on conference membership","Question: What team did Travis Cortez Mays play on which currently compete in the Big 12 Conference.?
Method: qagn
Method profile: question answering with graph/navigation signals
Task type: find a sports team associated with a specific player that meets a current conference affiliation constraint
Answer type: organization
Reasoning profile: hop_count=2; multi_hop=true; comparison=false; temporal=true; aggregation=false; entity_linking=true; relation_chaining=true; disambiguation=false
Method selection signals: entity linking for a specific athlete; retrieval of sports career history; verification of current conference affiliation; filtering candidates based on conference membership",0.0,0.25,0,"[""hippo"", ""lgraph"", ""light"", ""qagn""]",4,True
104,What team did Travis Cortez Mays play on which currently compete in the Big 12 Conference.?,gr,qagn,"Question: What team did Travis Cortez Mays play on which currently compete in the Big 12 Conference.?
Method: gr
Method profile: graph reasoning oriented method
Task type: find a sports team associated with a specific player that meets a current conference affiliation constraint
Answer type: organization
Reasoning profile: hop_count=2; multi_hop=true; comparison=false; temporal=true; aggregation=false; entity_linking=true; relation_chaining=true; disambiguation=false
Method selection signals: entity linking for a specific athlete; retrieval of sports career history; verification of current conference affiliation; filtering candidates based on conference membership","Question: What team did Travis Cortez Mays play on which currently compete in the Big 12 Conference.?
Method: qagn
Method profile: question answering with graph/navigation signals
Task type: find a sports team associated with a specific player that meets a current conference affiliation constraint
Answer type: organization
Reasoning profile: hop_count=2; multi_hop=true; comparison=false; temporal=true; aggregation=false; entity_linking=true; relation_chaining=true; disambiguation=false
Method selection signals: entity linking for a specific athlete; retrieval of sports career history; verification of current conference affiliation; filtering candidates based on conference membership",0.0689655172,0.25,0,"[""hippo"", ""lgraph"", ""light"", ""qagn""]",4,True
106,"What netflix series, produced by Joe Swanberg, had an actress best known for her role as Vanessa on ""Atlanta""?",gr,dalk,"Question: What netflix series, produced by Joe Swanberg, had an actress best known for her role as Vanessa on ""Atlanta""?
Method: gr
Method profile: graph reasoning oriented method
Task type: find a media title based on producer and cast member constraints
Answer type: other
Reasoning profile: hop_count=3; multi_hop=true; comparison=false; temporal=false; aggregation=false; entity_linking=true; relation_chaining=true; disambiguation=true
Method selection signals: character-to-actor entity resolution; filmography filtering by platform and producer; multi-hop relation chaining; cast and crew credit verification","Question: What netflix series, produced by Joe Swanberg, had an actress best known for her role as Vanessa on ""Atlanta""?
Method: dalk
Method profile: retrieval-based QA method
Task type: find a media title based on producer and cast member constraints
Answer type: other
Reasoning profile: hop_count=3; multi_hop=true; comparison=false; temporal=false; aggregation=false; entity_linking=true; relation_chaining=true; disambiguation=true
Method selection signals: character-to-actor entity resolution; filmography filtering by platform and producer; multi-hop relation chaining; cast and crew credit verification",0.0,1.0,0,"[""dalk"", ""hippo"", ""qagn""]",3,True
106,"What netflix series, produced by Joe Swanberg, had an actress best known for her role as Vanessa on ""Atlanta""?",lgraph,dalk,"Question: What netflix series, produced by Joe Swanberg, had an actress best known for her role as Vanessa on ""Atlanta""?
Method: lgraph
Method profile: graph-centric reasoning and linking method
Task type: find a media title based on producer and cast member constraints
Answer type: other
Reasoning profile: hop_count=3; multi_hop=true; comparison=false; temporal=false; aggregation=false; entity_linking=true; relation_chaining=true; disambiguation=true
Method selection signals: character-to-actor entity resolution; filmography filtering by platform and producer; multi-hop relation chaining; cast and crew credit verification","Question: What netflix series, produced by Joe Swanberg, had an actress best known for her role as Vanessa on ""Atlanta""?
Method: dalk
Method profile: retrieval-based QA method
Task type: find a media title based on producer and cast member constraints
Answer type: other
Reasoning profile: hop_count=3; multi_hop=true; comparison=false; temporal=false; aggregation=false; entity_linking=true; relation_chaining=true; disambiguation=true
Method selection signals: character-to-actor entity resolution; filmography filtering by platform and producer; multi-hop relation chaining; cast and crew credit verification",0.0,1.0,0,"[""dalk"", ""hippo"", ""qagn""]",3,True
106,"What netflix series, produced by Joe Swanberg, had an actress best known for her role as Vanessa on ""Atlanta""?",dalk,light,"Question: What netflix series, produced by Joe Swanberg, had an actress best known for her role as Vanessa on ""Atlanta""?
Method: dalk
Method profile: retrieval-based QA method
Task type: find a media title based on producer and cast member constraints
Answer type: other
Reasoning profile: hop_count=3; multi_hop=true; comparison=false; temporal=false; aggregation=false; entity_linking=true; relation_chaining=true; disambiguation=true
Method selection signals: character-to-actor entity resolution; filmography filtering by platform and producer; multi-hop relation chaining; cast and crew credit verification","Question: What netflix series, produced by Joe Swanberg, had an actress best known for her role as Vanessa on ""Atlanta""?
Method: light
Method profile: lightweight retrieval and reasoning method
Task type: find a media title based on producer and cast member constraints
Answer type: other
Reasoning profile: hop_count=3; multi_hop=true; comparison=false; temporal=false; aggregation=false; entity_linking=true; relation_chaining=true; disambiguation=true
Method selection signals: character-to-actor entity resolution; filmography filtering by platform and producer; multi-hop relation chaining; cast and crew credit verification",1.0,0.5,1,"[""dalk"", ""hippo"", ""qagn""]",3,True
106,"What netflix series, produced by Joe Swanberg, had an actress best known for her role as Vanessa on ""Atlanta""?",hippo,gr,"Question: What netflix series, produced by Joe Swanberg, had an actress best known for her role as Vanessa on ""Atlanta""?
Method: hippo
Method profile: multi-step retrieval and reasoning method
Task type: find a media title based on producer and cast member constraints
Answer type: other
Reasoning profile: hop_count=3; multi_hop=true; comparison=false; temporal=false; aggregation=false; entity_linking=true; relation_chaining=true; disambiguation=true
Method selection signals: character-to-actor entity resolution; filmography filtering by platform and producer; multi-hop relation chaining; cast and crew credit verification","Question: What netflix series, produced by Joe Swanberg, had an actress best known for her role as Vanessa on ""Atlanta""?
Method: gr
Method profile: graph reasoning oriented method
Task type: find a media title based on producer and cast member constraints
Answer type: other
Reasoning profile: hop_count=3; multi_hop=true; comparison=false; temporal=false; aggregation=false; entity_linking=true; relation_chaining=true; disambiguation=true
Method selection signals: character-to-actor entity resolution; filmography filtering by platform and producer; multi-hop relation chaining; cast and crew credit verification",1.0,0.0,1,"[""dalk"", ""hippo"", ""qagn""]",3,True
106,"What netflix series, produced by Joe Swanberg, had an actress best known for her role as Vanessa on ""Atlanta""?",lgraph,hippo,"Question: What netflix series, produced by Joe Swanberg, had an actress best known for her role as Vanessa on ""Atlanta""?
Method: lgraph
Method profile: graph-centric reasoning and linking method
Task type: find a media title based on producer and cast member constraints
Answer type: other
Reasoning profile: hop_count=3; multi_hop=true; comparison=false; temporal=false; aggregation=false; entity_linking=true; relation_chaining=true; disambiguation=true
Method selection signals: character-to-actor entity resolution; filmography filtering by platform and producer; multi-hop relation chaining; cast and crew credit verification","Question: What netflix series, produced by Joe Swanberg, had an actress best known for her role as Vanessa on ""Atlanta""?
Method: hippo
Method profile: multi-step retrieval and reasoning method
Task type: find a media title based on producer and cast member constraints
Answer type: other
Reasoning profile: hop_count=3; multi_hop=true; comparison=false; temporal=false; aggregation=false; entity_linking=true; relation_chaining=true; disambiguation=true
Method selection signals: character-to-actor entity resolution; filmography filtering by platform and producer; multi-hop relation chaining; cast and crew credit verification",0.0,1.0,0,"[""dalk"", ""hippo"", ""qagn""]",3,True
106,"What netflix series, produced by Joe Swanberg, had an actress best known for her role as Vanessa on ""Atlanta""?",hippo,light,"Question: What netflix series, produced by Joe Swanberg, had an actress best known for her role as Vanessa on ""Atlanta""?
Method: hippo
Method profile: multi-step retrieval and reasoning method
Task type: find a media title based on producer and cast member constraints
Answer type: other
Reasoning profile: hop_count=3; multi_hop=true; comparison=false; temporal=false; aggregation=false; entity_linking=true; relation_chaining=true; disambiguation=true
Method selection signals: character-to-actor entity resolution; filmography filtering by platform and producer; multi-hop relation chaining; cast and crew credit verification","Question: What netflix series, produced by Joe Swanberg, had an actress best known for her role as Vanessa on ""Atlanta""?
Method: light
Method profile: lightweight retrieval and reasoning method
Task type: find a media title based on producer and cast member constraints
Answer type: other
Reasoning profile: hop_count=3; multi_hop=true; comparison=false; temporal=false; aggregation=false; entity_linking=true; relation_chaining=true; disambiguation=true
Method selection signals: character-to-actor entity resolution; filmography filtering by platform and producer; multi-hop relation chaining; cast and crew credit verification",1.0,0.5,1,"[""dalk"", ""hippo"", ""qagn""]",3,True
106,"What netflix series, produced by Joe Swanberg, had an actress best known for her role as Vanessa on ""Atlanta""?",qagn,gr,"Question: What netflix series, produced by Joe Swanberg, had an actress best known for her role as Vanessa on ""Atlanta""?
Method: qagn
Method profile: question answering with graph/navigation signals
Task type: find a media title based on producer and cast member constraints
Answer type: other
Reasoning profile: hop_count=3; multi_hop=true; comparison=false; temporal=false; aggregation=false; entity_linking=true; relation_chaining=true; disambiguation=true
Method selection signals: character-to-actor entity resolution; filmography filtering by platform and producer; multi-hop relation chaining; cast and crew credit verification","Question: What netflix series, produced by Joe Swanberg, had an actress best known for her role as Vanessa on ""Atlanta""?
Method: gr
Method profile: graph reasoning oriented method
Task type: find a media title based on producer and cast member constraints
Answer type: other
Reasoning profile: hop_count=3; multi_hop=true; comparison=false; temporal=false; aggregation=false; entity_linking=true; relation_chaining=true; disambiguation=true
Method selection signals: character-to-actor entity resolution; filmography filtering by platform and producer; multi-hop relation chaining; cast and crew credit verification",1.0,0.0,1,"[""dalk"", ""hippo"", ""qagn""]",3,True
106,"What netflix series, produced by Joe Swanberg, had an actress best known for her role as Vanessa on ""Atlanta""?",lgraph,qagn,"Question: What netflix series, produced by Joe Swanberg, had an actress best known for her role as Vanessa on ""Atlanta""?
Method: lgraph
Method profile: graph-centric reasoning and linking method
Task type: find a media title based on producer and cast member constraints
Answer type: other
Reasoning profile: hop_count=3; multi_hop=true; comparison=false; temporal=false; aggregation=false; entity_linking=true; relation_chaining=true; disambiguation=true
Method selection signals: character-to-actor entity resolution; filmography filtering by platform and producer; multi-hop relation chaining; cast and crew credit verification","Question: What netflix series, produced by Joe Swanberg, had an actress best known for her role as Vanessa on ""Atlanta""?
Method: qagn
Method profile: question answering with graph/navigation signals
Task type: find a media title based on producer and cast member constraints
Answer type: other
Reasoning profile: hop_count=3; multi_hop=true; comparison=false; temporal=false; aggregation=false; entity_linking=true; relation_chaining=true; disambiguation=true
Method selection signals: character-to-actor entity resolution; filmography filtering by platform and producer; multi-hop relation chaining; cast and crew credit verification",0.0,1.0,0,"[""dalk"", ""hippo"", ""qagn""]",3,True
106,"What netflix series, produced by Joe Swanberg, had an actress best known for her role as Vanessa on ""Atlanta""?",light,qagn,"Question: What netflix series, produced by Joe Swanberg, had an actress best known for her role as Vanessa on ""Atlanta""?
Method: light
Method profile: lightweight retrieval and reasoning method
Task type: find a media title based on producer and cast member constraints
Answer type: other
Reasoning profile: hop_count=3; multi_hop=true; comparison=false; temporal=false; aggregation=false; entity_linking=true; relation_chaining=true; disambiguation=true
Method selection signals: character-to-actor entity resolution; filmography filtering by platform and producer; multi-hop relation chaining; cast and crew credit verification","Question: What netflix series, produced by Joe Swanberg, had an actress best known for her role as Vanessa on ""Atlanta""?
Method: qagn
Method profile: question answering with graph/navigation signals
Task type: find a media title based on producer and cast member constraints
Answer type: other
Reasoning profile: hop_count=3; multi_hop=true; comparison=false; temporal=false; aggregation=false; entity_linking=true; relation_chaining=true; disambiguation=true
Method selection signals: character-to-actor entity resolution; filmography filtering by platform and producer; multi-hop relation chaining; cast and crew credit verification",0.5,1.0,0,"[""dalk"", ""hippo"", ""qagn""]",3,True
108,The Party Machine with Nia Peeples was executive produced by the talk show host whose show originally ran during what time period?,dalk,gr,"Question: The Party Machine with Nia Peeples was executive produced by the talk show host whose show originally ran during what time period?
Method: dalk
Method profile: retrieval-based QA method
Task type: find the broadcast time period of a talk show hosted by the executive producer of a given series
Answer type: date
Reasoning profile: hop_count=3; multi_hop=true; comparison=false; temporal=true; aggregation=false; entity_linking=true; relation_chaining=true; disambiguation=true
Method selection signals: multi-hop relation chaining across production and hosting roles; temporal attribute retrieval; entity linking for TV shows and personnel; cross-entity property lookup","Question: The Party Machine with Nia Peeples was executive produced by the talk show host whose show originally ran during what time period?
Method: gr
Method profile: graph reasoning oriented method
Task type: find the broadcast time period of a talk show hosted by the executive producer of a given series
Answer type: date
Reasoning profile: hop_count=3; multi_hop=true; comparison=false; temporal=true; aggregation=false; entity_linking=true; relation_chaining=true; disambiguation=true
Method selection signals: multi-hop relation chaining across production and hosting roles; temporal attribute retrieval; entity linking for TV shows and personnel; cross-entity property lookup",0.0689655172,0.0,1,"[""dalk""]",1,False
108,The Party Machine with Nia Peeples was executive produced by the talk show host whose show originally ran during what time period?,dalk,hippo,"Question: The Party Machine with Nia Peeples was executive produced by the talk show host whose show originally ran during what time period?
Method: dalk
Method profile: retrieval-based QA method
Task type: find the broadcast time period of a talk show hosted by the executive producer of a given series
Answer type: date
Reasoning profile: hop_count=3; multi_hop=true; comparison=false; temporal=true; aggregation=false; entity_linking=true; relation_chaining=true; disambiguation=true
Method selection signals: multi-hop relation chaining across production and hosting roles; temporal attribute retrieval; entity linking for TV shows and personnel; cross-entity property lookup","Question: The Party Machine with Nia Peeples was executive produced by the talk show host whose show originally ran during what time period?
Method: hippo
Method profile: multi-step retrieval and reasoning method
Task type: find the broadcast time period of a talk show hosted by the executive producer of a given series
Answer type: date
Reasoning profile: hop_count=3; multi_hop=true; comparison=false; temporal=true; aggregation=false; entity_linking=true; relation_chaining=true; disambiguation=true
Method selection signals: multi-hop relation chaining across production and hosting roles; temporal attribute retrieval; entity linking for TV shows and personnel; cross-entity property lookup",0.0689655172,0.0,1,"[""dalk""]",1,False
108,The Party Machine with Nia Peeples was executive produced by the talk show host whose show originally ran during what time period?,dalk,lgraph,"Question: The Party Machine with Nia Peeples was executive produced by the talk show host whose show originally ran during what time period?
Method: dalk
Method profile: retrieval-based QA method
Task type: find the broadcast time period of a talk show hosted by the executive producer of a given series
Answer type: date
Reasoning profile: hop_count=3; multi_hop=true; comparison=false; temporal=true; aggregation=false; entity_linking=true; relation_chaining=true; disambiguation=true
Method selection signals: multi-hop relation chaining across production and hosting roles; temporal attribute retrieval; entity linking for TV shows and personnel; cross-entity property lookup","Question: The Party Machine with Nia Peeples was executive produced by the talk show host whose show originally ran during what time period?
Method: lgraph
Method profile: graph-centric reasoning and linking method
Task type: find the broadcast time period of a talk show hosted by the executive producer of a given series
Answer type: date
Reasoning profile: hop_count=3; multi_hop=true; comparison=false; temporal=true; aggregation=false; entity_linking=true; relation_chaining=true; disambiguation=true
Method selection signals: multi-hop relation chaining across production and hosting roles; temporal attribute retrieval; entity linking for TV shows and personnel; cross-entity property lookup",0.0689655172,0.0,1,"[""dalk""]",1,False
108,The Party Machine with Nia Peeples was executive produced by the talk show host whose show originally ran during what time period?,dalk,light,"Question: The Party Machine with Nia Peeples was executive produced by the talk show host whose show originally ran during what time period?
Method: dalk
Method profile: retrieval-based QA method
Task type: find the broadcast time period of a talk show hosted by the executive producer of a given series
Answer type: date
Reasoning profile: hop_count=3; multi_hop=true; comparison=false; temporal=true; aggregation=false; entity_linking=true; relation_chaining=true; disambiguation=true
Method selection signals: multi-hop relation chaining across production and hosting roles; temporal attribute retrieval; entity linking for TV shows and personnel; cross-entity property lookup","Question: The Party Machine with Nia Peeples was executive produced by the talk show host whose show originally ran during what time period?
Method: light
Method profile: lightweight retrieval and reasoning method
Task type: find the broadcast time period of a talk show hosted by the executive producer of a given series
Answer type: date
Reasoning profile: hop_count=3; multi_hop=true; comparison=false; temporal=true; aggregation=false; entity_linking=true; relation_chaining=true; disambiguation=true
Method selection signals: multi-hop relation chaining across production and hosting roles; temporal attribute retrieval; entity linking for TV shows and personnel; cross-entity property lookup",0.0689655172,0.0,1,"[""dalk""]",1,False
108,The Party Machine with Nia Peeples was executive produced by the talk show host whose show originally ran during what time period?,dalk,qagn,"Question: The Party Machine with Nia Peeples was executive produced by the talk show host whose show originally ran during what time period?
Method: dalk
Method profile: retrieval-based QA method
Task type: find the broadcast time period of a talk show hosted by the executive producer of a given series
Answer type: date
Reasoning profile: hop_count=3; multi_hop=true; comparison=false; temporal=true; aggregation=false; entity_linking=true; relation_chaining=true; disambiguation=true
Method selection signals: multi-hop relation chaining across production and hosting roles; temporal attribute retrieval; entity linking for TV shows and personnel; cross-entity property lookup","Question: The Party Machine with Nia Peeples was executive produced by the talk show host whose show originally ran during what time period?
Method: qagn
Method profile: question answering with graph/navigation signals
Task type: find the broadcast time period of a talk show hosted by the executive producer of a given series
Answer type: date
Reasoning profile: hop_count=3; multi_hop=true; comparison=false; temporal=true; aggregation=false; entity_linking=true; relation_chaining=true; disambiguation=true
Method selection signals: multi-hop relation chaining across production and hosting roles; temporal attribute retrieval; entity linking for TV shows and personnel; cross-entity property lookup",0.0689655172,0.0,1,"[""dalk""]",1,False
109,The Red Queen's Race is a science fiction short story that uses the Red Queen's race from a novel by Lewis Carroll that is the sequel to what?,lgraph,dalk,"Question: The Red Queen's Race is a science fiction short story that uses the Red Queen's race from a novel by Lewis Carroll that is the sequel to what?
Method: lgraph
Method profile: graph-centric reasoning and linking method
Task type: identify the predecessor novel to a specific Lewis Carroll work referenced by a short story
Answer type: other
Reasoning profile: hop_count=2; multi_hop=true; comparison=false; temporal=false; aggregation=false; entity_linking=true; relation_chaining=true; disambiguation=true
Method selection signals: literary entity linking; multi-hop relation chaining; sequel-predecessor relationship tracing; specific author work identification","Question: The Red Queen's Race is a science fiction short story that uses the Red Queen's race from a novel by Lewis Carroll that is the sequel to what?
Method: dalk
Method profile: retrieval-based QA method
Task type: identify the predecessor novel to a specific Lewis Carroll work referenced by a short story
Answer type: other
Reasoning profile: hop_count=2; multi_hop=true; comparison=false; temporal=false; aggregation=false; entity_linking=true; relation_chaining=true; disambiguation=true
Method selection signals: literary entity linking; multi-hop relation chaining; sequel-predecessor relationship tracing; specific author work identification",1.0,0.3333333333,1,"[""lgraph"", ""light"", ""qagn""]",3,True
109,The Red Queen's Race is a science fiction short story that uses the Red Queen's race from a novel by Lewis Carroll that is the sequel to what?,lgraph,gr,"Question: The Red Queen's Race is a science fiction short story that uses the Red Queen's race from a novel by Lewis Carroll that is the sequel to what?
Method: lgraph
Method profile: graph-centric reasoning and linking method
Task type: identify the predecessor novel to a specific Lewis Carroll work referenced by a short story
Answer type: other
Reasoning profile: hop_count=2; multi_hop=true; comparison=false; temporal=false; aggregation=false; entity_linking=true; relation_chaining=true; disambiguation=true
Method selection signals: literary entity linking; multi-hop relation chaining; sequel-predecessor relationship tracing; specific author work identification","Question: The Red Queen's Race is a science fiction short story that uses the Red Queen's race from a novel by Lewis Carroll that is the sequel to what?
Method: gr
Method profile: graph reasoning oriented method
Task type: identify the predecessor novel to a specific Lewis Carroll work referenced by a short story
Answer type: other
Reasoning profile: hop_count=2; multi_hop=true; comparison=false; temporal=false; aggregation=false; entity_linking=true; relation_chaining=true; disambiguation=true
Method selection signals: literary entity linking; multi-hop relation chaining; sequel-predecessor relationship tracing; specific author work identification",1.0,0.0,1,"[""lgraph"", ""light"", ""qagn""]",3,True
109,The Red Queen's Race is a science fiction short story that uses the Red Queen's race from a novel by Lewis Carroll that is the sequel to what?,hippo,lgraph,"Question: The Red Queen's Race is a science fiction short story that uses the Red Queen's race from a novel by Lewis Carroll that is the sequel to what?
Method: hippo
Method profile: multi-step retrieval and reasoning method
Task type: identify the predecessor novel to a specific Lewis Carroll work referenced by a short story
Answer type: other
Reasoning profile: hop_count=2; multi_hop=true; comparison=false; temporal=false; aggregation=false; entity_linking=true; relation_chaining=true; disambiguation=true
Method selection signals: literary entity linking; multi-hop relation chaining; sequel-predecessor relationship tracing; specific author work identification","Question: The Red Queen's Race is a science fiction short story that uses the Red Queen's race from a novel by Lewis Carroll that is the sequel to what?
Method: lgraph
Method profile: graph-centric reasoning and linking method
Task type: identify the predecessor novel to a specific Lewis Carroll work referenced by a short story
Answer type: other
Reasoning profile: hop_count=2; multi_hop=true; comparison=false; temporal=false; aggregation=false; entity_linking=true; relation_chaining=true; disambiguation=true
Method selection signals: literary entity linking; multi-hop relation chaining; sequel-predecessor relationship tracing; specific author work identification",0.3636363636,1.0,0,"[""lgraph"", ""light"", ""qagn""]",3,True
109,The Red Queen's Race is a science fiction short story that uses the Red Queen's race from a novel by Lewis Carroll that is the sequel to what?,dalk,light,"Question: The Red Queen's Race is a science fiction short story that uses the Red Queen's race from a novel by Lewis Carroll that is the sequel to what?
Method: dalk
Method profile: retrieval-based QA method
Task type: identify the predecessor novel to a specific Lewis Carroll work referenced by a short story
Answer type: other
Reasoning profile: hop_count=2; multi_hop=true; comparison=false; temporal=false; aggregation=false; entity_linking=true; relation_chaining=true; disambiguation=true
Method selection signals: literary entity linking; multi-hop relation chaining; sequel-predecessor relationship tracing; specific author work identification","Question: The Red Queen's Race is a science fiction short story that uses the Red Queen's race from a novel by Lewis Carroll that is the sequel to what?
Method: light
Method profile: lightweight retrieval and reasoning method
Task type: identify the predecessor novel to a specific Lewis Carroll work referenced by a short story
Answer type: other
Reasoning profile: hop_count=2; multi_hop=true; comparison=false; temporal=false; aggregation=false; entity_linking=true; relation_chaining=true; disambiguation=true
Method selection signals: literary entity linking; multi-hop relation chaining; sequel-predecessor relationship tracing; specific author work identification",0.3333333333,1.0,0,"[""lgraph"", ""light"", ""qagn""]",3,True
109,The Red Queen's Race is a science fiction short story that uses the Red Queen's race from a novel by Lewis Carroll that is the sequel to what?,gr,light,"Question: The Red Queen's Race is a science fiction short story that uses the Red Queen's race from a novel by Lewis Carroll that is the sequel to what?
Method: gr
Method profile: graph reasoning oriented method
Task type: identify the predecessor novel to a specific Lewis Carroll work referenced by a short story
Answer type: other
Reasoning profile: hop_count=2; multi_hop=true; comparison=false; temporal=false; aggregation=false; entity_linking=true; relation_chaining=true; disambiguation=true
Method selection signals: literary entity linking; multi-hop relation chaining; sequel-predecessor relationship tracing; specific author work identification","Question: The Red Queen's Race is a science fiction short story that uses the Red Queen's race from a novel by Lewis Carroll that is the sequel to what?
Method: light
Method profile: lightweight retrieval and reasoning method
Task type: identify the predecessor novel to a specific Lewis Carroll work referenced by a short story
Answer type: other
Reasoning profile: hop_count=2; multi_hop=true; comparison=false; temporal=false; aggregation=false; entity_linking=true; relation_chaining=true; disambiguation=true
Method selection signals: literary entity linking; multi-hop relation chaining; sequel-predecessor relationship tracing; specific author work identification",0.0,1.0,0,"[""lgraph"", ""light"", ""qagn""]",3,True
109,The Red Queen's Race is a science fiction short story that uses the Red Queen's race from a novel by Lewis Carroll that is the sequel to what?,hippo,light,"Question: The Red Queen's Race is a science fiction short story that uses the Red Queen's race from a novel by Lewis Carroll that is the sequel to what?
Method: hippo
Method profile: multi-step retrieval and reasoning method
Task type: identify the predecessor novel to a specific Lewis Carroll work referenced by a short story
Answer type: other
Reasoning profile: hop_count=2; multi_hop=true; comparison=false; temporal=false; aggregation=false; entity_linking=true; relation_chaining=true; disambiguation=true
Method selection signals: literary entity linking; multi-hop relation chaining; sequel-predecessor relationship tracing; specific author work identification","Question: The Red Queen's Race is a science fiction short story that uses the Red Queen's race from a novel by Lewis Carroll that is the sequel to what?
Method: light
Method profile: lightweight retrieval and reasoning method
Task type: identify the predecessor novel to a specific Lewis Carroll work referenced by a short story
Answer type: other
Reasoning profile: hop_count=2; multi_hop=true; comparison=false; temporal=false; aggregation=false; entity_linking=true; relation_chaining=true; disambiguation=true
Method selection signals: literary entity linking; multi-hop relation chaining; sequel-predecessor relationship tracing; specific author work identification",0.3636363636,1.0,0,"[""lgraph"", ""light"", ""qagn""]",3,True
109,The Red Queen's Race is a science fiction short story that uses the Red Queen's race from a novel by Lewis Carroll that is the sequel to what?,qagn,dalk,"Question: The Red Queen's Race is a science fiction short story that uses the Red Queen's race from a novel by Lewis Carroll that is the sequel to what?
Method: qagn
Method profile: question answering with graph/navigation signals
Task type: identify the predecessor novel to a specific Lewis Carroll work referenced by a short story
Answer type: other
Reasoning profile: hop_count=2; multi_hop=true; comparison=false; temporal=false; aggregation=false; entity_linking=true; relation_chaining=true; disambiguation=true
Method selection signals: literary entity linking; multi-hop relation chaining; sequel-predecessor relationship tracing; specific author work identification","Question: The Red Queen's Race is a science fiction short story that uses the Red Queen's race from a novel by Lewis Carroll that is the sequel to what?
Method: dalk
Method profile: retrieval-based QA method
Task type: identify the predecessor novel to a specific Lewis Carroll work referenced by a short story
Answer type: other
Reasoning profile: hop_count=2; multi_hop=true; comparison=false; temporal=false; aggregation=false; entity_linking=true; relation_chaining=true; disambiguation=true
Method selection signals: literary entity linking; multi-hop relation chaining; sequel-predecessor relationship tracing; specific author work identification",1.0,0.3333333333,1,"[""lgraph"", ""light"", ""qagn""]",3,True
109,The Red Queen's Race is a science fiction short story that uses the Red Queen's race from a novel by Lewis Carroll that is the sequel to what?,gr,qagn,"Question: The Red Queen's Race is a science fiction short story that uses the Red Queen's race from a novel by Lewis Carroll that is the sequel to what?
Method: gr
Method profile: graph reasoning oriented method
Task type: identify the predecessor novel to a specific Lewis Carroll work referenced by a short story
Answer type: other
Reasoning profile: hop_count=2; multi_hop=true; comparison=false; temporal=false; aggregation=false; entity_linking=true; relation_chaining=true; disambiguation=true
Method selection signals: literary entity linking; multi-hop relation chaining; sequel-predecessor relationship tracing; specific author work identification","Question: The Red Queen's Race is a science fiction short story that uses the Red Queen's race from a novel by Lewis Carroll that is the sequel to what?
Method: qagn
Method profile: question answering with graph/navigation signals
Task type: identify the predecessor novel to a specific Lewis Carroll work referenced by a short story
Answer type: other
Reasoning profile: hop_count=2; multi_hop=true; comparison=false; temporal=false; aggregation=false; entity_linking=true; relation_chaining=true; disambiguation=true
Method selection signals: literary entity linking; multi-hop relation chaining; sequel-predecessor relationship tracing; specific author work identification",0.0,1.0,0,"[""lgraph"", ""light"", ""qagn""]",3,True
109,The Red Queen's Race is a science fiction short story that uses the Red Queen's race from a novel by Lewis Carroll that is the sequel to what?,qagn,hippo,"Question: The Red Queen's Race is a science fiction short story that uses the Red Queen's race from a novel by Lewis Carroll that is the sequel to what?
Method: qagn
Method profile: question answering with graph/navigation signals
Task type: identify the predecessor novel to a specific Lewis Carroll work referenced by a short story
Answer type: other
Reasoning profile: hop_count=2; multi_hop=true; comparison=false; temporal=false; aggregation=false; entity_linking=true; relation_chaining=true; disambiguation=true
Method selection signals: literary entity linking; multi-hop relation chaining; sequel-predecessor relationship tracing; specific author work identification","Question: The Red Queen's Race is a science fiction short story that uses the Red Queen's race from a novel by Lewis Carroll that is the sequel to what?
Method: hippo
Method profile: multi-step retrieval and reasoning method
Task type: identify the predecessor novel to a specific Lewis Carroll work referenced by a short story
Answer type: other
Reasoning profile: hop_count=2; multi_hop=true; comparison=false; temporal=false; aggregation=false; entity_linking=true; relation_chaining=true; disambiguation=true
Method selection signals: literary entity linking; multi-hop relation chaining; sequel-predecessor relationship tracing; specific author work identification",1.0,0.3636363636,1,"[""lgraph"", ""light"", ""qagn""]",3,True
110,How many Major League Baseball teams usually attend the meeting where the John H. Johnson President's Award is awarded?,hippo,dalk,"Question: How many Major League Baseball teams usually attend the meeting where the John H. Johnson President's Award is awarded?
Method: hippo
Method profile: multi-step retrieval and reasoning method
Task type: find the count of teams attending a specific award ceremony meeting
Answer type: other
Reasoning profile: hop_count=2; multi_hop=true; comparison=false; temporal=false; aggregation=true; entity_linking=true; relation_chaining=true; disambiguation=true
Method selection signals: specific award entity lookup; event-attendee relation extraction; filtering entities by organization type; counting aggregation","Question: How many Major League Baseball teams usually attend the meeting where the John H. Johnson President's Award is awarded?
Method: dalk
Method profile: retrieval-based QA method
Task type: find the count of teams attending a specific award ceremony meeting
Answer type: other
Reasoning profile: hop_count=2; multi_hop=true; comparison=false; temporal=false; aggregation=true; entity_linking=true; relation_chaining=true; disambiguation=true
Method selection signals: specific award entity lookup; event-attendee relation extraction; filtering entities by organization type; counting aggregation",0.4761904762,0.2,1,"[""hippo"", ""lgraph"", ""light"", ""qagn""]",4,True
110,How many Major League Baseball teams usually attend the meeting where the John H. Johnson President's Award is awarded?,hippo,gr,"Question: How many Major League Baseball teams usually attend the meeting where the John H. Johnson President's Award is awarded?
Method: hippo
Method profile: multi-step retrieval and reasoning method
Task type: find the count of teams attending a specific award ceremony meeting
Answer type: other
Reasoning profile: hop_count=2; multi_hop=true; comparison=false; temporal=false; aggregation=true; entity_linking=true; relation_chaining=true; disambiguation=true
Method selection signals: specific award entity lookup; event-attendee relation extraction; filtering entities by organization type; counting aggregation","Question: How many Major League Baseball teams usually attend the meeting where the John H. Johnson President's Award is awarded?
Method: gr
Method profile: graph reasoning oriented method
Task type: find the count of teams attending a specific award ceremony meeting
Answer type: other
Reasoning profile: hop_count=2; multi_hop=true; comparison=false; temporal=false; aggregation=true; entity_linking=true; relation_chaining=true; disambiguation=true
Method selection signals: specific award entity lookup; event-attendee relation extraction; filtering entities by organization type; counting aggregation",0.4761904762,0.2857142857,1,"[""hippo"", ""lgraph"", ""light"", ""qagn""]",4,True
110,How many Major League Baseball teams usually attend the meeting where the John H. Johnson President's Award is awarded?,dalk,lgraph,"Question: How many Major League Baseball teams usually attend the meeting where the John H. Johnson President's Award is awarded?
Method: dalk
Method profile: retrieval-based QA method
Task type: find the count of teams attending a specific award ceremony meeting
Answer type: other
Reasoning profile: hop_count=2; multi_hop=true; comparison=false; temporal=false; aggregation=true; entity_linking=true; relation_chaining=true; disambiguation=true
Method selection signals: specific award entity lookup; event-attendee relation extraction; filtering entities by organization type; counting aggregation","Question: How many Major League Baseball teams usually attend the meeting where the John H. Johnson President's Award is awarded?
Method: lgraph
Method profile: graph-centric reasoning and linking method
Task type: find the count of teams attending a specific award ceremony meeting
Answer type: other
Reasoning profile: hop_count=2; multi_hop=true; comparison=false; temporal=false; aggregation=true; entity_linking=true; relation_chaining=true; disambiguation=true
Method selection signals: specific award entity lookup; event-attendee relation extraction; filtering entities by organization type; counting aggregation",0.2,0.4761904762,0,"[""hippo"", ""lgraph"", ""light"", ""qagn""]",4,True
110,How many Major League Baseball teams usually attend the meeting where the John H. Johnson President's Award is awarded?,gr,lgraph,"Question: How many Major League Baseball teams usually attend the meeting where the John H. Johnson President's Award is awarded?
Method: gr
Method profile: graph reasoning oriented method
Task type: find the count of teams attending a specific award ceremony meeting
Answer type: other
Reasoning profile: hop_count=2; multi_hop=true; comparison=false; temporal=false; aggregation=true; entity_linking=true; relation_chaining=true; disambiguation=true
Method selection signals: specific award entity lookup; event-attendee relation extraction; filtering entities by organization type; counting aggregation","Question: How many Major League Baseball teams usually attend the meeting where the John H. Johnson President's Award is awarded?
Method: lgraph
Method profile: graph-centric reasoning and linking method
Task type: find the count of teams attending a specific award ceremony meeting
Answer type: other
Reasoning profile: hop_count=2; multi_hop=true; comparison=false; temporal=false; aggregation=true; entity_linking=true; relation_chaining=true; disambiguation=true
Method selection signals: specific award entity lookup; event-attendee relation extraction; filtering entities by organization type; counting aggregation",0.2857142857,0.4761904762,0,"[""hippo"", ""lgraph"", ""light"", ""qagn""]",4,True
110,How many Major League Baseball teams usually attend the meeting where the John H. Johnson President's Award is awarded?,light,dalk,"Question: How many Major League Baseball teams usually attend the meeting where the John H. Johnson President's Award is awarded?
Method: light
Method profile: lightweight retrieval and reasoning method
Task type: find the count of teams attending a specific award ceremony meeting
Answer type: other
Reasoning profile: hop_count=2; multi_hop=true; comparison=false; temporal=false; aggregation=true; entity_linking=true; relation_chaining=true; disambiguation=true
Method selection signals: specific award entity lookup; event-attendee relation extraction; filtering entities by organization type; counting aggregation","Question: How many Major League Baseball teams usually attend the meeting where the John H. Johnson President's Award is awarded?
Method: dalk
Method profile: retrieval-based QA method
Task type: find the count of teams attending a specific award ceremony meeting
Answer type: other
Reasoning profile: hop_count=2; multi_hop=true; comparison=false; temporal=false; aggregation=true; entity_linking=true; relation_chaining=true; disambiguation=true
Method selection signals: specific award entity lookup; event-attendee relation extraction; filtering entities by organization type; counting aggregation",0.4761904762,0.2,1,"[""hippo"", ""lgraph"", ""light"", ""qagn""]",4,True
110,How many Major League Baseball teams usually attend the meeting where the John H. Johnson President's Award is awarded?,light,gr,"Question: How many Major League Baseball teams usually attend the meeting where the John H. Johnson President's Award is awarded?
Method: light
Method profile: lightweight retrieval and reasoning method
Task type: find the count of teams attending a specific award ceremony meeting
Answer type: other
Reasoning profile: hop_count=2; multi_hop=true; comparison=false; temporal=false; aggregation=true; entity_linking=true; relation_chaining=true; disambiguation=true
Method selection signals: specific award entity lookup; event-attendee relation extraction; filtering entities by organization type; counting aggregation","Question: How many Major League Baseball teams usually attend the meeting where the John H. Johnson President's Award is awarded?
Method: gr
Method profile: graph reasoning oriented method
Task type: find the count of teams attending a specific award ceremony meeting
Answer type: other
Reasoning profile: hop_count=2; multi_hop=true; comparison=false; temporal=false; aggregation=true; entity_linking=true; relation_chaining=true; disambiguation=true
Method selection signals: specific award entity lookup; event-attendee relation extraction; filtering entities by organization type; counting aggregation",0.4761904762,0.2857142857,1,"[""hippo"", ""lgraph"", ""light"", ""qagn""]",4,True
110,How many Major League Baseball teams usually attend the meeting where the John H. Johnson President's Award is awarded?,qagn,dalk,"Question: How many Major League Baseball teams usually attend the meeting where the John H. Johnson President's Award is awarded?
Method: qagn
Method profile: question answering with graph/navigation signals
Task type: find the count of teams attending a specific award ceremony meeting
Answer type: other
Reasoning profile: hop_count=2; multi_hop=true; comparison=false; temporal=false; aggregation=true; entity_linking=true; relation_chaining=true; disambiguation=true
Method selection signals: specific award entity lookup; event-attendee relation extraction; filtering entities by organization type; counting aggregation","Question: How many Major League Baseball teams usually attend the meeting where the John H. Johnson President's Award is awarded?
Method: dalk
Method profile: retrieval-based QA method
Task type: find the count of teams attending a specific award ceremony meeting
Answer type: other
Reasoning profile: hop_count=2; multi_hop=true; comparison=false; temporal=false; aggregation=true; entity_linking=true; relation_chaining=true; disambiguation=true
Method selection signals: specific award entity lookup; event-attendee relation extraction; filtering entities by organization type; counting aggregation",0.4761904762,0.2,1,"[""hippo"", ""lgraph"", ""light"", ""qagn""]",4,True
110,How many Major League Baseball teams usually attend the meeting where the John H. Johnson President's Award is awarded?,qagn,gr,"Question: How many Major League Baseball teams usually attend the meeting where the John H. Johnson President's Award is awarded?
Method: qagn
Method profile: question answering with graph/navigation signals
Task type: find the count of teams attending a specific award ceremony meeting
Answer type: other
Reasoning profile: hop_count=2; multi_hop=true; comparison=false; temporal=false; aggregation=true; entity_linking=true; relation_chaining=true; disambiguation=true
Method selection signals: specific award entity lookup; event-attendee relation extraction; filtering entities by organization type; counting aggregation","Question: How many Major League Baseball teams usually attend the meeting where the John H. Johnson President's Award is awarded?
Method: gr
Method profile: graph reasoning oriented method
Task type: find the count of teams attending a specific award ceremony meeting
Answer type: other
Reasoning profile: hop_count=2; multi_hop=true; comparison=false; temporal=false; aggregation=true; entity_linking=true; relation_chaining=true; disambiguation=true
Method selection signals: specific award entity lookup; event-attendee relation extraction; filtering entities by organization type; counting aggregation",0.4761904762,0.2857142857,1,"[""hippo"", ""lgraph"", ""light"", ""qagn""]",4,True
111,"What season was the character introduced that becomes the main antagonist in the following season, from the animated television series created by Bryan Konietzko and Michael Dante DiMartino as a sequel to """", which aired from 2005 to 2008?",dalk,lgraph,"Question: What season was the character introduced that becomes the main antagonist in the following season, from the animated television series created by Bryan Konietzko and Michael Dante DiMartino as a sequel to """", which aired from 2005 to 2008?
Method: dalk
Method profile: retrieval-based QA method
Task type: find the introduction season of a character defined by their future antagonist role
Answer type: other
Reasoning profile: hop_count=3; multi_hop=true; comparison=false; temporal=true; aggregation=false; entity_linking=true; relation_chaining=true; disambiguation=true
Method selection signals: entity linking via creators and production dates; sequel relationship verification; character role tracking across multiple seasons; sequential season logic; handling incomplete entity names in query","Question: What season was the character introduced that becomes the main antagonist in the following season, from the animated television series created by Bryan Konietzko and Michael Dante DiMartino as a sequel to """", which aired from 2005 to 2008?
Method: lgraph
Method profile: graph-centric reasoning and linking method
Task type: find the introduction season of a character defined by their future antagonist role
Answer type: other
Reasoning profile: hop_count=3; multi_hop=true; comparison=false; temporal=true; aggregation=false; entity_linking=true; relation_chaining=true; disambiguation=true
Method selection signals: entity linking via creators and production dates; sequel relationship verification; character role tracking across multiple seasons; sequential season logic; handling incomplete entity names in query",0.0,0.6666666667,0,"[""lgraph"", ""light"", ""qagn""]",3,True
111,"What season was the character introduced that becomes the main antagonist in the following season, from the animated television series created by Bryan Konietzko and Michael Dante DiMartino as a sequel to """", which aired from 2005 to 2008?",gr,lgraph,"Question: What season was the character introduced that becomes the main antagonist in the following season, from the animated television series created by Bryan Konietzko and Michael Dante DiMartino as a sequel to """", which aired from 2005 to 2008?
Method: gr
Method profile: graph reasoning oriented method
Task type: find the introduction season of a character defined by their future antagonist role
Answer type: other
Reasoning profile: hop_count=3; multi_hop=true; comparison=false; temporal=true; aggregation=false; entity_linking=true; relation_chaining=true; disambiguation=true
Method selection signals: entity linking via creators and production dates; sequel relationship verification; character role tracking across multiple seasons; sequential season logic; handling incomplete entity names in query","Question: What season was the character introduced that becomes the main antagonist in the following season, from the animated television series created by Bryan Konietzko and Michael Dante DiMartino as a sequel to """", which aired from 2005 to 2008?
Method: lgraph
Method profile: graph-centric reasoning and linking method
Task type: find the introduction season of a character defined by their future antagonist role
Answer type: other
Reasoning profile: hop_count=3; multi_hop=true; comparison=false; temporal=true; aggregation=false; entity_linking=true; relation_chaining=true; disambiguation=true
Method selection signals: entity linking via creators and production dates; sequel relationship verification; character role tracking across multiple seasons; sequential season logic; handling incomplete entity names in query",0.0,0.6666666667,0,"[""lgraph"", ""light"", ""qagn""]",3,True
111,"What season was the character introduced that becomes the main antagonist in the following season, from the animated television series created by Bryan Konietzko and Michael Dante DiMartino as a sequel to """", which aired from 2005 to 2008?",lgraph,hippo,"Question: What season was the character introduced that becomes the main antagonist in the following season, from the animated television series created by Bryan Konietzko and Michael Dante DiMartino as a sequel to """", which aired from 2005 to 2008?
Method: lgraph
Method profile: graph-centric reasoning and linking method
Task type: find the introduction season of a character defined by their future antagonist role
Answer type: other
Reasoning profile: hop_count=3; multi_hop=true; comparison=false; temporal=true; aggregation=false; entity_linking=true; relation_chaining=true; disambiguation=true
Method selection signals: entity linking via creators and production dates; sequel relationship verification; character role tracking across multiple seasons; sequential season logic; handling incomplete entity names in query","Question: What season was the character introduced that becomes the main antagonist in the following season, from the animated television series created by Bryan Konietzko and Michael Dante DiMartino as a sequel to """", which aired from 2005 to 2008?
Method: hippo
Method profile: multi-step retrieval and reasoning method
Task type: find the introduction season of a character defined by their future antagonist role
Answer type: other
Reasoning profile: hop_count=3; multi_hop=true; comparison=false; temporal=true; aggregation=false; entity_linking=true; relation_chaining=true; disambiguation=true
Method selection signals: entity linking via creators and production dates; sequel relationship verification; character role tracking across multiple seasons; sequential season logic; handling incomplete entity names in query",0.6666666667,0.1428571429,1,"[""lgraph"", ""light"", ""qagn""]",3,True
111,"What season was the character introduced that becomes the main antagonist in the following season, from the animated television series created by Bryan Konietzko and Michael Dante DiMartino as a sequel to """", which aired from 2005 to 2008?",light,dalk,"Question: What season was the character introduced that becomes the main antagonist in the following season, from the animated television series created by Bryan Konietzko and Michael Dante DiMartino as a sequel to """", which aired from 2005 to 2008?
Method: light
Method profile: lightweight retrieval and reasoning method
Task type: find the introduction season of a character defined by their future antagonist role
Answer type: other
Reasoning profile: hop_count=3; multi_hop=true; comparison=false; temporal=true; aggregation=false; entity_linking=true; relation_chaining=true; disambiguation=true
Method selection signals: entity linking via creators and production dates; sequel relationship verification; character role tracking across multiple seasons; sequential season logic; handling incomplete entity names in query","Question: What season was the character introduced that becomes the main antagonist in the following season, from the animated television series created by Bryan Konietzko and Michael Dante DiMartino as a sequel to """", which aired from 2005 to 2008?
Method: dalk
Method profile: retrieval-based QA method
Task type: find the introduction season of a character defined by their future antagonist role
Answer type: other
Reasoning profile: hop_count=3; multi_hop=true; comparison=false; temporal=true; aggregation=false; entity_linking=true; relation_chaining=true; disambiguation=true
Method selection signals: entity linking via creators and production dates; sequel relationship verification; character role tracking across multiple seasons; sequential season logic; handling incomplete entity names in query",0.6666666667,0.0,1,"[""lgraph"", ""light"", ""qagn""]",3,True
111,"What season was the character introduced that becomes the main antagonist in the following season, from the animated television series created by Bryan Konietzko and Michael Dante DiMartino as a sequel to """", which aired from 2005 to 2008?",gr,light,"Question: What season was the character introduced that becomes the main antagonist in the following season, from the animated television series created by Bryan Konietzko and Michael Dante DiMartino as a sequel to """", which aired from 2005 to 2008?
Method: gr
Method profile: graph reasoning oriented method
Task type: find the introduction season of a character defined by their future antagonist role
Answer type: other
Reasoning profile: hop_count=3; multi_hop=true; comparison=false; temporal=true; aggregation=false; entity_linking=true; relation_chaining=true; disambiguation=true
Method selection signals: entity linking via creators and production dates; sequel relationship verification; character role tracking across multiple seasons; sequential season logic; handling incomplete entity names in query","Question: What season was the character introduced that becomes the main antagonist in the following season, from the animated television series created by Bryan Konietzko and Michael Dante DiMartino as a sequel to """", which aired from 2005 to 2008?
Method: light
Method profile: lightweight retrieval and reasoning method
Task type: find the introduction season of a character defined by their future antagonist role
Answer type: other
Reasoning profile: hop_count=3; multi_hop=true; comparison=false; temporal=true; aggregation=false; entity_linking=true; relation_chaining=true; disambiguation=true
Method selection signals: entity linking via creators and production dates; sequel relationship verification; character role tracking across multiple seasons; sequential season logic; handling incomplete entity names in query",0.0,0.6666666667,0,"[""lgraph"", ""light"", ""qagn""]",3,True
111,"What season was the character introduced that becomes the main antagonist in the following season, from the animated television series created by Bryan Konietzko and Michael Dante DiMartino as a sequel to """", which aired from 2005 to 2008?",hippo,light,"Question: What season was the character introduced that becomes the main antagonist in the following season, from the animated television series created by Bryan Konietzko and Michael Dante DiMartino as a sequel to """", which aired from 2005 to 2008?
Method: hippo
Method profile: multi-step retrieval and reasoning method
Task type: find the introduction season of a character defined by their future antagonist role
Answer type: other
Reasoning profile: hop_count=3; multi_hop=true; comparison=false; temporal=true; aggregation=false; entity_linking=true; relation_chaining=true; disambiguation=true
Method selection signals: entity linking via creators and production dates; sequel relationship verification; character role tracking across multiple seasons; sequential season logic; handling incomplete entity names in query","Question: What season was the character introduced that becomes the main antagonist in the following season, from the animated television series created by Bryan Konietzko and Michael Dante DiMartino as a sequel to """", which aired from 2005 to 2008?
Method: light
Method profile: lightweight retrieval and reasoning method
Task type: find the introduction season of a character defined by their future antagonist role
Answer type: other
Reasoning profile: hop_count=3; multi_hop=true; comparison=false; temporal=true; aggregation=false; entity_linking=true; relation_chaining=true; disambiguation=true
Method selection signals: entity linking via creators and production dates; sequel relationship verification; character role tracking across multiple seasons; sequential season logic; handling incomplete entity names in query",0.1428571429,0.6666666667,0,"[""lgraph"", ""light"", ""qagn""]",3,True
111,"What season was the character introduced that becomes the main antagonist in the following season, from the animated television series created by Bryan Konietzko and Michael Dante DiMartino as a sequel to """", which aired from 2005 to 2008?",qagn,dalk,"Question: What season was the character introduced that becomes the main antagonist in the following season, from the animated television series created by Bryan Konietzko and Michael Dante DiMartino as a sequel to """", which aired from 2005 to 2008?
Method: qagn
Method profile: question answering with graph/navigation signals
Task type: find the introduction season of a character defined by their future antagonist role
Answer type: other
Reasoning profile: hop_count=3; multi_hop=true; comparison=false; temporal=true; aggregation=false; entity_linking=true; relation_chaining=true; disambiguation=true
Method selection signals: entity linking via creators and production dates; sequel relationship verification; character role tracking across multiple seasons; sequential season logic; handling incomplete entity names in query","Question: What season was the character introduced that becomes the main antagonist in the following season, from the animated television series created by Bryan Konietzko and Michael Dante DiMartino as a sequel to """", which aired from 2005 to 2008?
Method: dalk
Method profile: retrieval-based QA method
Task type: find the introduction season of a character defined by their future antagonist role
Answer type: other
Reasoning profile: hop_count=3; multi_hop=true; comparison=false; temporal=true; aggregation=false; entity_linking=true; relation_chaining=true; disambiguation=true
Method selection signals: entity linking via creators and production dates; sequel relationship verification; character role tracking across multiple seasons; sequential season logic; handling incomplete entity names in query",0.6666666667,0.0,1,"[""lgraph"", ""light"", ""qagn""]",3,True
111,"What season was the character introduced that becomes the main antagonist in the following season, from the animated television series created by Bryan Konietzko and Michael Dante DiMartino as a sequel to """", which aired from 2005 to 2008?",gr,qagn,"Question: What season was the character introduced that becomes the main antagonist in the following season, from the animated television series created by Bryan Konietzko and Michael Dante DiMartino as a sequel to """", which aired from 2005 to 2008?
Method: gr
Method profile: graph reasoning oriented method
Task type: find the introduction season of a character defined by their future antagonist role
Answer type: other
Reasoning profile: hop_count=3; multi_hop=true; comparison=false; temporal=true; aggregation=false; entity_linking=true; relation_chaining=true; disambiguation=true
Method selection signals: entity linking via creators and production dates; sequel relationship verification; character role tracking across multiple seasons; sequential season logic; handling incomplete entity names in query","Question: What season was the character introduced that becomes the main antagonist in the following season, from the animated television series created by Bryan Konietzko and Michael Dante DiMartino as a sequel to """", which aired from 2005 to 2008?
Method: qagn
Method profile: question answering with graph/navigation signals
Task type: find the introduction season of a character defined by their future antagonist role
Answer type: other
Reasoning profile: hop_count=3; multi_hop=true; comparison=false; temporal=true; aggregation=false; entity_linking=true; relation_chaining=true; disambiguation=true
Method selection signals: entity linking via creators and production dates; sequel relationship verification; character role tracking across multiple seasons; sequential season logic; handling incomplete entity names in query",0.0,0.6666666667,0,"[""lgraph"", ""light"", ""qagn""]",3,True
111,"What season was the character introduced that becomes the main antagonist in the following season, from the animated television series created by Bryan Konietzko and Michael Dante DiMartino as a sequel to """", which aired from 2005 to 2008?",hippo,qagn,"Question: What season was the character introduced that becomes the main antagonist in the following season, from the animated television series created by Bryan Konietzko and Michael Dante DiMartino as a sequel to """", which aired from 2005 to 2008?
Method: hippo
Method profile: multi-step retrieval and reasoning method
Task type: find the introduction season of a character defined by their future antagonist role
Answer type: other
Reasoning profile: hop_count=3; multi_hop=true; comparison=false; temporal=true; aggregation=false; entity_linking=true; relation_chaining=true; disambiguation=true
Method selection signals: entity linking via creators and production dates; sequel relationship verification; character role tracking across multiple seasons; sequential season logic; handling incomplete entity names in query","Question: What season was the character introduced that becomes the main antagonist in the following season, from the animated television series created by Bryan Konietzko and Michael Dante DiMartino as a sequel to """", which aired from 2005 to 2008?
Method: qagn
Method profile: question answering with graph/navigation signals
Task type: find the introduction season of a character defined by their future antagonist role
Answer type: other
Reasoning profile: hop_count=3; multi_hop=true; comparison=false; temporal=true; aggregation=false; entity_linking=true; relation_chaining=true; disambiguation=true
Method selection signals: entity linking via creators and production dates; sequel relationship verification; character role tracking across multiple seasons; sequential season logic; handling incomplete entity names in query",0.1428571429,0.6666666667,0,"[""lgraph"", ""light"", ""qagn""]",3,True
113,What dance academy did the starring actress from The Glory of Tang Dynasty graduate from?,dalk,qagn,"Question: What dance academy did the starring actress from The Glory of Tang Dynasty graduate from?
Method: dalk
Method profile: retrieval-based QA method
Task type: find the educational institution of a specific actor linked to a media work
Answer type: organization
Reasoning profile: hop_count=2; multi_hop=true; comparison=false; temporal=false; aggregation=false; entity_linking=true; relation_chaining=true; disambiguation=true
Method selection signals: media title to cast member linking; biographical education fact retrieval; multi-hop relation chaining; institution type filtering","Question: What dance academy did the starring actress from The Glory of Tang Dynasty graduate from?
Method: qagn
Method profile: question answering with graph/navigation signals
Task type: find the educational institution of a specific actor linked to a media work
Answer type: organization
Reasoning profile: hop_count=2; multi_hop=true; comparison=false; temporal=false; aggregation=false; entity_linking=true; relation_chaining=true; disambiguation=true
Method selection signals: media title to cast member linking; biographical education fact retrieval; multi-hop relation chaining; institution type filtering",0.1818181818,0.1904761905,0,"[""qagn""]",1,False
113,What dance academy did the starring actress from The Glory of Tang Dynasty graduate from?,qagn,gr,"Question: What dance academy did the starring actress from The Glory of Tang Dynasty graduate from?
Method: qagn
Method profile: question answering with graph/navigation signals
Task type: find the educational institution of a specific actor linked to a media work
Answer type: organization
Reasoning profile: hop_count=2; multi_hop=true; comparison=false; temporal=false; aggregation=false; entity_linking=true; relation_chaining=true; disambiguation=true
Method selection signals: media title to cast member linking; biographical education fact retrieval; multi-hop relation chaining; institution type filtering","Question: What dance academy did the starring actress from The Glory of Tang Dynasty graduate from?
Method: gr
Method profile: graph reasoning oriented method
Task type: find the educational institution of a specific actor linked to a media work
Answer type: organization
Reasoning profile: hop_count=2; multi_hop=true; comparison=false; temporal=false; aggregation=false; entity_linking=true; relation_chaining=true; disambiguation=true
Method selection signals: media title to cast member linking; biographical education fact retrieval; multi-hop relation chaining; institution type filtering",0.1904761905,0.0,1,"[""qagn""]",1,False
113,What dance academy did the starring actress from The Glory of Tang Dynasty graduate from?,qagn,hippo,"Question: What dance academy did the starring actress from The Glory of Tang Dynasty graduate from?
Method: qagn
Method profile: question answering with graph/navigation signals
Task type: find the educational institution of a specific actor linked to a media work
Answer type: organization
Reasoning profile: hop_count=2; multi_hop=true; comparison=false; temporal=false; aggregation=false; entity_linking=true; relation_chaining=true; disambiguation=true
Method selection signals: media title to cast member linking; biographical education fact retrieval; multi-hop relation chaining; institution type filtering","Question: What dance academy did the starring actress from The Glory of Tang Dynasty graduate from?
Method: hippo
Method profile: multi-step retrieval and reasoning method
Task type: find the educational institution of a specific actor linked to a media work
Answer type: organization
Reasoning profile: hop_count=2; multi_hop=true; comparison=false; temporal=false; aggregation=false; entity_linking=true; relation_chaining=true; disambiguation=true
Method selection signals: media title to cast member linking; biographical education fact retrieval; multi-hop relation chaining; institution type filtering",0.1904761905,0.1818181818,1,"[""qagn""]",1,False
113,What dance academy did the starring actress from The Glory of Tang Dynasty graduate from?,qagn,lgraph,"Question: What dance academy did the starring actress from The Glory of Tang Dynasty graduate from?
Method: qagn
Method profile: question answering with graph/navigation signals
Task type: find the educational institution of a specific actor linked to a media work
Answer type: organization
Reasoning profile: hop_count=2; multi_hop=true; comparison=false; temporal=false; aggregation=false; entity_linking=true; relation_chaining=true; disambiguation=true
Method selection signals: media title to cast member linking; biographical education fact retrieval; multi-hop relation chaining; institution type filtering","Question: What dance academy did the starring actress from The Glory of Tang Dynasty graduate from?
Method: lgraph
Method profile: graph-centric reasoning and linking method
Task type: find the educational institution of a specific actor linked to a media work
Answer type: organization
Reasoning profile: hop_count=2; multi_hop=true; comparison=false; temporal=false; aggregation=false; entity_linking=true; relation_chaining=true; disambiguation=true
Method selection signals: media title to cast member linking; biographical education fact retrieval; multi-hop relation chaining; institution type filtering",0.1904761905,0.1739130435,1,"[""qagn""]",1,False
113,What dance academy did the starring actress from The Glory of Tang Dynasty graduate from?,qagn,light,"Question: What dance academy did the starring actress from The Glory of Tang Dynasty graduate from?
Method: qagn
Method profile: question answering with graph/navigation signals
Task type: find the educational institution of a specific actor linked to a media work
Answer type: organization
Reasoning profile: hop_count=2; multi_hop=true; comparison=false; temporal=false; aggregation=false; entity_linking=true; relation_chaining=true; disambiguation=true
Method selection signals: media title to cast member linking; biographical education fact retrieval; multi-hop relation chaining; institution type filtering","Question: What dance academy did the starring actress from The Glory of Tang Dynasty graduate from?
Method: light
Method profile: lightweight retrieval and reasoning method
Task type: find the educational institution of a specific actor linked to a media work
Answer type: organization
Reasoning profile: hop_count=2; multi_hop=true; comparison=false; temporal=false; aggregation=false; entity_linking=true; relation_chaining=true; disambiguation=true
Method selection signals: media title to cast member linking; biographical education fact retrieval; multi-hop relation chaining; institution type filtering",0.1904761905,0.1739130435,1,"[""qagn""]",1,False
