qid,question_text,methodA_id,methodB_id,methodA_text,methodB_text,scoreA,scoreB,pair_label,best_methods_json,num_best_methods,is_tied_best
0,What is the current home arena of the NHL team Chris Summers plays for?,dalk,hippo,"[CLS]
Question: What is the current home arena of the NHL team Chris Summers plays for?
Method: dalk
[SEP]","[CLS]
Question: What is the current home arena of the NHL team Chris Summers plays for?
Method: hippo
[SEP]",0.3529411765,1.0,0,"[""hippo""]",1,False
0,What is the current home arena of the NHL team Chris Summers plays for?,hippo,gr,"[CLS]
Question: What is the current home arena of the NHL team Chris Summers plays for?
Method: hippo
[SEP]","[CLS]
Question: What is the current home arena of the NHL team Chris Summers plays for?
Method: gr
[SEP]",1.0,0.0869565217,1,"[""hippo""]",1,False
0,What is the current home arena of the NHL team Chris Summers plays for?,hippo,lgraph,"[CLS]
Question: What is the current home arena of the NHL team Chris Summers plays for?
Method: hippo
[SEP]","[CLS]
Question: What is the current home arena of the NHL team Chris Summers plays for?
Method: lgraph
[SEP]",1.0,0.0,1,"[""hippo""]",1,False
0,What is the current home arena of the NHL team Chris Summers plays for?,hippo,light,"[CLS]
Question: What is the current home arena of the NHL team Chris Summers plays for?
Method: hippo
[SEP]","[CLS]
Question: What is the current home arena of the NHL team Chris Summers plays for?
Method: light
[SEP]",1.0,0.1,1,"[""hippo""]",1,False
0,What is the current home arena of the NHL team Chris Summers plays for?,qagn,hippo,"[CLS]
Question: What is the current home arena of the NHL team Chris Summers plays for?
Method: qagn
[SEP]","[CLS]
Question: What is the current home arena of the NHL team Chris Summers plays for?
Method: hippo
[SEP]",0.3529411765,1.0,0,"[""hippo""]",1,False
1,One of the members of Dru Hill is nicknamed after which cartoon character?,gr,dalk,"[CLS]
Question: One of the members of Dru Hill is nicknamed after which cartoon character?
Method: gr
[SEP]","[CLS]
Question: One of the members of Dru Hill is nicknamed after which cartoon character?
Method: dalk
[SEP]",0.0,1.0,0,"[""dalk""]",1,False
1,One of the members of Dru Hill is nicknamed after which cartoon character?,hippo,dalk,"[CLS]
Question: One of the members of Dru Hill is nicknamed after which cartoon character?
Method: hippo
[SEP]","[CLS]
Question: One of the members of Dru Hill is nicknamed after which cartoon character?
Method: dalk
[SEP]",0.4444444444,1.0,0,"[""dalk""]",1,False
1,One of the members of Dru Hill is nicknamed after which cartoon character?,dalk,lgraph,"[CLS]
Question: One of the members of Dru Hill is nicknamed after which cartoon character?
Method: dalk
[SEP]","[CLS]
Question: One of the members of Dru Hill is nicknamed after which cartoon character?
Method: lgraph
[SEP]",1.0,0.5,1,"[""dalk""]",1,False
1,One of the members of Dru Hill is nicknamed after which cartoon character?,dalk,light,"[CLS]
Question: One of the members of Dru Hill is nicknamed after which cartoon character?
Method: dalk
[SEP]","[CLS]
Question: One of the members of Dru Hill is nicknamed after which cartoon character?
Method: light
[SEP]",1.0,0.5,1,"[""dalk""]",1,False
1,One of the members of Dru Hill is nicknamed after which cartoon character?,dalk,qagn,"[CLS]
Question: One of the members of Dru Hill is nicknamed after which cartoon character?
Method: dalk
[SEP]","[CLS]
Question: One of the members of Dru Hill is nicknamed after which cartoon character?
Method: qagn
[SEP]",1.0,0.5,1,"[""dalk""]",1,False
2,"The Order of th elithuanian Grand Duke Gediminas features one of the earliest symbols of Lithuania, that was used by the Lithuanian Republic as a minor state symbol during what period?",hippo,dalk,"[CLS]
Question: The Order of th elithuanian Grand Duke Gediminas features one of the earliest symbols of Lithuania, that was used by the Lithuanian Republic as a minor state symbol during what period?
Method: hippo
[SEP]","[CLS]
Question: The Order of th elithuanian Grand Duke Gediminas features one of the earliest symbols of Lithuania, that was used by the Lithuanian Republic as a minor state symbol during what period?
Method: dalk
[SEP]",0.9411764706,0.0,1,"[""hippo""]",1,False
2,"The Order of th elithuanian Grand Duke Gediminas features one of the earliest symbols of Lithuania, that was used by the Lithuanian Republic as a minor state symbol during what period?",gr,hippo,"[CLS]
Question: The Order of th elithuanian Grand Duke Gediminas features one of the earliest symbols of Lithuania, that was used by the Lithuanian Republic as a minor state symbol during what period?
Method: gr
[SEP]","[CLS]
Question: The Order of th elithuanian Grand Duke Gediminas features one of the earliest symbols of Lithuania, that was used by the Lithuanian Republic as a minor state symbol during what period?
Method: hippo
[SEP]",0.0,0.9411764706,0,"[""hippo""]",1,False
2,"The Order of th elithuanian Grand Duke Gediminas features one of the earliest symbols of Lithuania, that was used by the Lithuanian Republic as a minor state symbol during what period?",hippo,lgraph,"[CLS]
Question: The Order of th elithuanian Grand Duke Gediminas features one of the earliest symbols of Lithuania, that was used by the Lithuanian Republic as a minor state symbol during what period?
Method: hippo
[SEP]","[CLS]
Question: The Order of th elithuanian Grand Duke Gediminas features one of the earliest symbols of Lithuania, that was used by the Lithuanian Republic as a minor state symbol during what period?
Method: lgraph
[SEP]",0.9411764706,0.0,1,"[""hippo""]",1,False
2,"The Order of th elithuanian Grand Duke Gediminas features one of the earliest symbols of Lithuania, that was used by the Lithuanian Republic as a minor state symbol during what period?",hippo,light,"[CLS]
Question: The Order of th elithuanian Grand Duke Gediminas features one of the earliest symbols of Lithuania, that was used by the Lithuanian Republic as a minor state symbol during what period?
Method: hippo
[SEP]","[CLS]
Question: The Order of th elithuanian Grand Duke Gediminas features one of the earliest symbols of Lithuania, that was used by the Lithuanian Republic as a minor state symbol during what period?
Method: light
[SEP]",0.9411764706,0.0,1,"[""hippo""]",1,False
2,"The Order of th elithuanian Grand Duke Gediminas features one of the earliest symbols of Lithuania, that was used by the Lithuanian Republic as a minor state symbol during what period?",qagn,hippo,"[CLS]
Question: The Order of th elithuanian Grand Duke Gediminas features one of the earliest symbols of Lithuania, that was used by the Lithuanian Republic as a minor state symbol during what period?
Method: qagn
[SEP]","[CLS]
Question: The Order of th elithuanian Grand Duke Gediminas features one of the earliest symbols of Lithuania, that was used by the Lithuanian Republic as a minor state symbol during what period?
Method: hippo
[SEP]",0.5333333333,0.9411764706,0,"[""hippo""]",1,False
5,In which six Western European territories have Celtic languages or cultural traits survived?,dalk,light,"[CLS]
Question: In which six Western European territories have Celtic languages or cultural traits survived?
Method: dalk
[SEP]","[CLS]
Question: In which six Western European territories have Celtic languages or cultural traits survived?
Method: light
[SEP]",0.4137931034,0.9473684211,0,"[""light""]",1,False
5,In which six Western European territories have Celtic languages or cultural traits survived?,light,gr,"[CLS]
Question: In which six Western European territories have Celtic languages or cultural traits survived?
Method: light
[SEP]","[CLS]
Question: In which six Western European territories have Celtic languages or cultural traits survived?
Method: gr
[SEP]",0.9473684211,0.0,1,"[""light""]",1,False
5,In which six Western European territories have Celtic languages or cultural traits survived?,hippo,light,"[CLS]
Question: In which six Western European territories have Celtic languages or cultural traits survived?
Method: hippo
[SEP]","[CLS]
Question: In which six Western European territories have Celtic languages or cultural traits survived?
Method: light
[SEP]",0.5806451613,0.9473684211,0,"[""light""]",1,False
5,In which six Western European territories have Celtic languages or cultural traits survived?,lgraph,light,"[CLS]
Question: In which six Western European territories have Celtic languages or cultural traits survived?
Method: lgraph
[SEP]","[CLS]
Question: In which six Western European territories have Celtic languages or cultural traits survived?
Method: light
[SEP]",0.0,0.9473684211,0,"[""light""]",1,False
5,In which six Western European territories have Celtic languages or cultural traits survived?,light,qagn,"[CLS]
Question: In which six Western European territories have Celtic languages or cultural traits survived?
Method: light
[SEP]","[CLS]
Question: In which six Western European territories have Celtic languages or cultural traits survived?
Method: qagn
[SEP]",0.9473684211,0.5806451613,1,"[""light""]",1,False
6,What team is coached by former head college coach Connie Yori?,gr,dalk,"[CLS]
Question: What team is coached by former head college coach Connie Yori?
Method: gr
[SEP]","[CLS]
Question: What team is coached by former head college coach Connie Yori?
Method: dalk
[SEP]",0.0,0.8888888889,0,"[""dalk"", ""hippo"", ""lgraph"", ""light"", ""qagn""]",5,True
6,What team is coached by former head college coach Connie Yori?,gr,hippo,"[CLS]
Question: What team is coached by former head college coach Connie Yori?
Method: gr
[SEP]","[CLS]
Question: What team is coached by former head college coach Connie Yori?
Method: hippo
[SEP]",0.0,0.8888888889,0,"[""dalk"", ""hippo"", ""lgraph"", ""light"", ""qagn""]",5,True
6,What team is coached by former head college coach Connie Yori?,lgraph,gr,"[CLS]
Question: What team is coached by former head college coach Connie Yori?
Method: lgraph
[SEP]","[CLS]
Question: What team is coached by former head college coach Connie Yori?
Method: gr
[SEP]",0.8888888889,0.0,1,"[""dalk"", ""hippo"", ""lgraph"", ""light"", ""qagn""]",5,True
6,What team is coached by former head college coach Connie Yori?,light,gr,"[CLS]
Question: What team is coached by former head college coach Connie Yori?
Method: light
[SEP]","[CLS]
Question: What team is coached by former head college coach Connie Yori?
Method: gr
[SEP]",0.8888888889,0.0,1,"[""dalk"", ""hippo"", ""lgraph"", ""light"", ""qagn""]",5,True
6,What team is coached by former head college coach Connie Yori?,gr,qagn,"[CLS]
Question: What team is coached by former head college coach Connie Yori?
Method: gr
[SEP]","[CLS]
Question: What team is coached by former head college coach Connie Yori?
Method: qagn
[SEP]",0.0,0.8888888889,0,"[""dalk"", ""hippo"", ""lgraph"", ""light"", ""qagn""]",5,True
7,"According to the 2010 census, what was the population of the city in which Andover USD 385 is located?",light,dalk,"[CLS]
Question: According to the 2010 census, what was the population of the city in which Andover USD 385 is located?
Method: light
[SEP]","[CLS]
Question: According to the 2010 census, what was the population of the city in which Andover USD 385 is located?
Method: dalk
[SEP]",1.0,0.0,1,"[""light""]",1,False
7,"According to the 2010 census, what was the population of the city in which Andover USD 385 is located?",light,gr,"[CLS]
Question: According to the 2010 census, what was the population of the city in which Andover USD 385 is located?
Method: light
[SEP]","[CLS]
Question: According to the 2010 census, what was the population of the city in which Andover USD 385 is located?
Method: gr
[SEP]",1.0,0.0,1,"[""light""]",1,False
7,"According to the 2010 census, what was the population of the city in which Andover USD 385 is located?",light,hippo,"[CLS]
Question: According to the 2010 census, what was the population of the city in which Andover USD 385 is located?
Method: light
[SEP]","[CLS]
Question: According to the 2010 census, what was the population of the city in which Andover USD 385 is located?
Method: hippo
[SEP]",1.0,0.1333333333,1,"[""light""]",1,False
7,"According to the 2010 census, what was the population of the city in which Andover USD 385 is located?",lgraph,light,"[CLS]
Question: According to the 2010 census, what was the population of the city in which Andover USD 385 is located?
Method: lgraph
[SEP]","[CLS]
Question: According to the 2010 census, what was the population of the city in which Andover USD 385 is located?
Method: light
[SEP]",0.1333333333,1.0,0,"[""light""]",1,False
7,"According to the 2010 census, what was the population of the city in which Andover USD 385 is located?",qagn,light,"[CLS]
Question: According to the 2010 census, what was the population of the city in which Andover USD 385 is located?
Method: qagn
[SEP]","[CLS]
Question: According to the 2010 census, what was the population of the city in which Andover USD 385 is located?
Method: light
[SEP]",0.1333333333,1.0,0,"[""light""]",1,False
8,"Kung Fu Magoo is a Mexican-American animated action comedy film with an English voice cast star best known for her roll as what in ""Naruto""? ",dalk,lgraph,"[CLS]
Question: Kung Fu Magoo is a Mexican-American animated action comedy film with an English voice cast star best known for her roll as what in ""Naruto""? 
Method: dalk
[SEP]","[CLS]
Question: Kung Fu Magoo is a Mexican-American animated action comedy film with an English voice cast star best known for her roll as what in ""Naruto""? 
Method: lgraph
[SEP]",0.3333333333,1.0,0,"[""lgraph"", ""light"", ""qagn""]",3,True
8,"Kung Fu Magoo is a Mexican-American animated action comedy film with an English voice cast star best known for her roll as what in ""Naruto""? ",gr,lgraph,"[CLS]
Question: Kung Fu Magoo is a Mexican-American animated action comedy film with an English voice cast star best known for her roll as what in ""Naruto""? 
Method: gr
[SEP]","[CLS]
Question: Kung Fu Magoo is a Mexican-American animated action comedy film with an English voice cast star best known for her roll as what in ""Naruto""? 
Method: lgraph
[SEP]",0.0,1.0,0,"[""lgraph"", ""light"", ""qagn""]",3,True
8,"Kung Fu Magoo is a Mexican-American animated action comedy film with an English voice cast star best known for her roll as what in ""Naruto""? ",hippo,lgraph,"[CLS]
Question: Kung Fu Magoo is a Mexican-American animated action comedy film with an English voice cast star best known for her roll as what in ""Naruto""? 
Method: hippo
[SEP]","[CLS]
Question: Kung Fu Magoo is a Mexican-American animated action comedy film with an English voice cast star best known for her roll as what in ""Naruto""? 
Method: lgraph
[SEP]",0.16,1.0,0,"[""lgraph"", ""light"", ""qagn""]",3,True
8,"Kung Fu Magoo is a Mexican-American animated action comedy film with an English voice cast star best known for her roll as what in ""Naruto""? ",dalk,light,"[CLS]
Question: Kung Fu Magoo is a Mexican-American animated action comedy film with an English voice cast star best known for her roll as what in ""Naruto""? 
Method: dalk
[SEP]","[CLS]
Question: Kung Fu Magoo is a Mexican-American animated action comedy film with an English voice cast star best known for her roll as what in ""Naruto""? 
Method: light
[SEP]",0.3333333333,1.0,0,"[""lgraph"", ""light"", ""qagn""]",3,True
8,"Kung Fu Magoo is a Mexican-American animated action comedy film with an English voice cast star best known for her roll as what in ""Naruto""? ",light,gr,"[CLS]
Question: Kung Fu Magoo is a Mexican-American animated action comedy film with an English voice cast star best known for her roll as what in ""Naruto""? 
Method: light
[SEP]","[CLS]
Question: Kung Fu Magoo is a Mexican-American animated action comedy film with an English voice cast star best known for her roll as what in ""Naruto""? 
Method: gr
[SEP]",1.0,0.0,1,"[""lgraph"", ""light"", ""qagn""]",3,True
8,"Kung Fu Magoo is a Mexican-American animated action comedy film with an English voice cast star best known for her roll as what in ""Naruto""? ",hippo,light,"[CLS]
Question: Kung Fu Magoo is a Mexican-American animated action comedy film with an English voice cast star best known for her roll as what in ""Naruto""? 
Method: hippo
[SEP]","[CLS]
Question: Kung Fu Magoo is a Mexican-American animated action comedy film with an English voice cast star best known for her roll as what in ""Naruto""? 
Method: light
[SEP]",0.16,1.0,0,"[""lgraph"", ""light"", ""qagn""]",3,True
8,"Kung Fu Magoo is a Mexican-American animated action comedy film with an English voice cast star best known for her roll as what in ""Naruto""? ",dalk,qagn,"[CLS]
Question: Kung Fu Magoo is a Mexican-American animated action comedy film with an English voice cast star best known for her roll as what in ""Naruto""? 
Method: dalk
[SEP]","[CLS]
Question: Kung Fu Magoo is a Mexican-American animated action comedy film with an English voice cast star best known for her roll as what in ""Naruto""? 
Method: qagn
[SEP]",0.3333333333,1.0,0,"[""lgraph"", ""light"", ""qagn""]",3,True
8,"Kung Fu Magoo is a Mexican-American animated action comedy film with an English voice cast star best known for her roll as what in ""Naruto""? ",gr,qagn,"[CLS]
Question: Kung Fu Magoo is a Mexican-American animated action comedy film with an English voice cast star best known for her roll as what in ""Naruto""? 
Method: gr
[SEP]","[CLS]
Question: Kung Fu Magoo is a Mexican-American animated action comedy film with an English voice cast star best known for her roll as what in ""Naruto""? 
Method: qagn
[SEP]",0.0,1.0,0,"[""lgraph"", ""light"", ""qagn""]",3,True
8,"Kung Fu Magoo is a Mexican-American animated action comedy film with an English voice cast star best known for her roll as what in ""Naruto""? ",hippo,qagn,"[CLS]
Question: Kung Fu Magoo is a Mexican-American animated action comedy film with an English voice cast star best known for her roll as what in ""Naruto""? 
Method: hippo
[SEP]","[CLS]
Question: Kung Fu Magoo is a Mexican-American animated action comedy film with an English voice cast star best known for her roll as what in ""Naruto""? 
Method: qagn
[SEP]",0.16,1.0,0,"[""lgraph"", ""light"", ""qagn""]",3,True
10,The eldest daughter of Princess Louise of Denmark and Norway was the wife of a king whose motto was what?,dalk,hippo,"[CLS]
Question: The eldest daughter of Princess Louise of Denmark and Norway was the wife of a king whose motto was what?
Method: dalk
[SEP]","[CLS]
Question: The eldest daughter of Princess Louise of Denmark and Norway was the wife of a king whose motto was what?
Method: hippo
[SEP]",0.0,0.0689655172,0,"[""hippo""]",1,False
10,The eldest daughter of Princess Louise of Denmark and Norway was the wife of a king whose motto was what?,gr,hippo,"[CLS]
Question: The eldest daughter of Princess Louise of Denmark and Norway was the wife of a king whose motto was what?
Method: gr
[SEP]","[CLS]
Question: The eldest daughter of Princess Louise of Denmark and Norway was the wife of a king whose motto was what?
Method: hippo
[SEP]",0.0,0.0689655172,0,"[""hippo""]",1,False
10,The eldest daughter of Princess Louise of Denmark and Norway was the wife of a king whose motto was what?,hippo,lgraph,"[CLS]
Question: The eldest daughter of Princess Louise of Denmark and Norway was the wife of a king whose motto was what?
Method: hippo
[SEP]","[CLS]
Question: The eldest daughter of Princess Louise of Denmark and Norway was the wife of a king whose motto was what?
Method: lgraph
[SEP]",0.0689655172,0.0,1,"[""hippo""]",1,False
10,The eldest daughter of Princess Louise of Denmark and Norway was the wife of a king whose motto was what?,hippo,light,"[CLS]
Question: The eldest daughter of Princess Louise of Denmark and Norway was the wife of a king whose motto was what?
Method: hippo
[SEP]","[CLS]
Question: The eldest daughter of Princess Louise of Denmark and Norway was the wife of a king whose motto was what?
Method: light
[SEP]",0.0689655172,0.0,1,"[""hippo""]",1,False
10,The eldest daughter of Princess Louise of Denmark and Norway was the wife of a king whose motto was what?,hippo,qagn,"[CLS]
Question: The eldest daughter of Princess Louise of Denmark and Norway was the wife of a king whose motto was what?
Method: hippo
[SEP]","[CLS]
Question: The eldest daughter of Princess Louise of Denmark and Norway was the wife of a king whose motto was what?
Method: qagn
[SEP]",0.0689655172,0.064516129,1,"[""hippo""]",1,False
12,What German is Arthur Wesley Wheen best known for translating?,gr,dalk,"[CLS]
Question: What German is Arthur Wesley Wheen best known for translating?
Method: gr
[SEP]","[CLS]
Question: What German is Arthur Wesley Wheen best known for translating?
Method: dalk
[SEP]",0.3333333333,0.0,1,"[""gr""]",1,False
12,What German is Arthur Wesley Wheen best known for translating?,gr,hippo,"[CLS]
Question: What German is Arthur Wesley Wheen best known for translating?
Method: gr
[SEP]","[CLS]
Question: What German is Arthur Wesley Wheen best known for translating?
Method: hippo
[SEP]",0.3333333333,0.1176470588,1,"[""gr""]",1,False
12,What German is Arthur Wesley Wheen best known for translating?,gr,lgraph,"[CLS]
Question: What German is Arthur Wesley Wheen best known for translating?
Method: gr
[SEP]","[CLS]
Question: What German is Arthur Wesley Wheen best known for translating?
Method: lgraph
[SEP]",0.3333333333,0.0,1,"[""gr""]",1,False
12,What German is Arthur Wesley Wheen best known for translating?,gr,light,"[CLS]
Question: What German is Arthur Wesley Wheen best known for translating?
Method: gr
[SEP]","[CLS]
Question: What German is Arthur Wesley Wheen best known for translating?
Method: light
[SEP]",0.3333333333,0.0,1,"[""gr""]",1,False
12,What German is Arthur Wesley Wheen best known for translating?,qagn,gr,"[CLS]
Question: What German is Arthur Wesley Wheen best known for translating?
Method: qagn
[SEP]","[CLS]
Question: What German is Arthur Wesley Wheen best known for translating?
Method: gr
[SEP]",0.0,0.3333333333,0,"[""gr""]",1,False
15,Arundel Castle was damaged during a war between which two groups?,dalk,gr,"[CLS]
Question: Arundel Castle was damaged during a war between which two groups?
Method: dalk
[SEP]","[CLS]
Question: Arundel Castle was damaged during a war between which two groups?
Method: gr
[SEP]",0.3529411765,0.0,1,"[""dalk""]",1,False
15,Arundel Castle was damaged during a war between which two groups?,dalk,hippo,"[CLS]
Question: Arundel Castle was damaged during a war between which two groups?
Method: dalk
[SEP]","[CLS]
Question: Arundel Castle was damaged during a war between which two groups?
Method: hippo
[SEP]",0.3529411765,0.0,1,"[""dalk""]",1,False
15,Arundel Castle was damaged during a war between which two groups?,dalk,lgraph,"[CLS]
Question: Arundel Castle was damaged during a war between which two groups?
Method: dalk
[SEP]","[CLS]
Question: Arundel Castle was damaged during a war between which two groups?
Method: lgraph
[SEP]",0.3529411765,0.0,1,"[""dalk""]",1,False
15,Arundel Castle was damaged during a war between which two groups?,dalk,light,"[CLS]
Question: Arundel Castle was damaged during a war between which two groups?
Method: dalk
[SEP]","[CLS]
Question: Arundel Castle was damaged during a war between which two groups?
Method: light
[SEP]",0.3529411765,0.0,1,"[""dalk""]",1,False
15,Arundel Castle was damaged during a war between which two groups?,qagn,dalk,"[CLS]
Question: Arundel Castle was damaged during a war between which two groups?
Method: qagn
[SEP]","[CLS]
Question: Arundel Castle was damaged during a war between which two groups?
Method: dalk
[SEP]",0.0,0.3529411765,0,"[""dalk""]",1,False
16,What company founded in 1886 has owned the K-Y brand?,dalk,hippo,"[CLS]
Question: What company founded in 1886 has owned the K-Y brand?
Method: dalk
[SEP]","[CLS]
Question: What company founded in 1886 has owned the K-Y brand?
Method: hippo
[SEP]",0.0,1.0,0,"[""hippo"", ""lgraph"", ""light"", ""qagn""]",4,True
16,What company founded in 1886 has owned the K-Y brand?,gr,hippo,"[CLS]
Question: What company founded in 1886 has owned the K-Y brand?
Method: gr
[SEP]","[CLS]
Question: What company founded in 1886 has owned the K-Y brand?
Method: hippo
[SEP]",0.0,1.0,0,"[""hippo"", ""lgraph"", ""light"", ""qagn""]",4,True
16,What company founded in 1886 has owned the K-Y brand?,lgraph,dalk,"[CLS]
Question: What company founded in 1886 has owned the K-Y brand?
Method: lgraph
[SEP]","[CLS]
Question: What company founded in 1886 has owned the K-Y brand?
Method: dalk
[SEP]",1.0,0.0,1,"[""hippo"", ""lgraph"", ""light"", ""qagn""]",4,True
16,What company founded in 1886 has owned the K-Y brand?,gr,lgraph,"[CLS]
Question: What company founded in 1886 has owned the K-Y brand?
Method: gr
[SEP]","[CLS]
Question: What company founded in 1886 has owned the K-Y brand?
Method: lgraph
[SEP]",0.0,1.0,0,"[""hippo"", ""lgraph"", ""light"", ""qagn""]",4,True
16,What company founded in 1886 has owned the K-Y brand?,light,dalk,"[CLS]
Question: What company founded in 1886 has owned the K-Y brand?
Method: light
[SEP]","[CLS]
Question: What company founded in 1886 has owned the K-Y brand?
Method: dalk
[SEP]",1.0,0.0,1,"[""hippo"", ""lgraph"", ""light"", ""qagn""]",4,True
16,What company founded in 1886 has owned the K-Y brand?,light,gr,"[CLS]
Question: What company founded in 1886 has owned the K-Y brand?
Method: light
[SEP]","[CLS]
Question: What company founded in 1886 has owned the K-Y brand?
Method: gr
[SEP]",1.0,0.0,1,"[""hippo"", ""lgraph"", ""light"", ""qagn""]",4,True
16,What company founded in 1886 has owned the K-Y brand?,dalk,qagn,"[CLS]
Question: What company founded in 1886 has owned the K-Y brand?
Method: dalk
[SEP]","[CLS]
Question: What company founded in 1886 has owned the K-Y brand?
Method: qagn
[SEP]",0.0,1.0,0,"[""hippo"", ""lgraph"", ""light"", ""qagn""]",4,True
16,What company founded in 1886 has owned the K-Y brand?,gr,qagn,"[CLS]
Question: What company founded in 1886 has owned the K-Y brand?
Method: gr
[SEP]","[CLS]
Question: What company founded in 1886 has owned the K-Y brand?
Method: qagn
[SEP]",0.0,1.0,0,"[""hippo"", ""lgraph"", ""light"", ""qagn""]",4,True
18,Who covered the song I Love You by Chris Write?,dalk,hippo,"[CLS]
Question: Who covered the song I Love You by Chris Write?
Method: dalk
[SEP]","[CLS]
Question: Who covered the song I Love You by Chris Write?
Method: hippo
[SEP]",0.3,0.4285714286,0,"[""hippo"", ""light"", ""qagn""]",3,True
18,Who covered the song I Love You by Chris Write?,gr,hippo,"[CLS]
Question: Who covered the song I Love You by Chris Write?
Method: gr
[SEP]","[CLS]
Question: Who covered the song I Love You by Chris Write?
Method: hippo
[SEP]",0.0,0.4285714286,0,"[""hippo"", ""light"", ""qagn""]",3,True
18,Who covered the song I Love You by Chris Write?,lgraph,hippo,"[CLS]
Question: Who covered the song I Love You by Chris Write?
Method: lgraph
[SEP]","[CLS]
Question: Who covered the song I Love You by Chris Write?
Method: hippo
[SEP]",0.375,0.4285714286,0,"[""hippo"", ""light"", ""qagn""]",3,True
18,Who covered the song I Love You by Chris Write?,dalk,light,"[CLS]
Question: Who covered the song I Love You by Chris Write?
Method: dalk
[SEP]","[CLS]
Question: Who covered the song I Love You by Chris Write?
Method: light
[SEP]",0.3,0.4285714286,0,"[""hippo"", ""light"", ""qagn""]",3,True
18,Who covered the song I Love You by Chris Write?,light,gr,"[CLS]
Question: Who covered the song I Love You by Chris Write?
Method: light
[SEP]","[CLS]
Question: Who covered the song I Love You by Chris Write?
Method: gr
[SEP]",0.4285714286,0.0,1,"[""hippo"", ""light"", ""qagn""]",3,True
18,Who covered the song I Love You by Chris Write?,light,lgraph,"[CLS]
Question: Who covered the song I Love You by Chris Write?
Method: light
[SEP]","[CLS]
Question: Who covered the song I Love You by Chris Write?
Method: lgraph
[SEP]",0.4285714286,0.375,1,"[""hippo"", ""light"", ""qagn""]",3,True
18,Who covered the song I Love You by Chris Write?,qagn,dalk,"[CLS]
Question: Who covered the song I Love You by Chris Write?
Method: qagn
[SEP]","[CLS]
Question: Who covered the song I Love You by Chris Write?
Method: dalk
[SEP]",0.4285714286,0.3,1,"[""hippo"", ""light"", ""qagn""]",3,True
18,Who covered the song I Love You by Chris Write?,qagn,gr,"[CLS]
Question: Who covered the song I Love You by Chris Write?
Method: qagn
[SEP]","[CLS]
Question: Who covered the song I Love You by Chris Write?
Method: gr
[SEP]",0.4285714286,0.0,1,"[""hippo"", ""light"", ""qagn""]",3,True
18,Who covered the song I Love You by Chris Write?,qagn,lgraph,"[CLS]
Question: Who covered the song I Love You by Chris Write?
Method: qagn
[SEP]","[CLS]
Question: Who covered the song I Love You by Chris Write?
Method: lgraph
[SEP]",0.4285714286,0.375,1,"[""hippo"", ""light"", ""qagn""]",3,True
19,What is Gary Cole's character based on?,dalk,lgraph,"[CLS]
Question: What is Gary Cole's character based on?
Method: dalk
[SEP]","[CLS]
Question: What is Gary Cole's character based on?
Method: lgraph
[SEP]",0.0,0.0476190476,0,"[""lgraph""]",1,False
19,What is Gary Cole's character based on?,gr,lgraph,"[CLS]
Question: What is Gary Cole's character based on?
Method: gr
[SEP]","[CLS]
Question: What is Gary Cole's character based on?
Method: lgraph
[SEP]",0.0,0.0476190476,0,"[""lgraph""]",1,False
19,What is Gary Cole's character based on?,lgraph,hippo,"[CLS]
Question: What is Gary Cole's character based on?
Method: lgraph
[SEP]","[CLS]
Question: What is Gary Cole's character based on?
Method: hippo
[SEP]",0.0476190476,0.0,1,"[""lgraph""]",1,False
19,What is Gary Cole's character based on?,light,lgraph,"[CLS]
Question: What is Gary Cole's character based on?
Method: light
[SEP]","[CLS]
Question: What is Gary Cole's character based on?
Method: lgraph
[SEP]",0.0,0.0476190476,0,"[""lgraph""]",1,False
19,What is Gary Cole's character based on?,lgraph,qagn,"[CLS]
Question: What is Gary Cole's character based on?
Method: lgraph
[SEP]","[CLS]
Question: What is Gary Cole's character based on?
Method: qagn
[SEP]",0.0476190476,0.0,1,"[""lgraph""]",1,False
22,"Which castles, besides Bamburgh Castle, are located on the northeast coast of England?",dalk,gr,"[CLS]
Question: Which castles, besides Bamburgh Castle, are located on the northeast coast of England?
Method: dalk
[SEP]","[CLS]
Question: Which castles, besides Bamburgh Castle, are located on the northeast coast of England?
Method: gr
[SEP]",0.0769230769,0.5,0,"[""gr""]",1,False
22,"Which castles, besides Bamburgh Castle, are located on the northeast coast of England?",gr,hippo,"[CLS]
Question: Which castles, besides Bamburgh Castle, are located on the northeast coast of England?
Method: gr
[SEP]","[CLS]
Question: Which castles, besides Bamburgh Castle, are located on the northeast coast of England?
Method: hippo
[SEP]",0.5,0.2857142857,1,"[""gr""]",1,False
22,"Which castles, besides Bamburgh Castle, are located on the northeast coast of England?",gr,lgraph,"[CLS]
Question: Which castles, besides Bamburgh Castle, are located on the northeast coast of England?
Method: gr
[SEP]","[CLS]
Question: Which castles, besides Bamburgh Castle, are located on the northeast coast of England?
Method: lgraph
[SEP]",0.5,0.1818181818,1,"[""gr""]",1,False
22,"Which castles, besides Bamburgh Castle, are located on the northeast coast of England?",gr,light,"[CLS]
Question: Which castles, besides Bamburgh Castle, are located on the northeast coast of England?
Method: gr
[SEP]","[CLS]
Question: Which castles, besides Bamburgh Castle, are located on the northeast coast of England?
Method: light
[SEP]",0.5,0.3636363636,1,"[""gr""]",1,False
22,"Which castles, besides Bamburgh Castle, are located on the northeast coast of England?",qagn,gr,"[CLS]
Question: Which castles, besides Bamburgh Castle, are located on the northeast coast of England?
Method: qagn
[SEP]","[CLS]
Question: Which castles, besides Bamburgh Castle, are located on the northeast coast of England?
Method: gr
[SEP]",0.1818181818,0.5,0,"[""gr""]",1,False
23,What kind of company is this group whose headquarters are in AIA Central? ,gr,dalk,"[CLS]
Question: What kind of company is this group whose headquarters are in AIA Central? 
Method: gr
[SEP]","[CLS]
Question: What kind of company is this group whose headquarters are in AIA Central? 
Method: dalk
[SEP]",0.3333333333,0.2352941176,1,"[""gr""]",1,False
23,What kind of company is this group whose headquarters are in AIA Central? ,hippo,gr,"[CLS]
Question: What kind of company is this group whose headquarters are in AIA Central? 
Method: hippo
[SEP]","[CLS]
Question: What kind of company is this group whose headquarters are in AIA Central? 
Method: gr
[SEP]",0.2857142857,0.3333333333,0,"[""gr""]",1,False
23,What kind of company is this group whose headquarters are in AIA Central? ,lgraph,gr,"[CLS]
Question: What kind of company is this group whose headquarters are in AIA Central? 
Method: lgraph
[SEP]","[CLS]
Question: What kind of company is this group whose headquarters are in AIA Central? 
Method: gr
[SEP]",0.1666666667,0.3333333333,0,"[""gr""]",1,False
23,What kind of company is this group whose headquarters are in AIA Central? ,gr,light,"[CLS]
Question: What kind of company is this group whose headquarters are in AIA Central? 
Method: gr
[SEP]","[CLS]
Question: What kind of company is this group whose headquarters are in AIA Central? 
Method: light
[SEP]",0.3333333333,0.1666666667,1,"[""gr""]",1,False
23,What kind of company is this group whose headquarters are in AIA Central? ,gr,qagn,"[CLS]
Question: What kind of company is this group whose headquarters are in AIA Central? 
Method: gr
[SEP]","[CLS]
Question: What kind of company is this group whose headquarters are in AIA Central? 
Method: qagn
[SEP]",0.3333333333,0.1666666667,1,"[""gr""]",1,False
27,Which airport Pago Pago International Airport or Chattanooga Metropolitan Airport is closer to the central business district of their local community ?,dalk,hippo,"[CLS]
Question: Which airport Pago Pago International Airport or Chattanooga Metropolitan Airport is closer to the central business district of their local community ?
Method: dalk
[SEP]","[CLS]
Question: Which airport Pago Pago International Airport or Chattanooga Metropolitan Airport is closer to the central business district of their local community ?
Method: hippo
[SEP]",0.1176470588,0.375,0,"[""hippo""]",1,False
27,Which airport Pago Pago International Airport or Chattanooga Metropolitan Airport is closer to the central business district of their local community ?,gr,hippo,"[CLS]
Question: Which airport Pago Pago International Airport or Chattanooga Metropolitan Airport is closer to the central business district of their local community ?
Method: gr
[SEP]","[CLS]
Question: Which airport Pago Pago International Airport or Chattanooga Metropolitan Airport is closer to the central business district of their local community ?
Method: hippo
[SEP]",0.0,0.375,0,"[""hippo""]",1,False
27,Which airport Pago Pago International Airport or Chattanooga Metropolitan Airport is closer to the central business district of their local community ?,hippo,lgraph,"[CLS]
Question: Which airport Pago Pago International Airport or Chattanooga Metropolitan Airport is closer to the central business district of their local community ?
Method: hippo
[SEP]","[CLS]
Question: Which airport Pago Pago International Airport or Chattanooga Metropolitan Airport is closer to the central business district of their local community ?
Method: lgraph
[SEP]",0.375,0.2727272727,1,"[""hippo""]",1,False
27,Which airport Pago Pago International Airport or Chattanooga Metropolitan Airport is closer to the central business district of their local community ?,hippo,light,"[CLS]
Question: Which airport Pago Pago International Airport or Chattanooga Metropolitan Airport is closer to the central business district of their local community ?
Method: hippo
[SEP]","[CLS]
Question: Which airport Pago Pago International Airport or Chattanooga Metropolitan Airport is closer to the central business district of their local community ?
Method: light
[SEP]",0.375,0.2727272727,1,"[""hippo""]",1,False
27,Which airport Pago Pago International Airport or Chattanooga Metropolitan Airport is closer to the central business district of their local community ?,hippo,qagn,"[CLS]
Question: Which airport Pago Pago International Airport or Chattanooga Metropolitan Airport is closer to the central business district of their local community ?
Method: hippo
[SEP]","[CLS]
Question: Which airport Pago Pago International Airport or Chattanooga Metropolitan Airport is closer to the central business district of their local community ?
Method: qagn
[SEP]",0.375,0.2727272727,1,"[""hippo""]",1,False
28,"When was the game, in which Drew Gehling voices Gord, released for PlayStation 2?",dalk,lgraph,"[CLS]
Question: When was the game, in which Drew Gehling voices Gord, released for PlayStation 2?
Method: dalk
[SEP]","[CLS]
Question: When was the game, in which Drew Gehling voices Gord, released for PlayStation 2?
Method: lgraph
[SEP]",0.6666666667,1.0,0,"[""lgraph"", ""qagn""]",2,True
28,"When was the game, in which Drew Gehling voices Gord, released for PlayStation 2?",gr,lgraph,"[CLS]
Question: When was the game, in which Drew Gehling voices Gord, released for PlayStation 2?
Method: gr
[SEP]","[CLS]
Question: When was the game, in which Drew Gehling voices Gord, released for PlayStation 2?
Method: lgraph
[SEP]",0.0,1.0,0,"[""lgraph"", ""qagn""]",2,True
28,"When was the game, in which Drew Gehling voices Gord, released for PlayStation 2?",lgraph,hippo,"[CLS]
Question: When was the game, in which Drew Gehling voices Gord, released for PlayStation 2?
Method: lgraph
[SEP]","[CLS]
Question: When was the game, in which Drew Gehling voices Gord, released for PlayStation 2?
Method: hippo
[SEP]",1.0,0.1111111111,1,"[""lgraph"", ""qagn""]",2,True
28,"When was the game, in which Drew Gehling voices Gord, released for PlayStation 2?",lgraph,light,"[CLS]
Question: When was the game, in which Drew Gehling voices Gord, released for PlayStation 2?
Method: lgraph
[SEP]","[CLS]
Question: When was the game, in which Drew Gehling voices Gord, released for PlayStation 2?
Method: light
[SEP]",1.0,0.3,1,"[""lgraph"", ""qagn""]",2,True
28,"When was the game, in which Drew Gehling voices Gord, released for PlayStation 2?",qagn,dalk,"[CLS]
Question: When was the game, in which Drew Gehling voices Gord, released for PlayStation 2?
Method: qagn
[SEP]","[CLS]
Question: When was the game, in which Drew Gehling voices Gord, released for PlayStation 2?
Method: dalk
[SEP]",1.0,0.6666666667,1,"[""lgraph"", ""qagn""]",2,True
28,"When was the game, in which Drew Gehling voices Gord, released for PlayStation 2?",gr,qagn,"[CLS]
Question: When was the game, in which Drew Gehling voices Gord, released for PlayStation 2?
Method: gr
[SEP]","[CLS]
Question: When was the game, in which Drew Gehling voices Gord, released for PlayStation 2?
Method: qagn
[SEP]",0.0,1.0,0,"[""lgraph"", ""qagn""]",2,True
28,"When was the game, in which Drew Gehling voices Gord, released for PlayStation 2?",hippo,qagn,"[CLS]
Question: When was the game, in which Drew Gehling voices Gord, released for PlayStation 2?
Method: hippo
[SEP]","[CLS]
Question: When was the game, in which Drew Gehling voices Gord, released for PlayStation 2?
Method: qagn
[SEP]",0.1111111111,1.0,0,"[""lgraph"", ""qagn""]",2,True
28,"When was the game, in which Drew Gehling voices Gord, released for PlayStation 2?",light,qagn,"[CLS]
Question: When was the game, in which Drew Gehling voices Gord, released for PlayStation 2?
Method: light
[SEP]","[CLS]
Question: When was the game, in which Drew Gehling voices Gord, released for PlayStation 2?
Method: qagn
[SEP]",0.3,1.0,0,"[""lgraph"", ""qagn""]",2,True
31,Are Super High Me and All in This Tea both documentaries?,gr,dalk,"[CLS]
Question: Are Super High Me and All in This Tea both documentaries?
Method: gr
[SEP]","[CLS]
Question: Are Super High Me and All in This Tea both documentaries?
Method: dalk
[SEP]",0.0,1.0,0,"[""dalk""]",1,False
31,Are Super High Me and All in This Tea both documentaries?,dalk,hippo,"[CLS]
Question: Are Super High Me and All in This Tea both documentaries?
Method: dalk
[SEP]","[CLS]
Question: Are Super High Me and All in This Tea both documentaries?
Method: hippo
[SEP]",1.0,0.0,1,"[""dalk""]",1,False
31,Are Super High Me and All in This Tea both documentaries?,lgraph,dalk,"[CLS]
Question: Are Super High Me and All in This Tea both documentaries?
Method: lgraph
[SEP]","[CLS]
Question: Are Super High Me and All in This Tea both documentaries?
Method: dalk
[SEP]",0.0,1.0,0,"[""dalk""]",1,False
31,Are Super High Me and All in This Tea both documentaries?,light,dalk,"[CLS]
Question: Are Super High Me and All in This Tea both documentaries?
Method: light
[SEP]","[CLS]
Question: Are Super High Me and All in This Tea both documentaries?
Method: dalk
[SEP]",0.0,1.0,0,"[""dalk""]",1,False
31,Are Super High Me and All in This Tea both documentaries?,qagn,dalk,"[CLS]
Question: Are Super High Me and All in This Tea both documentaries?
Method: qagn
[SEP]","[CLS]
Question: Are Super High Me and All in This Tea both documentaries?
Method: dalk
[SEP]",0.0,1.0,0,"[""dalk""]",1,False
32,"Which occurred first, Phillips v. Martin Marietta Corp. or Roth v. United States?",dalk,gr,"[CLS]
Question: Which occurred first, Phillips v. Martin Marietta Corp. or Roth v. United States?
Method: dalk
[SEP]","[CLS]
Question: Which occurred first, Phillips v. Martin Marietta Corp. or Roth v. United States?
Method: gr
[SEP]",0.8,0.0,1,"[""dalk"", ""hippo""]",2,True
32,"Which occurred first, Phillips v. Martin Marietta Corp. or Roth v. United States?",lgraph,dalk,"[CLS]
Question: Which occurred first, Phillips v. Martin Marietta Corp. or Roth v. United States?
Method: lgraph
[SEP]","[CLS]
Question: Which occurred first, Phillips v. Martin Marietta Corp. or Roth v. United States?
Method: dalk
[SEP]",0.0833333333,0.8,0,"[""dalk"", ""hippo""]",2,True
32,"Which occurred first, Phillips v. Martin Marietta Corp. or Roth v. United States?",dalk,light,"[CLS]
Question: Which occurred first, Phillips v. Martin Marietta Corp. or Roth v. United States?
Method: dalk
[SEP]","[CLS]
Question: Which occurred first, Phillips v. Martin Marietta Corp. or Roth v. United States?
Method: light
[SEP]",0.8,0.125,1,"[""dalk"", ""hippo""]",2,True
32,"Which occurred first, Phillips v. Martin Marietta Corp. or Roth v. United States?",dalk,qagn,"[CLS]
Question: Which occurred first, Phillips v. Martin Marietta Corp. or Roth v. United States?
Method: dalk
[SEP]","[CLS]
Question: Which occurred first, Phillips v. Martin Marietta Corp. or Roth v. United States?
Method: qagn
[SEP]",0.8,0.0833333333,1,"[""dalk"", ""hippo""]",2,True
32,"Which occurred first, Phillips v. Martin Marietta Corp. or Roth v. United States?",hippo,gr,"[CLS]
Question: Which occurred first, Phillips v. Martin Marietta Corp. or Roth v. United States?
Method: hippo
[SEP]","[CLS]
Question: Which occurred first, Phillips v. Martin Marietta Corp. or Roth v. United States?
Method: gr
[SEP]",0.8,0.0,1,"[""dalk"", ""hippo""]",2,True
32,"Which occurred first, Phillips v. Martin Marietta Corp. or Roth v. United States?",lgraph,hippo,"[CLS]
Question: Which occurred first, Phillips v. Martin Marietta Corp. or Roth v. United States?
Method: lgraph
[SEP]","[CLS]
Question: Which occurred first, Phillips v. Martin Marietta Corp. or Roth v. United States?
Method: hippo
[SEP]",0.0833333333,0.8,0,"[""dalk"", ""hippo""]",2,True
32,"Which occurred first, Phillips v. Martin Marietta Corp. or Roth v. United States?",light,hippo,"[CLS]
Question: Which occurred first, Phillips v. Martin Marietta Corp. or Roth v. United States?
Method: light
[SEP]","[CLS]
Question: Which occurred first, Phillips v. Martin Marietta Corp. or Roth v. United States?
Method: hippo
[SEP]",0.125,0.8,0,"[""dalk"", ""hippo""]",2,True
32,"Which occurred first, Phillips v. Martin Marietta Corp. or Roth v. United States?",hippo,qagn,"[CLS]
Question: Which occurred first, Phillips v. Martin Marietta Corp. or Roth v. United States?
Method: hippo
[SEP]","[CLS]
Question: Which occurred first, Phillips v. Martin Marietta Corp. or Roth v. United States?
Method: qagn
[SEP]",0.8,0.0833333333,1,"[""dalk"", ""hippo""]",2,True
34,How many marchers were in the protest that Pelham D. Glassford ended? ,dalk,gr,"[CLS]
Question: How many marchers were in the protest that Pelham D. Glassford ended? 
Method: dalk
[SEP]","[CLS]
Question: How many marchers were in the protest that Pelham D. Glassford ended? 
Method: gr
[SEP]",0.1538461538,1.0,0,"[""gr""]",1,False
34,How many marchers were in the protest that Pelham D. Glassford ended? ,gr,hippo,"[CLS]
Question: How many marchers were in the protest that Pelham D. Glassford ended? 
Method: gr
[SEP]","[CLS]
Question: How many marchers were in the protest that Pelham D. Glassford ended? 
Method: hippo
[SEP]",1.0,0.1176470588,1,"[""gr""]",1,False
34,How many marchers were in the protest that Pelham D. Glassford ended? ,lgraph,gr,"[CLS]
Question: How many marchers were in the protest that Pelham D. Glassford ended? 
Method: lgraph
[SEP]","[CLS]
Question: How many marchers were in the protest that Pelham D. Glassford ended? 
Method: gr
[SEP]",0.2857142857,1.0,0,"[""gr""]",1,False
34,How many marchers were in the protest that Pelham D. Glassford ended? ,light,gr,"[CLS]
Question: How many marchers were in the protest that Pelham D. Glassford ended? 
Method: light
[SEP]","[CLS]
Question: How many marchers were in the protest that Pelham D. Glassford ended? 
Method: gr
[SEP]",0.1111111111,1.0,0,"[""gr""]",1,False
34,How many marchers were in the protest that Pelham D. Glassford ended? ,gr,qagn,"[CLS]
Question: How many marchers were in the protest that Pelham D. Glassford ended? 
Method: gr
[SEP]","[CLS]
Question: How many marchers were in the protest that Pelham D. Glassford ended? 
Method: qagn
[SEP]",1.0,0.1111111111,1,"[""gr""]",1,False
35,George Borba was part of the team that competed at what 1970 championship?,dalk,lgraph,"[CLS]
Question: George Borba was part of the team that competed at what 1970 championship?
Method: dalk
[SEP]","[CLS]
Question: George Borba was part of the team that competed at what 1970 championship?
Method: lgraph
[SEP]",0.375,0.8571428571,0,"[""lgraph"", ""light"", ""qagn""]",3,True
35,George Borba was part of the team that competed at what 1970 championship?,gr,lgraph,"[CLS]
Question: George Borba was part of the team that competed at what 1970 championship?
Method: gr
[SEP]","[CLS]
Question: George Borba was part of the team that competed at what 1970 championship?
Method: lgraph
[SEP]",0.0,0.8571428571,0,"[""lgraph"", ""light"", ""qagn""]",3,True
35,George Borba was part of the team that competed at what 1970 championship?,lgraph,hippo,"[CLS]
Question: George Borba was part of the team that competed at what 1970 championship?
Method: lgraph
[SEP]","[CLS]
Question: George Borba was part of the team that competed at what 1970 championship?
Method: hippo
[SEP]",0.8571428571,0.375,1,"[""lgraph"", ""light"", ""qagn""]",3,True
35,George Borba was part of the team that competed at what 1970 championship?,dalk,light,"[CLS]
Question: George Borba was part of the team that competed at what 1970 championship?
Method: dalk
[SEP]","[CLS]
Question: George Borba was part of the team that competed at what 1970 championship?
Method: light
[SEP]",0.375,0.8571428571,0,"[""lgraph"", ""light"", ""qagn""]",3,True
35,George Borba was part of the team that competed at what 1970 championship?,gr,light,"[CLS]
Question: George Borba was part of the team that competed at what 1970 championship?
Method: gr
[SEP]","[CLS]
Question: George Borba was part of the team that competed at what 1970 championship?
Method: light
[SEP]",0.0,0.8571428571,0,"[""lgraph"", ""light"", ""qagn""]",3,True
35,George Borba was part of the team that competed at what 1970 championship?,hippo,light,"[CLS]
Question: George Borba was part of the team that competed at what 1970 championship?
Method: hippo
[SEP]","[CLS]
Question: George Borba was part of the team that competed at what 1970 championship?
Method: light
[SEP]",0.375,0.8571428571,0,"[""lgraph"", ""light"", ""qagn""]",3,True
35,George Borba was part of the team that competed at what 1970 championship?,dalk,qagn,"[CLS]
Question: George Borba was part of the team that competed at what 1970 championship?
Method: dalk
[SEP]","[CLS]
Question: George Borba was part of the team that competed at what 1970 championship?
Method: qagn
[SEP]",0.375,0.8571428571,0,"[""lgraph"", ""light"", ""qagn""]",3,True
35,George Borba was part of the team that competed at what 1970 championship?,qagn,gr,"[CLS]
Question: George Borba was part of the team that competed at what 1970 championship?
Method: qagn
[SEP]","[CLS]
Question: George Borba was part of the team that competed at what 1970 championship?
Method: gr
[SEP]",0.8571428571,0.0,1,"[""lgraph"", ""light"", ""qagn""]",3,True
35,George Borba was part of the team that competed at what 1970 championship?,qagn,hippo,"[CLS]
Question: George Borba was part of the team that competed at what 1970 championship?
Method: qagn
[SEP]","[CLS]
Question: George Borba was part of the team that competed at what 1970 championship?
Method: hippo
[SEP]",0.8571428571,0.375,1,"[""lgraph"", ""light"", ""qagn""]",3,True
36,Are Denzel Washington and David Hewlett both actors?,dalk,gr,"[CLS]
Question: Are Denzel Washington and David Hewlett both actors?
Method: dalk
[SEP]","[CLS]
Question: Are Denzel Washington and David Hewlett both actors?
Method: gr
[SEP]",1.0,0.0,1,"[""dalk""]",1,False
36,Are Denzel Washington and David Hewlett both actors?,hippo,dalk,"[CLS]
Question: Are Denzel Washington and David Hewlett both actors?
Method: hippo
[SEP]","[CLS]
Question: Are Denzel Washington and David Hewlett both actors?
Method: dalk
[SEP]",0.0,1.0,0,"[""dalk""]",1,False
36,Are Denzel Washington and David Hewlett both actors?,lgraph,dalk,"[CLS]
Question: Are Denzel Washington and David Hewlett both actors?
Method: lgraph
[SEP]","[CLS]
Question: Are Denzel Washington and David Hewlett both actors?
Method: dalk
[SEP]",0.0,1.0,0,"[""dalk""]",1,False
36,Are Denzel Washington and David Hewlett both actors?,light,dalk,"[CLS]
Question: Are Denzel Washington and David Hewlett both actors?
Method: light
[SEP]","[CLS]
Question: Are Denzel Washington and David Hewlett both actors?
Method: dalk
[SEP]",0.0,1.0,0,"[""dalk""]",1,False
36,Are Denzel Washington and David Hewlett both actors?,dalk,qagn,"[CLS]
Question: Are Denzel Washington and David Hewlett both actors?
Method: dalk
[SEP]","[CLS]
Question: Are Denzel Washington and David Hewlett both actors?
Method: qagn
[SEP]",1.0,0.0,1,"[""dalk""]",1,False
37,In which Navy was the single-engine BAE Systems Hawk operated?,lgraph,dalk,"[CLS]
Question: In which Navy was the single-engine BAE Systems Hawk operated?
Method: lgraph
[SEP]","[CLS]
Question: In which Navy was the single-engine BAE Systems Hawk operated?
Method: dalk
[SEP]",0.4,0.1176470588,1,"[""lgraph"", ""qagn""]",2,True
37,In which Navy was the single-engine BAE Systems Hawk operated?,gr,lgraph,"[CLS]
Question: In which Navy was the single-engine BAE Systems Hawk operated?
Method: gr
[SEP]","[CLS]
Question: In which Navy was the single-engine BAE Systems Hawk operated?
Method: lgraph
[SEP]",0.125,0.4,0,"[""lgraph"", ""qagn""]",2,True
37,In which Navy was the single-engine BAE Systems Hawk operated?,hippo,lgraph,"[CLS]
Question: In which Navy was the single-engine BAE Systems Hawk operated?
Method: hippo
[SEP]","[CLS]
Question: In which Navy was the single-engine BAE Systems Hawk operated?
Method: lgraph
[SEP]",0.1333333333,0.4,0,"[""lgraph"", ""qagn""]",2,True
37,In which Navy was the single-engine BAE Systems Hawk operated?,lgraph,light,"[CLS]
Question: In which Navy was the single-engine BAE Systems Hawk operated?
Method: lgraph
[SEP]","[CLS]
Question: In which Navy was the single-engine BAE Systems Hawk operated?
Method: light
[SEP]",0.4,0.1428571429,1,"[""lgraph"", ""qagn""]",2,True
37,In which Navy was the single-engine BAE Systems Hawk operated?,qagn,dalk,"[CLS]
Question: In which Navy was the single-engine BAE Systems Hawk operated?
Method: qagn
[SEP]","[CLS]
Question: In which Navy was the single-engine BAE Systems Hawk operated?
Method: dalk
[SEP]",0.4,0.1176470588,1,"[""lgraph"", ""qagn""]",2,True
37,In which Navy was the single-engine BAE Systems Hawk operated?,qagn,gr,"[CLS]
Question: In which Navy was the single-engine BAE Systems Hawk operated?
Method: qagn
[SEP]","[CLS]
Question: In which Navy was the single-engine BAE Systems Hawk operated?
Method: gr
[SEP]",0.4,0.125,1,"[""lgraph"", ""qagn""]",2,True
37,In which Navy was the single-engine BAE Systems Hawk operated?,hippo,qagn,"[CLS]
Question: In which Navy was the single-engine BAE Systems Hawk operated?
Method: hippo
[SEP]","[CLS]
Question: In which Navy was the single-engine BAE Systems Hawk operated?
Method: qagn
[SEP]",0.1333333333,0.4,0,"[""lgraph"", ""qagn""]",2,True
37,In which Navy was the single-engine BAE Systems Hawk operated?,light,qagn,"[CLS]
Question: In which Navy was the single-engine BAE Systems Hawk operated?
Method: light
[SEP]","[CLS]
Question: In which Navy was the single-engine BAE Systems Hawk operated?
Method: qagn
[SEP]",0.1428571429,0.4,0,"[""lgraph"", ""qagn""]",2,True
41,Where is the English punk rock band which Howard Devoto is the original singer of formed,lgraph,dalk,"[CLS]
Question: Where is the English punk rock band which Howard Devoto is the original singer of formed
Method: lgraph
[SEP]","[CLS]
Question: Where is the English punk rock band which Howard Devoto is the original singer of formed
Method: dalk
[SEP]",0.5,0.0,1,"[""lgraph"", ""qagn""]",2,True
41,Where is the English punk rock band which Howard Devoto is the original singer of formed,lgraph,gr,"[CLS]
Question: Where is the English punk rock band which Howard Devoto is the original singer of formed
Method: lgraph
[SEP]","[CLS]
Question: Where is the English punk rock band which Howard Devoto is the original singer of formed
Method: gr
[SEP]",0.5,0.2222222222,1,"[""lgraph"", ""qagn""]",2,True
41,Where is the English punk rock band which Howard Devoto is the original singer of formed,hippo,lgraph,"[CLS]
Question: Where is the English punk rock band which Howard Devoto is the original singer of formed
Method: hippo
[SEP]","[CLS]
Question: Where is the English punk rock band which Howard Devoto is the original singer of formed
Method: lgraph
[SEP]",0.1904761905,0.5,0,"[""lgraph"", ""qagn""]",2,True
41,Where is the English punk rock band which Howard Devoto is the original singer of formed,lgraph,light,"[CLS]
Question: Where is the English punk rock band which Howard Devoto is the original singer of formed
Method: lgraph
[SEP]","[CLS]
Question: Where is the English punk rock band which Howard Devoto is the original singer of formed
Method: light
[SEP]",0.5,0.2105263158,1,"[""lgraph"", ""qagn""]",2,True
41,Where is the English punk rock band which Howard Devoto is the original singer of formed,dalk,qagn,"[CLS]
Question: Where is the English punk rock band which Howard Devoto is the original singer of formed
Method: dalk
[SEP]","[CLS]
Question: Where is the English punk rock band which Howard Devoto is the original singer of formed
Method: qagn
[SEP]",0.0,0.5,0,"[""lgraph"", ""qagn""]",2,True
41,Where is the English punk rock band which Howard Devoto is the original singer of formed,qagn,gr,"[CLS]
Question: Where is the English punk rock band which Howard Devoto is the original singer of formed
Method: qagn
[SEP]","[CLS]
Question: Where is the English punk rock band which Howard Devoto is the original singer of formed
Method: gr
[SEP]",0.5,0.2222222222,1,"[""lgraph"", ""qagn""]",2,True
41,Where is the English punk rock band which Howard Devoto is the original singer of formed,qagn,hippo,"[CLS]
Question: Where is the English punk rock band which Howard Devoto is the original singer of formed
Method: qagn
[SEP]","[CLS]
Question: Where is the English punk rock band which Howard Devoto is the original singer of formed
Method: hippo
[SEP]",0.5,0.1904761905,1,"[""lgraph"", ""qagn""]",2,True
41,Where is the English punk rock band which Howard Devoto is the original singer of formed,light,qagn,"[CLS]
Question: Where is the English punk rock band which Howard Devoto is the original singer of formed
Method: light
[SEP]","[CLS]
Question: Where is the English punk rock band which Howard Devoto is the original singer of formed
Method: qagn
[SEP]",0.2105263158,0.5,0,"[""lgraph"", ""qagn""]",2,True
42,"Are both Kaiping and Pingxiang, Guangxi located in Guandong Province?",gr,dalk,"[CLS]
Question: Are both Kaiping and Pingxiang, Guangxi located in Guandong Province?
Method: gr
[SEP]","[CLS]
Question: Are both Kaiping and Pingxiang, Guangxi located in Guandong Province?
Method: dalk
[SEP]",0.0,1.0,0,"[""dalk""]",1,False
42,"Are both Kaiping and Pingxiang, Guangxi located in Guandong Province?",dalk,hippo,"[CLS]
Question: Are both Kaiping and Pingxiang, Guangxi located in Guandong Province?
Method: dalk
[SEP]","[CLS]
Question: Are both Kaiping and Pingxiang, Guangxi located in Guandong Province?
Method: hippo
[SEP]",1.0,0.0,1,"[""dalk""]",1,False
42,"Are both Kaiping and Pingxiang, Guangxi located in Guandong Province?",dalk,lgraph,"[CLS]
Question: Are both Kaiping and Pingxiang, Guangxi located in Guandong Province?
Method: dalk
[SEP]","[CLS]
Question: Are both Kaiping and Pingxiang, Guangxi located in Guandong Province?
Method: lgraph
[SEP]",1.0,0.0,1,"[""dalk""]",1,False
42,"Are both Kaiping and Pingxiang, Guangxi located in Guandong Province?",light,dalk,"[CLS]
Question: Are both Kaiping and Pingxiang, Guangxi located in Guandong Province?
Method: light
[SEP]","[CLS]
Question: Are both Kaiping and Pingxiang, Guangxi located in Guandong Province?
Method: dalk
[SEP]",0.0,1.0,0,"[""dalk""]",1,False
42,"Are both Kaiping and Pingxiang, Guangxi located in Guandong Province?",qagn,dalk,"[CLS]
Question: Are both Kaiping and Pingxiang, Guangxi located in Guandong Province?
Method: qagn
[SEP]","[CLS]
Question: Are both Kaiping and Pingxiang, Guangxi located in Guandong Province?
Method: dalk
[SEP]",0.0,1.0,0,"[""dalk""]",1,False
43,"This stadium, the largest in eastern Europe, was home to the 1998 IAAF Grand Prix Final.  How many seats does it have?",hippo,dalk,"[CLS]
Question: This stadium, the largest in eastern Europe, was home to the 1998 IAAF Grand Prix Final.  How many seats does it have?
Method: hippo
[SEP]","[CLS]
Question: This stadium, the largest in eastern Europe, was home to the 1998 IAAF Grand Prix Final.  How many seats does it have?
Method: dalk
[SEP]",1.0,0.4,1,"[""hippo"", ""lgraph"", ""qagn""]",3,True
43,"This stadium, the largest in eastern Europe, was home to the 1998 IAAF Grand Prix Final.  How many seats does it have?",gr,hippo,"[CLS]
Question: This stadium, the largest in eastern Europe, was home to the 1998 IAAF Grand Prix Final.  How many seats does it have?
Method: gr
[SEP]","[CLS]
Question: This stadium, the largest in eastern Europe, was home to the 1998 IAAF Grand Prix Final.  How many seats does it have?
Method: hippo
[SEP]",0.1538461538,1.0,0,"[""hippo"", ""lgraph"", ""qagn""]",3,True
43,"This stadium, the largest in eastern Europe, was home to the 1998 IAAF Grand Prix Final.  How many seats does it have?",hippo,light,"[CLS]
Question: This stadium, the largest in eastern Europe, was home to the 1998 IAAF Grand Prix Final.  How many seats does it have?
Method: hippo
[SEP]","[CLS]
Question: This stadium, the largest in eastern Europe, was home to the 1998 IAAF Grand Prix Final.  How many seats does it have?
Method: light
[SEP]",1.0,0.4444444444,1,"[""hippo"", ""lgraph"", ""qagn""]",3,True
43,"This stadium, the largest in eastern Europe, was home to the 1998 IAAF Grand Prix Final.  How many seats does it have?",lgraph,dalk,"[CLS]
Question: This stadium, the largest in eastern Europe, was home to the 1998 IAAF Grand Prix Final.  How many seats does it have?
Method: lgraph
[SEP]","[CLS]
Question: This stadium, the largest in eastern Europe, was home to the 1998 IAAF Grand Prix Final.  How many seats does it have?
Method: dalk
[SEP]",1.0,0.4,1,"[""hippo"", ""lgraph"", ""qagn""]",3,True
43,"This stadium, the largest in eastern Europe, was home to the 1998 IAAF Grand Prix Final.  How many seats does it have?",lgraph,gr,"[CLS]
Question: This stadium, the largest in eastern Europe, was home to the 1998 IAAF Grand Prix Final.  How many seats does it have?
Method: lgraph
[SEP]","[CLS]
Question: This stadium, the largest in eastern Europe, was home to the 1998 IAAF Grand Prix Final.  How many seats does it have?
Method: gr
[SEP]",1.0,0.1538461538,1,"[""hippo"", ""lgraph"", ""qagn""]",3,True
43,"This stadium, the largest in eastern Europe, was home to the 1998 IAAF Grand Prix Final.  How many seats does it have?",light,lgraph,"[CLS]
Question: This stadium, the largest in eastern Europe, was home to the 1998 IAAF Grand Prix Final.  How many seats does it have?
Method: light
[SEP]","[CLS]
Question: This stadium, the largest in eastern Europe, was home to the 1998 IAAF Grand Prix Final.  How many seats does it have?
Method: lgraph
[SEP]",0.4444444444,1.0,0,"[""hippo"", ""lgraph"", ""qagn""]",3,True
43,"This stadium, the largest in eastern Europe, was home to the 1998 IAAF Grand Prix Final.  How many seats does it have?",qagn,dalk,"[CLS]
Question: This stadium, the largest in eastern Europe, was home to the 1998 IAAF Grand Prix Final.  How many seats does it have?
Method: qagn
[SEP]","[CLS]
Question: This stadium, the largest in eastern Europe, was home to the 1998 IAAF Grand Prix Final.  How many seats does it have?
Method: dalk
[SEP]",1.0,0.4,1,"[""hippo"", ""lgraph"", ""qagn""]",3,True
43,"This stadium, the largest in eastern Europe, was home to the 1998 IAAF Grand Prix Final.  How many seats does it have?",qagn,gr,"[CLS]
Question: This stadium, the largest in eastern Europe, was home to the 1998 IAAF Grand Prix Final.  How many seats does it have?
Method: qagn
[SEP]","[CLS]
Question: This stadium, the largest in eastern Europe, was home to the 1998 IAAF Grand Prix Final.  How many seats does it have?
Method: gr
[SEP]",1.0,0.1538461538,1,"[""hippo"", ""lgraph"", ""qagn""]",3,True
43,"This stadium, the largest in eastern Europe, was home to the 1998 IAAF Grand Prix Final.  How many seats does it have?",qagn,light,"[CLS]
Question: This stadium, the largest in eastern Europe, was home to the 1998 IAAF Grand Prix Final.  How many seats does it have?
Method: qagn
[SEP]","[CLS]
Question: This stadium, the largest in eastern Europe, was home to the 1998 IAAF Grand Prix Final.  How many seats does it have?
Method: light
[SEP]",1.0,0.4444444444,1,"[""hippo"", ""lgraph"", ""qagn""]",3,True
44,"The technique 'panenka' was first used by a player of what nationality against ""Die Katze von Anzing""? ",gr,dalk,"[CLS]
Question: The technique 'panenka' was first used by a player of what nationality against ""Die Katze von Anzing""? 
Method: gr
[SEP]","[CLS]
Question: The technique 'panenka' was first used by a player of what nationality against ""Die Katze von Anzing""? 
Method: dalk
[SEP]",0.0,1.0,0,"[""dalk""]",1,False
44,"The technique 'panenka' was first used by a player of what nationality against ""Die Katze von Anzing""? ",dalk,hippo,"[CLS]
Question: The technique 'panenka' was first used by a player of what nationality against ""Die Katze von Anzing""? 
Method: dalk
[SEP]","[CLS]
Question: The technique 'panenka' was first used by a player of what nationality against ""Die Katze von Anzing""? 
Method: hippo
[SEP]",1.0,0.0571428571,1,"[""dalk""]",1,False
44,"The technique 'panenka' was first used by a player of what nationality against ""Die Katze von Anzing""? ",lgraph,dalk,"[CLS]
Question: The technique 'panenka' was first used by a player of what nationality against ""Die Katze von Anzing""? 
Method: lgraph
[SEP]","[CLS]
Question: The technique 'panenka' was first used by a player of what nationality against ""Die Katze von Anzing""? 
Method: dalk
[SEP]",0.0526315789,1.0,0,"[""dalk""]",1,False
44,"The technique 'panenka' was first used by a player of what nationality against ""Die Katze von Anzing""? ",light,dalk,"[CLS]
Question: The technique 'panenka' was first used by a player of what nationality against ""Die Katze von Anzing""? 
Method: light
[SEP]","[CLS]
Question: The technique 'panenka' was first used by a player of what nationality against ""Die Katze von Anzing""? 
Method: dalk
[SEP]",0.0,1.0,0,"[""dalk""]",1,False
44,"The technique 'panenka' was first used by a player of what nationality against ""Die Katze von Anzing""? ",dalk,qagn,"[CLS]
Question: The technique 'panenka' was first used by a player of what nationality against ""Die Katze von Anzing""? 
Method: dalk
[SEP]","[CLS]
Question: The technique 'panenka' was first used by a player of what nationality against ""Die Katze von Anzing""? 
Method: qagn
[SEP]",1.0,0.0,1,"[""dalk""]",1,False
46,Which company owns the hotel on whose premises the Cotal Arena is located ?,lgraph,dalk,"[CLS]
Question: Which company owns the hotel on whose premises the Cotal Arena is located ?
Method: lgraph
[SEP]","[CLS]
Question: Which company owns the hotel on whose premises the Cotal Arena is located ?
Method: dalk
[SEP]",0.75,0.0,1,"[""lgraph"", ""qagn""]",2,True
46,Which company owns the hotel on whose premises the Cotal Arena is located ?,gr,lgraph,"[CLS]
Question: Which company owns the hotel on whose premises the Cotal Arena is located ?
Method: gr
[SEP]","[CLS]
Question: Which company owns the hotel on whose premises the Cotal Arena is located ?
Method: lgraph
[SEP]",0.0,0.75,0,"[""lgraph"", ""qagn""]",2,True
46,Which company owns the hotel on whose premises the Cotal Arena is located ?,lgraph,hippo,"[CLS]
Question: Which company owns the hotel on whose premises the Cotal Arena is located ?
Method: lgraph
[SEP]","[CLS]
Question: Which company owns the hotel on whose premises the Cotal Arena is located ?
Method: hippo
[SEP]",0.75,0.0,1,"[""lgraph"", ""qagn""]",2,True
46,Which company owns the hotel on whose premises the Cotal Arena is located ?,lgraph,light,"[CLS]
Question: Which company owns the hotel on whose premises the Cotal Arena is located ?
Method: lgraph
[SEP]","[CLS]
Question: Which company owns the hotel on whose premises the Cotal Arena is located ?
Method: light
[SEP]",0.75,0.2222222222,1,"[""lgraph"", ""qagn""]",2,True
46,Which company owns the hotel on whose premises the Cotal Arena is located ?,dalk,qagn,"[CLS]
Question: Which company owns the hotel on whose premises the Cotal Arena is located ?
Method: dalk
[SEP]","[CLS]
Question: Which company owns the hotel on whose premises the Cotal Arena is located ?
Method: qagn
[SEP]",0.0,0.75,0,"[""lgraph"", ""qagn""]",2,True
46,Which company owns the hotel on whose premises the Cotal Arena is located ?,gr,qagn,"[CLS]
Question: Which company owns the hotel on whose premises the Cotal Arena is located ?
Method: gr
[SEP]","[CLS]
Question: Which company owns the hotel on whose premises the Cotal Arena is located ?
Method: qagn
[SEP]",0.0,0.75,0,"[""lgraph"", ""qagn""]",2,True
46,Which company owns the hotel on whose premises the Cotal Arena is located ?,qagn,hippo,"[CLS]
Question: Which company owns the hotel on whose premises the Cotal Arena is located ?
Method: qagn
[SEP]","[CLS]
Question: Which company owns the hotel on whose premises the Cotal Arena is located ?
Method: hippo
[SEP]",0.75,0.0,1,"[""lgraph"", ""qagn""]",2,True
46,Which company owns the hotel on whose premises the Cotal Arena is located ?,light,qagn,"[CLS]
Question: Which company owns the hotel on whose premises the Cotal Arena is located ?
Method: light
[SEP]","[CLS]
Question: Which company owns the hotel on whose premises the Cotal Arena is located ?
Method: qagn
[SEP]",0.2222222222,0.75,0,"[""lgraph"", ""qagn""]",2,True
47,Where is the company that Sachin Warrier worked for as a software engineer headquartered? ,gr,dalk,"[CLS]
Question: Where is the company that Sachin Warrier worked for as a software engineer headquartered? 
Method: gr
[SEP]","[CLS]
Question: Where is the company that Sachin Warrier worked for as a software engineer headquartered? 
Method: dalk
[SEP]",0.0,0.1176470588,0,"[""dalk"", ""hippo""]",2,True
47,Where is the company that Sachin Warrier worked for as a software engineer headquartered? ,dalk,lgraph,"[CLS]
Question: Where is the company that Sachin Warrier worked for as a software engineer headquartered? 
Method: dalk
[SEP]","[CLS]
Question: Where is the company that Sachin Warrier worked for as a software engineer headquartered? 
Method: lgraph
[SEP]",0.1176470588,0.0,1,"[""dalk"", ""hippo""]",2,True
47,Where is the company that Sachin Warrier worked for as a software engineer headquartered? ,dalk,light,"[CLS]
Question: Where is the company that Sachin Warrier worked for as a software engineer headquartered? 
Method: dalk
[SEP]","[CLS]
Question: Where is the company that Sachin Warrier worked for as a software engineer headquartered? 
Method: light
[SEP]",0.1176470588,0.0,1,"[""dalk"", ""hippo""]",2,True
47,Where is the company that Sachin Warrier worked for as a software engineer headquartered? ,dalk,qagn,"[CLS]
Question: Where is the company that Sachin Warrier worked for as a software engineer headquartered? 
Method: dalk
[SEP]","[CLS]
Question: Where is the company that Sachin Warrier worked for as a software engineer headquartered? 
Method: qagn
[SEP]",0.1176470588,0.0,1,"[""dalk"", ""hippo""]",2,True
47,Where is the company that Sachin Warrier worked for as a software engineer headquartered? ,hippo,gr,"[CLS]
Question: Where is the company that Sachin Warrier worked for as a software engineer headquartered? 
Method: hippo
[SEP]","[CLS]
Question: Where is the company that Sachin Warrier worked for as a software engineer headquartered? 
Method: gr
[SEP]",0.1176470588,0.0,1,"[""dalk"", ""hippo""]",2,True
47,Where is the company that Sachin Warrier worked for as a software engineer headquartered? ,hippo,lgraph,"[CLS]
Question: Where is the company that Sachin Warrier worked for as a software engineer headquartered? 
Method: hippo
[SEP]","[CLS]
Question: Where is the company that Sachin Warrier worked for as a software engineer headquartered? 
Method: lgraph
[SEP]",0.1176470588,0.0,1,"[""dalk"", ""hippo""]",2,True
47,Where is the company that Sachin Warrier worked for as a software engineer headquartered? ,light,hippo,"[CLS]
Question: Where is the company that Sachin Warrier worked for as a software engineer headquartered? 
Method: light
[SEP]","[CLS]
Question: Where is the company that Sachin Warrier worked for as a software engineer headquartered? 
Method: hippo
[SEP]",0.0,0.1176470588,0,"[""dalk"", ""hippo""]",2,True
47,Where is the company that Sachin Warrier worked for as a software engineer headquartered? ,qagn,hippo,"[CLS]
Question: Where is the company that Sachin Warrier worked for as a software engineer headquartered? 
Method: qagn
[SEP]","[CLS]
Question: Where is the company that Sachin Warrier worked for as a software engineer headquartered? 
Method: hippo
[SEP]",0.0,0.1176470588,0,"[""dalk"", ""hippo""]",2,True
50,"Which movie came out first, ""Bambi"" or ""Underdog""?",gr,dalk,"[CLS]
Question: Which movie came out first, ""Bambi"" or ""Underdog""?
Method: gr
[SEP]","[CLS]
Question: Which movie came out first, ""Bambi"" or ""Underdog""?
Method: dalk
[SEP]",0.0,0.4,0,"[""dalk"", ""hippo"", ""lgraph"", ""light"", ""qagn""]",5,True
50,"Which movie came out first, ""Bambi"" or ""Underdog""?",hippo,gr,"[CLS]
Question: Which movie came out first, ""Bambi"" or ""Underdog""?
Method: hippo
[SEP]","[CLS]
Question: Which movie came out first, ""Bambi"" or ""Underdog""?
Method: gr
[SEP]",0.4,0.0,1,"[""dalk"", ""hippo"", ""lgraph"", ""light"", ""qagn""]",5,True
50,"Which movie came out first, ""Bambi"" or ""Underdog""?",lgraph,gr,"[CLS]
Question: Which movie came out first, ""Bambi"" or ""Underdog""?
Method: lgraph
[SEP]","[CLS]
Question: Which movie came out first, ""Bambi"" or ""Underdog""?
Method: gr
[SEP]",0.4,0.0,1,"[""dalk"", ""hippo"", ""lgraph"", ""light"", ""qagn""]",5,True
50,"Which movie came out first, ""Bambi"" or ""Underdog""?",light,gr,"[CLS]
Question: Which movie came out first, ""Bambi"" or ""Underdog""?
Method: light
[SEP]","[CLS]
Question: Which movie came out first, ""Bambi"" or ""Underdog""?
Method: gr
[SEP]",0.4,0.0,1,"[""dalk"", ""hippo"", ""lgraph"", ""light"", ""qagn""]",5,True
50,"Which movie came out first, ""Bambi"" or ""Underdog""?",gr,qagn,"[CLS]
Question: Which movie came out first, ""Bambi"" or ""Underdog""?
Method: gr
[SEP]","[CLS]
Question: Which movie came out first, ""Bambi"" or ""Underdog""?
Method: qagn
[SEP]",0.0,0.4,0,"[""dalk"", ""hippo"", ""lgraph"", ""light"", ""qagn""]",5,True
51,This Zimbabwean singer/songwriter co-wrote a song recorded by a Barbadian singer for her fourth studio album named what?,lgraph,dalk,"[CLS]
Question: This Zimbabwean singer/songwriter co-wrote a song recorded by a Barbadian singer for her fourth studio album named what?
Method: lgraph
[SEP]","[CLS]
Question: This Zimbabwean singer/songwriter co-wrote a song recorded by a Barbadian singer for her fourth studio album named what?
Method: dalk
[SEP]",1.0,0.0,1,"[""lgraph""]",1,False
51,This Zimbabwean singer/songwriter co-wrote a song recorded by a Barbadian singer for her fourth studio album named what?,lgraph,gr,"[CLS]
Question: This Zimbabwean singer/songwriter co-wrote a song recorded by a Barbadian singer for her fourth studio album named what?
Method: lgraph
[SEP]","[CLS]
Question: This Zimbabwean singer/songwriter co-wrote a song recorded by a Barbadian singer for her fourth studio album named what?
Method: gr
[SEP]",1.0,0.0,1,"[""lgraph""]",1,False
51,This Zimbabwean singer/songwriter co-wrote a song recorded by a Barbadian singer for her fourth studio album named what?,lgraph,hippo,"[CLS]
Question: This Zimbabwean singer/songwriter co-wrote a song recorded by a Barbadian singer for her fourth studio album named what?
Method: lgraph
[SEP]","[CLS]
Question: This Zimbabwean singer/songwriter co-wrote a song recorded by a Barbadian singer for her fourth studio album named what?
Method: hippo
[SEP]",1.0,0.6666666667,1,"[""lgraph""]",1,False
51,This Zimbabwean singer/songwriter co-wrote a song recorded by a Barbadian singer for her fourth studio album named what?,lgraph,light,"[CLS]
Question: This Zimbabwean singer/songwriter co-wrote a song recorded by a Barbadian singer for her fourth studio album named what?
Method: lgraph
[SEP]","[CLS]
Question: This Zimbabwean singer/songwriter co-wrote a song recorded by a Barbadian singer for her fourth studio album named what?
Method: light
[SEP]",1.0,0.0,1,"[""lgraph""]",1,False
51,This Zimbabwean singer/songwriter co-wrote a song recorded by a Barbadian singer for her fourth studio album named what?,lgraph,qagn,"[CLS]
Question: This Zimbabwean singer/songwriter co-wrote a song recorded by a Barbadian singer for her fourth studio album named what?
Method: lgraph
[SEP]","[CLS]
Question: This Zimbabwean singer/songwriter co-wrote a song recorded by a Barbadian singer for her fourth studio album named what?
Method: qagn
[SEP]",1.0,0.0,1,"[""lgraph""]",1,False
52,The Facts Behind the Helsinki Roccamatios was published by the creator of the award-winning fantasy adventure novel that was published in what year?,dalk,gr,"[CLS]
Question: The Facts Behind the Helsinki Roccamatios was published by the creator of the award-winning fantasy adventure novel that was published in what year?
Method: dalk
[SEP]","[CLS]
Question: The Facts Behind the Helsinki Roccamatios was published by the creator of the award-winning fantasy adventure novel that was published in what year?
Method: gr
[SEP]",1.0,0.0,1,"[""dalk"", ""hippo""]",2,True
52,The Facts Behind the Helsinki Roccamatios was published by the creator of the award-winning fantasy adventure novel that was published in what year?,lgraph,dalk,"[CLS]
Question: The Facts Behind the Helsinki Roccamatios was published by the creator of the award-winning fantasy adventure novel that was published in what year?
Method: lgraph
[SEP]","[CLS]
Question: The Facts Behind the Helsinki Roccamatios was published by the creator of the award-winning fantasy adventure novel that was published in what year?
Method: dalk
[SEP]",0.0,1.0,0,"[""dalk"", ""hippo""]",2,True
52,The Facts Behind the Helsinki Roccamatios was published by the creator of the award-winning fantasy adventure novel that was published in what year?,dalk,light,"[CLS]
Question: The Facts Behind the Helsinki Roccamatios was published by the creator of the award-winning fantasy adventure novel that was published in what year?
Method: dalk
[SEP]","[CLS]
Question: The Facts Behind the Helsinki Roccamatios was published by the creator of the award-winning fantasy adventure novel that was published in what year?
Method: light
[SEP]",1.0,0.0,1,"[""dalk"", ""hippo""]",2,True
52,The Facts Behind the Helsinki Roccamatios was published by the creator of the award-winning fantasy adventure novel that was published in what year?,qagn,dalk,"[CLS]
Question: The Facts Behind the Helsinki Roccamatios was published by the creator of the award-winning fantasy adventure novel that was published in what year?
Method: qagn
[SEP]","[CLS]
Question: The Facts Behind the Helsinki Roccamatios was published by the creator of the award-winning fantasy adventure novel that was published in what year?
Method: dalk
[SEP]",0.0,1.0,0,"[""dalk"", ""hippo""]",2,True
52,The Facts Behind the Helsinki Roccamatios was published by the creator of the award-winning fantasy adventure novel that was published in what year?,gr,hippo,"[CLS]
Question: The Facts Behind the Helsinki Roccamatios was published by the creator of the award-winning fantasy adventure novel that was published in what year?
Method: gr
[SEP]","[CLS]
Question: The Facts Behind the Helsinki Roccamatios was published by the creator of the award-winning fantasy adventure novel that was published in what year?
Method: hippo
[SEP]",0.0,1.0,0,"[""dalk"", ""hippo""]",2,True
52,The Facts Behind the Helsinki Roccamatios was published by the creator of the award-winning fantasy adventure novel that was published in what year?,hippo,lgraph,"[CLS]
Question: The Facts Behind the Helsinki Roccamatios was published by the creator of the award-winning fantasy adventure novel that was published in what year?
Method: hippo
[SEP]","[CLS]
Question: The Facts Behind the Helsinki Roccamatios was published by the creator of the award-winning fantasy adventure novel that was published in what year?
Method: lgraph
[SEP]",1.0,0.0,1,"[""dalk"", ""hippo""]",2,True
52,The Facts Behind the Helsinki Roccamatios was published by the creator of the award-winning fantasy adventure novel that was published in what year?,light,hippo,"[CLS]
Question: The Facts Behind the Helsinki Roccamatios was published by the creator of the award-winning fantasy adventure novel that was published in what year?
Method: light
[SEP]","[CLS]
Question: The Facts Behind the Helsinki Roccamatios was published by the creator of the award-winning fantasy adventure novel that was published in what year?
Method: hippo
[SEP]",0.0,1.0,0,"[""dalk"", ""hippo""]",2,True
52,The Facts Behind the Helsinki Roccamatios was published by the creator of the award-winning fantasy adventure novel that was published in what year?,qagn,hippo,"[CLS]
Question: The Facts Behind the Helsinki Roccamatios was published by the creator of the award-winning fantasy adventure novel that was published in what year?
Method: qagn
[SEP]","[CLS]
Question: The Facts Behind the Helsinki Roccamatios was published by the creator of the award-winning fantasy adventure novel that was published in what year?
Method: hippo
[SEP]",0.0,1.0,0,"[""dalk"", ""hippo""]",2,True
56,"Whose writing covered more topics, Alan Dean Foster or Samuel R. Delany?",gr,dalk,"[CLS]
Question: Whose writing covered more topics, Alan Dean Foster or Samuel R. Delany?
Method: gr
[SEP]","[CLS]
Question: Whose writing covered more topics, Alan Dean Foster or Samuel R. Delany?
Method: dalk
[SEP]",0.1666666667,0.25,0,"[""dalk""]",1,False
56,"Whose writing covered more topics, Alan Dean Foster or Samuel R. Delany?",hippo,dalk,"[CLS]
Question: Whose writing covered more topics, Alan Dean Foster or Samuel R. Delany?
Method: hippo
[SEP]","[CLS]
Question: Whose writing covered more topics, Alan Dean Foster or Samuel R. Delany?
Method: dalk
[SEP]",0.1818181818,0.25,0,"[""dalk""]",1,False
56,"Whose writing covered more topics, Alan Dean Foster or Samuel R. Delany?",lgraph,dalk,"[CLS]
Question: Whose writing covered more topics, Alan Dean Foster or Samuel R. Delany?
Method: lgraph
[SEP]","[CLS]
Question: Whose writing covered more topics, Alan Dean Foster or Samuel R. Delany?
Method: dalk
[SEP]",0.1818181818,0.25,0,"[""dalk""]",1,False
56,"Whose writing covered more topics, Alan Dean Foster or Samuel R. Delany?",dalk,light,"[CLS]
Question: Whose writing covered more topics, Alan Dean Foster or Samuel R. Delany?
Method: dalk
[SEP]","[CLS]
Question: Whose writing covered more topics, Alan Dean Foster or Samuel R. Delany?
Method: light
[SEP]",0.25,0.0,1,"[""dalk""]",1,False
56,"Whose writing covered more topics, Alan Dean Foster or Samuel R. Delany?",dalk,qagn,"[CLS]
Question: Whose writing covered more topics, Alan Dean Foster or Samuel R. Delany?
Method: dalk
[SEP]","[CLS]
Question: Whose writing covered more topics, Alan Dean Foster or Samuel R. Delany?
Method: qagn
[SEP]",0.25,0.1818181818,1,"[""dalk""]",1,False
61,"The movie ""100 Million BC"" continues the urban myth of an experiment allegedly carried out at waht shipyard?",hippo,dalk,"[CLS]
Question: The movie ""100 Million BC"" continues the urban myth of an experiment allegedly carried out at waht shipyard?
Method: hippo
[SEP]","[CLS]
Question: The movie ""100 Million BC"" continues the urban myth of an experiment allegedly carried out at waht shipyard?
Method: dalk
[SEP]",0.08,0.0,1,"[""hippo""]",1,False
61,"The movie ""100 Million BC"" continues the urban myth of an experiment allegedly carried out at waht shipyard?",hippo,gr,"[CLS]
Question: The movie ""100 Million BC"" continues the urban myth of an experiment allegedly carried out at waht shipyard?
Method: hippo
[SEP]","[CLS]
Question: The movie ""100 Million BC"" continues the urban myth of an experiment allegedly carried out at waht shipyard?
Method: gr
[SEP]",0.08,0.0,1,"[""hippo""]",1,False
61,"The movie ""100 Million BC"" continues the urban myth of an experiment allegedly carried out at waht shipyard?",hippo,lgraph,"[CLS]
Question: The movie ""100 Million BC"" continues the urban myth of an experiment allegedly carried out at waht shipyard?
Method: hippo
[SEP]","[CLS]
Question: The movie ""100 Million BC"" continues the urban myth of an experiment allegedly carried out at waht shipyard?
Method: lgraph
[SEP]",0.08,0.0714285714,1,"[""hippo""]",1,False
61,"The movie ""100 Million BC"" continues the urban myth of an experiment allegedly carried out at waht shipyard?",hippo,light,"[CLS]
Question: The movie ""100 Million BC"" continues the urban myth of an experiment allegedly carried out at waht shipyard?
Method: hippo
[SEP]","[CLS]
Question: The movie ""100 Million BC"" continues the urban myth of an experiment allegedly carried out at waht shipyard?
Method: light
[SEP]",0.08,0.0588235294,1,"[""hippo""]",1,False
61,"The movie ""100 Million BC"" continues the urban myth of an experiment allegedly carried out at waht shipyard?",qagn,hippo,"[CLS]
Question: The movie ""100 Million BC"" continues the urban myth of an experiment allegedly carried out at waht shipyard?
Method: qagn
[SEP]","[CLS]
Question: The movie ""100 Million BC"" continues the urban myth of an experiment allegedly carried out at waht shipyard?
Method: hippo
[SEP]",0.0714285714,0.08,0,"[""hippo""]",1,False
62,The Nazi architect that was most rewarded and favoured by Adolf Hitler alongside Hermann Giesler held what type of ministerial office?,hippo,dalk,"[CLS]
Question: The Nazi architect that was most rewarded and favoured by Adolf Hitler alongside Hermann Giesler held what type of ministerial office?
Method: hippo
[SEP]","[CLS]
Question: The Nazi architect that was most rewarded and favoured by Adolf Hitler alongside Hermann Giesler held what type of ministerial office?
Method: dalk
[SEP]",0.7272727273,0.5,1,"[""hippo"", ""lgraph"", ""light"", ""qagn""]",4,True
62,The Nazi architect that was most rewarded and favoured by Adolf Hitler alongside Hermann Giesler held what type of ministerial office?,gr,hippo,"[CLS]
Question: The Nazi architect that was most rewarded and favoured by Adolf Hitler alongside Hermann Giesler held what type of ministerial office?
Method: gr
[SEP]","[CLS]
Question: The Nazi architect that was most rewarded and favoured by Adolf Hitler alongside Hermann Giesler held what type of ministerial office?
Method: hippo
[SEP]",0.0,0.7272727273,0,"[""hippo"", ""lgraph"", ""light"", ""qagn""]",4,True
62,The Nazi architect that was most rewarded and favoured by Adolf Hitler alongside Hermann Giesler held what type of ministerial office?,lgraph,dalk,"[CLS]
Question: The Nazi architect that was most rewarded and favoured by Adolf Hitler alongside Hermann Giesler held what type of ministerial office?
Method: lgraph
[SEP]","[CLS]
Question: The Nazi architect that was most rewarded and favoured by Adolf Hitler alongside Hermann Giesler held what type of ministerial office?
Method: dalk
[SEP]",0.7272727273,0.5,1,"[""hippo"", ""lgraph"", ""light"", ""qagn""]",4,True
62,The Nazi architect that was most rewarded and favoured by Adolf Hitler alongside Hermann Giesler held what type of ministerial office?,lgraph,gr,"[CLS]
Question: The Nazi architect that was most rewarded and favoured by Adolf Hitler alongside Hermann Giesler held what type of ministerial office?
Method: lgraph
[SEP]","[CLS]
Question: The Nazi architect that was most rewarded and favoured by Adolf Hitler alongside Hermann Giesler held what type of ministerial office?
Method: gr
[SEP]",0.7272727273,0.0,1,"[""hippo"", ""lgraph"", ""light"", ""qagn""]",4,True
62,The Nazi architect that was most rewarded and favoured by Adolf Hitler alongside Hermann Giesler held what type of ministerial office?,dalk,light,"[CLS]
Question: The Nazi architect that was most rewarded and favoured by Adolf Hitler alongside Hermann Giesler held what type of ministerial office?
Method: dalk
[SEP]","[CLS]
Question: The Nazi architect that was most rewarded and favoured by Adolf Hitler alongside Hermann Giesler held what type of ministerial office?
Method: light
[SEP]",0.5,0.7272727273,0,"[""hippo"", ""lgraph"", ""light"", ""qagn""]",4,True
62,The Nazi architect that was most rewarded and favoured by Adolf Hitler alongside Hermann Giesler held what type of ministerial office?,gr,light,"[CLS]
Question: The Nazi architect that was most rewarded and favoured by Adolf Hitler alongside Hermann Giesler held what type of ministerial office?
Method: gr
[SEP]","[CLS]
Question: The Nazi architect that was most rewarded and favoured by Adolf Hitler alongside Hermann Giesler held what type of ministerial office?
Method: light
[SEP]",0.0,0.7272727273,0,"[""hippo"", ""lgraph"", ""light"", ""qagn""]",4,True
62,The Nazi architect that was most rewarded and favoured by Adolf Hitler alongside Hermann Giesler held what type of ministerial office?,dalk,qagn,"[CLS]
Question: The Nazi architect that was most rewarded and favoured by Adolf Hitler alongside Hermann Giesler held what type of ministerial office?
Method: dalk
[SEP]","[CLS]
Question: The Nazi architect that was most rewarded and favoured by Adolf Hitler alongside Hermann Giesler held what type of ministerial office?
Method: qagn
[SEP]",0.5,0.7272727273,0,"[""hippo"", ""lgraph"", ""light"", ""qagn""]",4,True
62,The Nazi architect that was most rewarded and favoured by Adolf Hitler alongside Hermann Giesler held what type of ministerial office?,gr,qagn,"[CLS]
Question: The Nazi architect that was most rewarded and favoured by Adolf Hitler alongside Hermann Giesler held what type of ministerial office?
Method: gr
[SEP]","[CLS]
Question: The Nazi architect that was most rewarded and favoured by Adolf Hitler alongside Hermann Giesler held what type of ministerial office?
Method: qagn
[SEP]",0.0,0.7272727273,0,"[""hippo"", ""lgraph"", ""light"", ""qagn""]",4,True
63,"Which was published or broadcast first, The Graveyard Book of Phineas and Ferb?",dalk,gr,"[CLS]
Question: Which was published or broadcast first, The Graveyard Book of Phineas and Ferb?
Method: dalk
[SEP]","[CLS]
Question: Which was published or broadcast first, The Graveyard Book of Phineas and Ferb?
Method: gr
[SEP]",0.6666666667,0.0,1,"[""dalk""]",1,False
63,"Which was published or broadcast first, The Graveyard Book of Phineas and Ferb?",dalk,hippo,"[CLS]
Question: Which was published or broadcast first, The Graveyard Book of Phineas and Ferb?
Method: dalk
[SEP]","[CLS]
Question: Which was published or broadcast first, The Graveyard Book of Phineas and Ferb?
Method: hippo
[SEP]",0.6666666667,0.5454545455,1,"[""dalk""]",1,False
63,"Which was published or broadcast first, The Graveyard Book of Phineas and Ferb?",lgraph,dalk,"[CLS]
Question: Which was published or broadcast first, The Graveyard Book of Phineas and Ferb?
Method: lgraph
[SEP]","[CLS]
Question: Which was published or broadcast first, The Graveyard Book of Phineas and Ferb?
Method: dalk
[SEP]",0.3,0.6666666667,0,"[""dalk""]",1,False
63,"Which was published or broadcast first, The Graveyard Book of Phineas and Ferb?",light,dalk,"[CLS]
Question: Which was published or broadcast first, The Graveyard Book of Phineas and Ferb?
Method: light
[SEP]","[CLS]
Question: Which was published or broadcast first, The Graveyard Book of Phineas and Ferb?
Method: dalk
[SEP]",0.2,0.6666666667,0,"[""dalk""]",1,False
63,"Which was published or broadcast first, The Graveyard Book of Phineas and Ferb?",qagn,dalk,"[CLS]
Question: Which was published or broadcast first, The Graveyard Book of Phineas and Ferb?
Method: qagn
[SEP]","[CLS]
Question: Which was published or broadcast first, The Graveyard Book of Phineas and Ferb?
Method: dalk
[SEP]",0.2727272727,0.6666666667,0,"[""dalk""]",1,False
67,What did the American writer who wrote Into Thin Air  primarily known for in his writings ,dalk,hippo,"[CLS]
Question: What did the American writer who wrote Into Thin Air  primarily known for in his writings 
Method: dalk
[SEP]","[CLS]
Question: What did the American writer who wrote Into Thin Air  primarily known for in his writings 
Method: hippo
[SEP]",0.0,0.1538461538,0,"[""hippo"", ""lgraph"", ""qagn""]",3,True
67,What did the American writer who wrote Into Thin Air  primarily known for in his writings ,hippo,gr,"[CLS]
Question: What did the American writer who wrote Into Thin Air  primarily known for in his writings 
Method: hippo
[SEP]","[CLS]
Question: What did the American writer who wrote Into Thin Air  primarily known for in his writings 
Method: gr
[SEP]",0.1538461538,0.0,1,"[""hippo"", ""lgraph"", ""qagn""]",3,True
67,What did the American writer who wrote Into Thin Air  primarily known for in his writings ,light,hippo,"[CLS]
Question: What did the American writer who wrote Into Thin Air  primarily known for in his writings 
Method: light
[SEP]","[CLS]
Question: What did the American writer who wrote Into Thin Air  primarily known for in his writings 
Method: hippo
[SEP]",0.1,0.1538461538,0,"[""hippo"", ""lgraph"", ""qagn""]",3,True
67,What did the American writer who wrote Into Thin Air  primarily known for in his writings ,dalk,lgraph,"[CLS]
Question: What did the American writer who wrote Into Thin Air  primarily known for in his writings 
Method: dalk
[SEP]","[CLS]
Question: What did the American writer who wrote Into Thin Air  primarily known for in his writings 
Method: lgraph
[SEP]",0.0,0.1538461538,0,"[""hippo"", ""lgraph"", ""qagn""]",3,True
67,What did the American writer who wrote Into Thin Air  primarily known for in his writings ,gr,lgraph,"[CLS]
Question: What did the American writer who wrote Into Thin Air  primarily known for in his writings 
Method: gr
[SEP]","[CLS]
Question: What did the American writer who wrote Into Thin Air  primarily known for in his writings 
Method: lgraph
[SEP]",0.0,0.1538461538,0,"[""hippo"", ""lgraph"", ""qagn""]",3,True
67,What did the American writer who wrote Into Thin Air  primarily known for in his writings ,lgraph,light,"[CLS]
Question: What did the American writer who wrote Into Thin Air  primarily known for in his writings 
Method: lgraph
[SEP]","[CLS]
Question: What did the American writer who wrote Into Thin Air  primarily known for in his writings 
Method: light
[SEP]",0.1538461538,0.1,1,"[""hippo"", ""lgraph"", ""qagn""]",3,True
67,What did the American writer who wrote Into Thin Air  primarily known for in his writings ,dalk,qagn,"[CLS]
Question: What did the American writer who wrote Into Thin Air  primarily known for in his writings 
Method: dalk
[SEP]","[CLS]
Question: What did the American writer who wrote Into Thin Air  primarily known for in his writings 
Method: qagn
[SEP]",0.0,0.1538461538,0,"[""hippo"", ""lgraph"", ""qagn""]",3,True
67,What did the American writer who wrote Into Thin Air  primarily known for in his writings ,qagn,gr,"[CLS]
Question: What did the American writer who wrote Into Thin Air  primarily known for in his writings 
Method: qagn
[SEP]","[CLS]
Question: What did the American writer who wrote Into Thin Air  primarily known for in his writings 
Method: gr
[SEP]",0.1538461538,0.0,1,"[""hippo"", ""lgraph"", ""qagn""]",3,True
67,What did the American writer who wrote Into Thin Air  primarily known for in his writings ,qagn,light,"[CLS]
Question: What did the American writer who wrote Into Thin Air  primarily known for in his writings 
Method: qagn
[SEP]","[CLS]
Question: What did the American writer who wrote Into Thin Air  primarily known for in his writings 
Method: light
[SEP]",0.1538461538,0.1,1,"[""hippo"", ""lgraph"", ""qagn""]",3,True
68,Were Dee Dee Ramone and Ben Weasel ever in the same band?,gr,dalk,"[CLS]
Question: Were Dee Dee Ramone and Ben Weasel ever in the same band?
Method: gr
[SEP]","[CLS]
Question: Were Dee Dee Ramone and Ben Weasel ever in the same band?
Method: dalk
[SEP]",0.0,1.0,0,"[""dalk""]",1,False
68,Were Dee Dee Ramone and Ben Weasel ever in the same band?,hippo,dalk,"[CLS]
Question: Were Dee Dee Ramone and Ben Weasel ever in the same band?
Method: hippo
[SEP]","[CLS]
Question: Were Dee Dee Ramone and Ben Weasel ever in the same band?
Method: dalk
[SEP]",0.0,1.0,0,"[""dalk""]",1,False
68,Were Dee Dee Ramone and Ben Weasel ever in the same band?,dalk,lgraph,"[CLS]
Question: Were Dee Dee Ramone and Ben Weasel ever in the same band?
Method: dalk
[SEP]","[CLS]
Question: Were Dee Dee Ramone and Ben Weasel ever in the same band?
Method: lgraph
[SEP]",1.0,0.0,1,"[""dalk""]",1,False
68,Were Dee Dee Ramone and Ben Weasel ever in the same band?,dalk,light,"[CLS]
Question: Were Dee Dee Ramone and Ben Weasel ever in the same band?
Method: dalk
[SEP]","[CLS]
Question: Were Dee Dee Ramone and Ben Weasel ever in the same band?
Method: light
[SEP]",1.0,0.0,1,"[""dalk""]",1,False
68,Were Dee Dee Ramone and Ben Weasel ever in the same band?,qagn,dalk,"[CLS]
Question: Were Dee Dee Ramone and Ben Weasel ever in the same band?
Method: qagn
[SEP]","[CLS]
Question: Were Dee Dee Ramone and Ben Weasel ever in the same band?
Method: dalk
[SEP]",0.0,1.0,0,"[""dalk""]",1,False
70,IS Paul Sloane noted for directing more musicals than  Jacques Demy,qagn,dalk,"[CLS]
Question: IS Paul Sloane noted for directing more musicals than  Jacques Demy
Method: qagn
[SEP]","[CLS]
Question: IS Paul Sloane noted for directing more musicals than  Jacques Demy
Method: dalk
[SEP]",1.0,0.0,1,"[""qagn""]",1,False
70,IS Paul Sloane noted for directing more musicals than  Jacques Demy,gr,qagn,"[CLS]
Question: IS Paul Sloane noted for directing more musicals than  Jacques Demy
Method: gr
[SEP]","[CLS]
Question: IS Paul Sloane noted for directing more musicals than  Jacques Demy
Method: qagn
[SEP]",0.0,1.0,0,"[""qagn""]",1,False
70,IS Paul Sloane noted for directing more musicals than  Jacques Demy,hippo,qagn,"[CLS]
Question: IS Paul Sloane noted for directing more musicals than  Jacques Demy
Method: hippo
[SEP]","[CLS]
Question: IS Paul Sloane noted for directing more musicals than  Jacques Demy
Method: qagn
[SEP]",0.0,1.0,0,"[""qagn""]",1,False
70,IS Paul Sloane noted for directing more musicals than  Jacques Demy,qagn,lgraph,"[CLS]
Question: IS Paul Sloane noted for directing more musicals than  Jacques Demy
Method: qagn
[SEP]","[CLS]
Question: IS Paul Sloane noted for directing more musicals than  Jacques Demy
Method: lgraph
[SEP]",1.0,0.0,1,"[""qagn""]",1,False
70,IS Paul Sloane noted for directing more musicals than  Jacques Demy,light,qagn,"[CLS]
Question: IS Paul Sloane noted for directing more musicals than  Jacques Demy
Method: light
[SEP]","[CLS]
Question: IS Paul Sloane noted for directing more musicals than  Jacques Demy
Method: qagn
[SEP]",0.0,1.0,0,"[""qagn""]",1,False
71,To which taxonomic category do both Hyacinthoides and Anthriscus belong?,dalk,lgraph,"[CLS]
Question: To which taxonomic category do both Hyacinthoides and Anthriscus belong?
Method: dalk
[SEP]","[CLS]
Question: To which taxonomic category do both Hyacinthoides and Anthriscus belong?
Method: lgraph
[SEP]",0.1666666667,0.1818181818,0,"[""lgraph"", ""light"", ""qagn""]",3,True
71,To which taxonomic category do both Hyacinthoides and Anthriscus belong?,gr,lgraph,"[CLS]
Question: To which taxonomic category do both Hyacinthoides and Anthriscus belong?
Method: gr
[SEP]","[CLS]
Question: To which taxonomic category do both Hyacinthoides and Anthriscus belong?
Method: lgraph
[SEP]",0.0,0.1818181818,0,"[""lgraph"", ""light"", ""qagn""]",3,True
71,To which taxonomic category do both Hyacinthoides and Anthriscus belong?,lgraph,hippo,"[CLS]
Question: To which taxonomic category do both Hyacinthoides and Anthriscus belong?
Method: lgraph
[SEP]","[CLS]
Question: To which taxonomic category do both Hyacinthoides and Anthriscus belong?
Method: hippo
[SEP]",0.1818181818,0.0,1,"[""lgraph"", ""light"", ""qagn""]",3,True
71,To which taxonomic category do both Hyacinthoides and Anthriscus belong?,dalk,light,"[CLS]
Question: To which taxonomic category do both Hyacinthoides and Anthriscus belong?
Method: dalk
[SEP]","[CLS]
Question: To which taxonomic category do both Hyacinthoides and Anthriscus belong?
Method: light
[SEP]",0.1666666667,0.1818181818,0,"[""lgraph"", ""light"", ""qagn""]",3,True
71,To which taxonomic category do both Hyacinthoides and Anthriscus belong?,light,gr,"[CLS]
Question: To which taxonomic category do both Hyacinthoides and Anthriscus belong?
Method: light
[SEP]","[CLS]
Question: To which taxonomic category do both Hyacinthoides and Anthriscus belong?
Method: gr
[SEP]",0.1818181818,0.0,1,"[""lgraph"", ""light"", ""qagn""]",3,True
71,To which taxonomic category do both Hyacinthoides and Anthriscus belong?,light,hippo,"[CLS]
Question: To which taxonomic category do both Hyacinthoides and Anthriscus belong?
Method: light
[SEP]","[CLS]
Question: To which taxonomic category do both Hyacinthoides and Anthriscus belong?
Method: hippo
[SEP]",0.1818181818,0.0,1,"[""lgraph"", ""light"", ""qagn""]",3,True
71,To which taxonomic category do both Hyacinthoides and Anthriscus belong?,dalk,qagn,"[CLS]
Question: To which taxonomic category do both Hyacinthoides and Anthriscus belong?
Method: dalk
[SEP]","[CLS]
Question: To which taxonomic category do both Hyacinthoides and Anthriscus belong?
Method: qagn
[SEP]",0.1666666667,0.1818181818,0,"[""lgraph"", ""light"", ""qagn""]",3,True
71,To which taxonomic category do both Hyacinthoides and Anthriscus belong?,qagn,gr,"[CLS]
Question: To which taxonomic category do both Hyacinthoides and Anthriscus belong?
Method: qagn
[SEP]","[CLS]
Question: To which taxonomic category do both Hyacinthoides and Anthriscus belong?
Method: gr
[SEP]",0.1818181818,0.0,1,"[""lgraph"", ""light"", ""qagn""]",3,True
71,To which taxonomic category do both Hyacinthoides and Anthriscus belong?,qagn,hippo,"[CLS]
Question: To which taxonomic category do both Hyacinthoides and Anthriscus belong?
Method: qagn
[SEP]","[CLS]
Question: To which taxonomic category do both Hyacinthoides and Anthriscus belong?
Method: hippo
[SEP]",0.1818181818,0.0,1,"[""lgraph"", ""light"", ""qagn""]",3,True
72,Which retired baseball player played Chad Bradford in a movie adaptation of a Michael Lewis book?,dalk,qagn,"[CLS]
Question: Which retired baseball player played Chad Bradford in a movie adaptation of a Michael Lewis book?
Method: dalk
[SEP]","[CLS]
Question: Which retired baseball player played Chad Bradford in a movie adaptation of a Michael Lewis book?
Method: qagn
[SEP]",0.0,1.0,0,"[""qagn""]",1,False
72,Which retired baseball player played Chad Bradford in a movie adaptation of a Michael Lewis book?,qagn,gr,"[CLS]
Question: Which retired baseball player played Chad Bradford in a movie adaptation of a Michael Lewis book?
Method: qagn
[SEP]","[CLS]
Question: Which retired baseball player played Chad Bradford in a movie adaptation of a Michael Lewis book?
Method: gr
[SEP]",1.0,0.0,1,"[""qagn""]",1,False
72,Which retired baseball player played Chad Bradford in a movie adaptation of a Michael Lewis book?,qagn,hippo,"[CLS]
Question: Which retired baseball player played Chad Bradford in a movie adaptation of a Michael Lewis book?
Method: qagn
[SEP]","[CLS]
Question: Which retired baseball player played Chad Bradford in a movie adaptation of a Michael Lewis book?
Method: hippo
[SEP]",1.0,0.3636363636,1,"[""qagn""]",1,False
72,Which retired baseball player played Chad Bradford in a movie adaptation of a Michael Lewis book?,lgraph,qagn,"[CLS]
Question: Which retired baseball player played Chad Bradford in a movie adaptation of a Michael Lewis book?
Method: lgraph
[SEP]","[CLS]
Question: Which retired baseball player played Chad Bradford in a movie adaptation of a Michael Lewis book?
Method: qagn
[SEP]",0.2857142857,1.0,0,"[""qagn""]",1,False
72,Which retired baseball player played Chad Bradford in a movie adaptation of a Michael Lewis book?,light,qagn,"[CLS]
Question: Which retired baseball player played Chad Bradford in a movie adaptation of a Michael Lewis book?
Method: light
[SEP]","[CLS]
Question: Which retired baseball player played Chad Bradford in a movie adaptation of a Michael Lewis book?
Method: qagn
[SEP]",0.2857142857,1.0,0,"[""qagn""]",1,False
73,Are the genera Gordonia and Osbeckia in the same family?,dalk,gr,"[CLS]
Question: Are the genera Gordonia and Osbeckia in the same family?
Method: dalk
[SEP]","[CLS]
Question: Are the genera Gordonia and Osbeckia in the same family?
Method: gr
[SEP]",1.0,0.0,1,"[""dalk""]",1,False
73,Are the genera Gordonia and Osbeckia in the same family?,dalk,hippo,"[CLS]
Question: Are the genera Gordonia and Osbeckia in the same family?
Method: dalk
[SEP]","[CLS]
Question: Are the genera Gordonia and Osbeckia in the same family?
Method: hippo
[SEP]",1.0,0.0,1,"[""dalk""]",1,False
73,Are the genera Gordonia and Osbeckia in the same family?,dalk,lgraph,"[CLS]
Question: Are the genera Gordonia and Osbeckia in the same family?
Method: dalk
[SEP]","[CLS]
Question: Are the genera Gordonia and Osbeckia in the same family?
Method: lgraph
[SEP]",1.0,0.0,1,"[""dalk""]",1,False
73,Are the genera Gordonia and Osbeckia in the same family?,light,dalk,"[CLS]
Question: Are the genera Gordonia and Osbeckia in the same family?
Method: light
[SEP]","[CLS]
Question: Are the genera Gordonia and Osbeckia in the same family?
Method: dalk
[SEP]",0.0,1.0,0,"[""dalk""]",1,False
73,Are the genera Gordonia and Osbeckia in the same family?,qagn,dalk,"[CLS]
Question: Are the genera Gordonia and Osbeckia in the same family?
Method: qagn
[SEP]","[CLS]
Question: Are the genera Gordonia and Osbeckia in the same family?
Method: dalk
[SEP]",0.0,1.0,0,"[""dalk""]",1,False
74,"What community in Imperial County, California is partly named after a species of tree that is native to North America, Europe, and western Asia?",dalk,hippo,"[CLS]
Question: What community in Imperial County, California is partly named after a species of tree that is native to North America, Europe, and western Asia?
Method: dalk
[SEP]","[CLS]
Question: What community in Imperial County, California is partly named after a species of tree that is native to North America, Europe, and western Asia?
Method: hippo
[SEP]",0.0,1.0,0,"[""hippo"", ""qagn""]",2,True
74,"What community in Imperial County, California is partly named after a species of tree that is native to North America, Europe, and western Asia?",hippo,gr,"[CLS]
Question: What community in Imperial County, California is partly named after a species of tree that is native to North America, Europe, and western Asia?
Method: hippo
[SEP]","[CLS]
Question: What community in Imperial County, California is partly named after a species of tree that is native to North America, Europe, and western Asia?
Method: gr
[SEP]",1.0,0.0,1,"[""hippo"", ""qagn""]",2,True
74,"What community in Imperial County, California is partly named after a species of tree that is native to North America, Europe, and western Asia?",hippo,lgraph,"[CLS]
Question: What community in Imperial County, California is partly named after a species of tree that is native to North America, Europe, and western Asia?
Method: hippo
[SEP]","[CLS]
Question: What community in Imperial County, California is partly named after a species of tree that is native to North America, Europe, and western Asia?
Method: lgraph
[SEP]",1.0,0.0,1,"[""hippo"", ""qagn""]",2,True
74,"What community in Imperial County, California is partly named after a species of tree that is native to North America, Europe, and western Asia?",light,hippo,"[CLS]
Question: What community in Imperial County, California is partly named after a species of tree that is native to North America, Europe, and western Asia?
Method: light
[SEP]","[CLS]
Question: What community in Imperial County, California is partly named after a species of tree that is native to North America, Europe, and western Asia?
Method: hippo
[SEP]",0.0,1.0,0,"[""hippo"", ""qagn""]",2,True
74,"What community in Imperial County, California is partly named after a species of tree that is native to North America, Europe, and western Asia?",dalk,qagn,"[CLS]
Question: What community in Imperial County, California is partly named after a species of tree that is native to North America, Europe, and western Asia?
Method: dalk
[SEP]","[CLS]
Question: What community in Imperial County, California is partly named after a species of tree that is native to North America, Europe, and western Asia?
Method: qagn
[SEP]",0.0,1.0,0,"[""hippo"", ""qagn""]",2,True
74,"What community in Imperial County, California is partly named after a species of tree that is native to North America, Europe, and western Asia?",gr,qagn,"[CLS]
Question: What community in Imperial County, California is partly named after a species of tree that is native to North America, Europe, and western Asia?
Method: gr
[SEP]","[CLS]
Question: What community in Imperial County, California is partly named after a species of tree that is native to North America, Europe, and western Asia?
Method: qagn
[SEP]",0.0,1.0,0,"[""hippo"", ""qagn""]",2,True
74,"What community in Imperial County, California is partly named after a species of tree that is native to North America, Europe, and western Asia?",lgraph,qagn,"[CLS]
Question: What community in Imperial County, California is partly named after a species of tree that is native to North America, Europe, and western Asia?
Method: lgraph
[SEP]","[CLS]
Question: What community in Imperial County, California is partly named after a species of tree that is native to North America, Europe, and western Asia?
Method: qagn
[SEP]",0.0,1.0,0,"[""hippo"", ""qagn""]",2,True
74,"What community in Imperial County, California is partly named after a species of tree that is native to North America, Europe, and western Asia?",light,qagn,"[CLS]
Question: What community in Imperial County, California is partly named after a species of tree that is native to North America, Europe, and western Asia?
Method: light
[SEP]","[CLS]
Question: What community in Imperial County, California is partly named after a species of tree that is native to North America, Europe, and western Asia?
Method: qagn
[SEP]",0.0,1.0,0,"[""hippo"", ""qagn""]",2,True
78,"Which metropolitan  at the south of Moraine, Ohio had a population of 2,114,580 in 2010 U.S. Census?",hippo,dalk,"[CLS]
Question: Which metropolitan  at the south of Moraine, Ohio had a population of 2,114,580 in 2010 U.S. Census?
Method: hippo
[SEP]","[CLS]
Question: Which metropolitan  at the south of Moraine, Ohio had a population of 2,114,580 in 2010 U.S. Census?
Method: dalk
[SEP]",0.4285714286,0.1739130435,1,"[""hippo"", ""light""]",2,True
78,"Which metropolitan  at the south of Moraine, Ohio had a population of 2,114,580 in 2010 U.S. Census?",gr,hippo,"[CLS]
Question: Which metropolitan  at the south of Moraine, Ohio had a population of 2,114,580 in 2010 U.S. Census?
Method: gr
[SEP]","[CLS]
Question: Which metropolitan  at the south of Moraine, Ohio had a population of 2,114,580 in 2010 U.S. Census?
Method: hippo
[SEP]",0.1666666667,0.4285714286,0,"[""hippo"", ""light""]",2,True
78,"Which metropolitan  at the south of Moraine, Ohio had a population of 2,114,580 in 2010 U.S. Census?",hippo,lgraph,"[CLS]
Question: Which metropolitan  at the south of Moraine, Ohio had a population of 2,114,580 in 2010 U.S. Census?
Method: hippo
[SEP]","[CLS]
Question: Which metropolitan  at the south of Moraine, Ohio had a population of 2,114,580 in 2010 U.S. Census?
Method: lgraph
[SEP]",0.4285714286,0.0,1,"[""hippo"", ""light""]",2,True
78,"Which metropolitan  at the south of Moraine, Ohio had a population of 2,114,580 in 2010 U.S. Census?",qagn,hippo,"[CLS]
Question: Which metropolitan  at the south of Moraine, Ohio had a population of 2,114,580 in 2010 U.S. Census?
Method: qagn
[SEP]","[CLS]
Question: Which metropolitan  at the south of Moraine, Ohio had a population of 2,114,580 in 2010 U.S. Census?
Method: hippo
[SEP]",0.0,0.4285714286,0,"[""hippo"", ""light""]",2,True
78,"Which metropolitan  at the south of Moraine, Ohio had a population of 2,114,580 in 2010 U.S. Census?",dalk,light,"[CLS]
Question: Which metropolitan  at the south of Moraine, Ohio had a population of 2,114,580 in 2010 U.S. Census?
Method: dalk
[SEP]","[CLS]
Question: Which metropolitan  at the south of Moraine, Ohio had a population of 2,114,580 in 2010 U.S. Census?
Method: light
[SEP]",0.1739130435,0.4285714286,0,"[""hippo"", ""light""]",2,True
78,"Which metropolitan  at the south of Moraine, Ohio had a population of 2,114,580 in 2010 U.S. Census?",light,gr,"[CLS]
Question: Which metropolitan  at the south of Moraine, Ohio had a population of 2,114,580 in 2010 U.S. Census?
Method: light
[SEP]","[CLS]
Question: Which metropolitan  at the south of Moraine, Ohio had a population of 2,114,580 in 2010 U.S. Census?
Method: gr
[SEP]",0.4285714286,0.1666666667,1,"[""hippo"", ""light""]",2,True
78,"Which metropolitan  at the south of Moraine, Ohio had a population of 2,114,580 in 2010 U.S. Census?",light,lgraph,"[CLS]
Question: Which metropolitan  at the south of Moraine, Ohio had a population of 2,114,580 in 2010 U.S. Census?
Method: light
[SEP]","[CLS]
Question: Which metropolitan  at the south of Moraine, Ohio had a population of 2,114,580 in 2010 U.S. Census?
Method: lgraph
[SEP]",0.4285714286,0.0,1,"[""hippo"", ""light""]",2,True
78,"Which metropolitan  at the south of Moraine, Ohio had a population of 2,114,580 in 2010 U.S. Census?",light,qagn,"[CLS]
Question: Which metropolitan  at the south of Moraine, Ohio had a population of 2,114,580 in 2010 U.S. Census?
Method: light
[SEP]","[CLS]
Question: Which metropolitan  at the south of Moraine, Ohio had a population of 2,114,580 in 2010 U.S. Census?
Method: qagn
[SEP]",0.4285714286,0.0,1,"[""hippo"", ""light""]",2,True
80,"Which writer was from England, Henry Roth or Robert Erskine Childers?",gr,dalk,"[CLS]
Question: Which writer was from England, Henry Roth or Robert Erskine Childers?
Method: gr
[SEP]","[CLS]
Question: Which writer was from England, Henry Roth or Robert Erskine Childers?
Method: dalk
[SEP]",0.2068965517,0.8571428571,0,"[""dalk""]",1,False
80,"Which writer was from England, Henry Roth or Robert Erskine Childers?",dalk,hippo,"[CLS]
Question: Which writer was from England, Henry Roth or Robert Erskine Childers?
Method: dalk
[SEP]","[CLS]
Question: Which writer was from England, Henry Roth or Robert Erskine Childers?
Method: hippo
[SEP]",0.8571428571,0.3,1,"[""dalk""]",1,False
80,"Which writer was from England, Henry Roth or Robert Erskine Childers?",lgraph,dalk,"[CLS]
Question: Which writer was from England, Henry Roth or Robert Erskine Childers?
Method: lgraph
[SEP]","[CLS]
Question: Which writer was from England, Henry Roth or Robert Erskine Childers?
Method: dalk
[SEP]",0.3529411765,0.8571428571,0,"[""dalk""]",1,False
80,"Which writer was from England, Henry Roth or Robert Erskine Childers?",light,dalk,"[CLS]
Question: Which writer was from England, Henry Roth or Robert Erskine Childers?
Method: light
[SEP]","[CLS]
Question: Which writer was from England, Henry Roth or Robert Erskine Childers?
Method: dalk
[SEP]",0.375,0.8571428571,0,"[""dalk""]",1,False
80,"Which writer was from England, Henry Roth or Robert Erskine Childers?",dalk,qagn,"[CLS]
Question: Which writer was from England, Henry Roth or Robert Erskine Childers?
Method: dalk
[SEP]","[CLS]
Question: Which writer was from England, Henry Roth or Robert Erskine Childers?
Method: qagn
[SEP]",0.8571428571,0.3,1,"[""dalk""]",1,False
82, The 2011–12 Houston Rockets season began with the drafting of the player who now plays for what team?,dalk,hippo,"[CLS]
Question:  The 2011–12 Houston Rockets season began with the drafting of the player who now plays for what team?
Method: dalk
[SEP]","[CLS]
Question:  The 2011–12 Houston Rockets season began with the drafting of the player who now plays for what team?
Method: hippo
[SEP]",0.0,1.0,0,"[""hippo"", ""light""]",2,True
82, The 2011–12 Houston Rockets season began with the drafting of the player who now plays for what team?,hippo,gr,"[CLS]
Question:  The 2011–12 Houston Rockets season began with the drafting of the player who now plays for what team?
Method: hippo
[SEP]","[CLS]
Question:  The 2011–12 Houston Rockets season began with the drafting of the player who now plays for what team?
Method: gr
[SEP]",1.0,0.0,1,"[""hippo"", ""light""]",2,True
82, The 2011–12 Houston Rockets season began with the drafting of the player who now plays for what team?,hippo,lgraph,"[CLS]
Question:  The 2011–12 Houston Rockets season began with the drafting of the player who now plays for what team?
Method: hippo
[SEP]","[CLS]
Question:  The 2011–12 Houston Rockets season began with the drafting of the player who now plays for what team?
Method: lgraph
[SEP]",1.0,0.0,1,"[""hippo"", ""light""]",2,True
82, The 2011–12 Houston Rockets season began with the drafting of the player who now plays for what team?,qagn,hippo,"[CLS]
Question:  The 2011–12 Houston Rockets season began with the drafting of the player who now plays for what team?
Method: qagn
[SEP]","[CLS]
Question:  The 2011–12 Houston Rockets season began with the drafting of the player who now plays for what team?
Method: hippo
[SEP]",0.0,1.0,0,"[""hippo"", ""light""]",2,True
82, The 2011–12 Houston Rockets season began with the drafting of the player who now plays for what team?,dalk,light,"[CLS]
Question:  The 2011–12 Houston Rockets season began with the drafting of the player who now plays for what team?
Method: dalk
[SEP]","[CLS]
Question:  The 2011–12 Houston Rockets season began with the drafting of the player who now plays for what team?
Method: light
[SEP]",0.0,1.0,0,"[""hippo"", ""light""]",2,True
82, The 2011–12 Houston Rockets season began with the drafting of the player who now plays for what team?,light,gr,"[CLS]
Question:  The 2011–12 Houston Rockets season began with the drafting of the player who now plays for what team?
Method: light
[SEP]","[CLS]
Question:  The 2011–12 Houston Rockets season began with the drafting of the player who now plays for what team?
Method: gr
[SEP]",1.0,0.0,1,"[""hippo"", ""light""]",2,True
82, The 2011–12 Houston Rockets season began with the drafting of the player who now plays for what team?,light,lgraph,"[CLS]
Question:  The 2011–12 Houston Rockets season began with the drafting of the player who now plays for what team?
Method: light
[SEP]","[CLS]
Question:  The 2011–12 Houston Rockets season began with the drafting of the player who now plays for what team?
Method: lgraph
[SEP]",1.0,0.0,1,"[""hippo"", ""light""]",2,True
82, The 2011–12 Houston Rockets season began with the drafting of the player who now plays for what team?,light,qagn,"[CLS]
Question:  The 2011–12 Houston Rockets season began with the drafting of the player who now plays for what team?
Method: light
[SEP]","[CLS]
Question:  The 2011–12 Houston Rockets season began with the drafting of the player who now plays for what team?
Method: qagn
[SEP]",1.0,0.0,1,"[""hippo"", ""light""]",2,True
84,"Who was born first, Sarah Jacobson or Arthur Hiller?",hippo,dalk,"[CLS]
Question: Who was born first, Sarah Jacobson or Arthur Hiller?
Method: hippo
[SEP]","[CLS]
Question: Who was born first, Sarah Jacobson or Arthur Hiller?
Method: dalk
[SEP]",0.5714285714,0.1052631579,1,"[""hippo""]",1,False
84,"Who was born first, Sarah Jacobson or Arthur Hiller?",gr,hippo,"[CLS]
Question: Who was born first, Sarah Jacobson or Arthur Hiller?
Method: gr
[SEP]","[CLS]
Question: Who was born first, Sarah Jacobson or Arthur Hiller?
Method: hippo
[SEP]",0.1052631579,0.5714285714,0,"[""hippo""]",1,False
84,"Who was born first, Sarah Jacobson or Arthur Hiller?",lgraph,hippo,"[CLS]
Question: Who was born first, Sarah Jacobson or Arthur Hiller?
Method: lgraph
[SEP]","[CLS]
Question: Who was born first, Sarah Jacobson or Arthur Hiller?
Method: hippo
[SEP]",0.0,0.5714285714,0,"[""hippo""]",1,False
84,"Who was born first, Sarah Jacobson or Arthur Hiller?",hippo,light,"[CLS]
Question: Who was born first, Sarah Jacobson or Arthur Hiller?
Method: hippo
[SEP]","[CLS]
Question: Who was born first, Sarah Jacobson or Arthur Hiller?
Method: light
[SEP]",0.5714285714,0.1666666667,1,"[""hippo""]",1,False
84,"Who was born first, Sarah Jacobson or Arthur Hiller?",qagn,hippo,"[CLS]
Question: Who was born first, Sarah Jacobson or Arthur Hiller?
Method: qagn
[SEP]","[CLS]
Question: Who was born first, Sarah Jacobson or Arthur Hiller?
Method: hippo
[SEP]",0.1666666667,0.5714285714,0,"[""hippo""]",1,False
86,"What singer-songwriter from Derry appeared on Paul van Dyk's 2012 album, Evolution?",dalk,light,"[CLS]
Question: What singer-songwriter from Derry appeared on Paul van Dyk's 2012 album, Evolution?
Method: dalk
[SEP]","[CLS]
Question: What singer-songwriter from Derry appeared on Paul van Dyk's 2012 album, Evolution?
Method: light
[SEP]",0.0,0.3333333333,0,"[""light""]",1,False
86,"What singer-songwriter from Derry appeared on Paul van Dyk's 2012 album, Evolution?",light,gr,"[CLS]
Question: What singer-songwriter from Derry appeared on Paul van Dyk's 2012 album, Evolution?
Method: light
[SEP]","[CLS]
Question: What singer-songwriter from Derry appeared on Paul van Dyk's 2012 album, Evolution?
Method: gr
[SEP]",0.3333333333,0.0,1,"[""light""]",1,False
86,"What singer-songwriter from Derry appeared on Paul van Dyk's 2012 album, Evolution?",light,hippo,"[CLS]
Question: What singer-songwriter from Derry appeared on Paul van Dyk's 2012 album, Evolution?
Method: light
[SEP]","[CLS]
Question: What singer-songwriter from Derry appeared on Paul van Dyk's 2012 album, Evolution?
Method: hippo
[SEP]",0.3333333333,0.1428571429,1,"[""light""]",1,False
86,"What singer-songwriter from Derry appeared on Paul van Dyk's 2012 album, Evolution?",light,lgraph,"[CLS]
Question: What singer-songwriter from Derry appeared on Paul van Dyk's 2012 album, Evolution?
Method: light
[SEP]","[CLS]
Question: What singer-songwriter from Derry appeared on Paul van Dyk's 2012 album, Evolution?
Method: lgraph
[SEP]",0.3333333333,0.0,1,"[""light""]",1,False
86,"What singer-songwriter from Derry appeared on Paul van Dyk's 2012 album, Evolution?",qagn,light,"[CLS]
Question: What singer-songwriter from Derry appeared on Paul van Dyk's 2012 album, Evolution?
Method: qagn
[SEP]","[CLS]
Question: What singer-songwriter from Derry appeared on Paul van Dyk's 2012 album, Evolution?
Method: light
[SEP]",0.0,0.3333333333,0,"[""light""]",1,False
91,"How long does the lower level degree program, offered at Helene Fuld College of Nursing, typically last?",gr,dalk,"[CLS]
Question: How long does the lower level degree program, offered at Helene Fuld College of Nursing, typically last?
Method: gr
[SEP]","[CLS]
Question: How long does the lower level degree program, offered at Helene Fuld College of Nursing, typically last?
Method: dalk
[SEP]",0.0,1.0,0,"[""dalk""]",1,False
91,"How long does the lower level degree program, offered at Helene Fuld College of Nursing, typically last?",hippo,dalk,"[CLS]
Question: How long does the lower level degree program, offered at Helene Fuld College of Nursing, typically last?
Method: hippo
[SEP]","[CLS]
Question: How long does the lower level degree program, offered at Helene Fuld College of Nursing, typically last?
Method: dalk
[SEP]",0.2666666667,1.0,0,"[""dalk""]",1,False
91,"How long does the lower level degree program, offered at Helene Fuld College of Nursing, typically last?",lgraph,dalk,"[CLS]
Question: How long does the lower level degree program, offered at Helene Fuld College of Nursing, typically last?
Method: lgraph
[SEP]","[CLS]
Question: How long does the lower level degree program, offered at Helene Fuld College of Nursing, typically last?
Method: dalk
[SEP]",0.0,1.0,0,"[""dalk""]",1,False
91,"How long does the lower level degree program, offered at Helene Fuld College of Nursing, typically last?",light,dalk,"[CLS]
Question: How long does the lower level degree program, offered at Helene Fuld College of Nursing, typically last?
Method: light
[SEP]","[CLS]
Question: How long does the lower level degree program, offered at Helene Fuld College of Nursing, typically last?
Method: dalk
[SEP]",0.0,1.0,0,"[""dalk""]",1,False
91,"How long does the lower level degree program, offered at Helene Fuld College of Nursing, typically last?",dalk,qagn,"[CLS]
Question: How long does the lower level degree program, offered at Helene Fuld College of Nursing, typically last?
Method: dalk
[SEP]","[CLS]
Question: How long does the lower level degree program, offered at Helene Fuld College of Nursing, typically last?
Method: qagn
[SEP]",1.0,0.0,1,"[""dalk""]",1,False
92,What year did a blacklisted screenwriter share an Academy Award with Michael Kanin?,hippo,dalk,"[CLS]
Question: What year did a blacklisted screenwriter share an Academy Award with Michael Kanin?
Method: hippo
[SEP]","[CLS]
Question: What year did a blacklisted screenwriter share an Academy Award with Michael Kanin?
Method: dalk
[SEP]",1.0,0.0,1,"[""hippo"", ""lgraph"", ""light"", ""qagn""]",4,True
92,What year did a blacklisted screenwriter share an Academy Award with Michael Kanin?,hippo,gr,"[CLS]
Question: What year did a blacklisted screenwriter share an Academy Award with Michael Kanin?
Method: hippo
[SEP]","[CLS]
Question: What year did a blacklisted screenwriter share an Academy Award with Michael Kanin?
Method: gr
[SEP]",1.0,0.0,1,"[""hippo"", ""lgraph"", ""light"", ""qagn""]",4,True
92,What year did a blacklisted screenwriter share an Academy Award with Michael Kanin?,dalk,lgraph,"[CLS]
Question: What year did a blacklisted screenwriter share an Academy Award with Michael Kanin?
Method: dalk
[SEP]","[CLS]
Question: What year did a blacklisted screenwriter share an Academy Award with Michael Kanin?
Method: lgraph
[SEP]",0.0,1.0,0,"[""hippo"", ""lgraph"", ""light"", ""qagn""]",4,True
92,What year did a blacklisted screenwriter share an Academy Award with Michael Kanin?,gr,lgraph,"[CLS]
Question: What year did a blacklisted screenwriter share an Academy Award with Michael Kanin?
Method: gr
[SEP]","[CLS]
Question: What year did a blacklisted screenwriter share an Academy Award with Michael Kanin?
Method: lgraph
[SEP]",0.0,1.0,0,"[""hippo"", ""lgraph"", ""light"", ""qagn""]",4,True
92,What year did a blacklisted screenwriter share an Academy Award with Michael Kanin?,dalk,light,"[CLS]
Question: What year did a blacklisted screenwriter share an Academy Award with Michael Kanin?
Method: dalk
[SEP]","[CLS]
Question: What year did a blacklisted screenwriter share an Academy Award with Michael Kanin?
Method: light
[SEP]",0.0,1.0,0,"[""hippo"", ""lgraph"", ""light"", ""qagn""]",4,True
92,What year did a blacklisted screenwriter share an Academy Award with Michael Kanin?,gr,light,"[CLS]
Question: What year did a blacklisted screenwriter share an Academy Award with Michael Kanin?
Method: gr
[SEP]","[CLS]
Question: What year did a blacklisted screenwriter share an Academy Award with Michael Kanin?
Method: light
[SEP]",0.0,1.0,0,"[""hippo"", ""lgraph"", ""light"", ""qagn""]",4,True
92,What year did a blacklisted screenwriter share an Academy Award with Michael Kanin?,qagn,dalk,"[CLS]
Question: What year did a blacklisted screenwriter share an Academy Award with Michael Kanin?
Method: qagn
[SEP]","[CLS]
Question: What year did a blacklisted screenwriter share an Academy Award with Michael Kanin?
Method: dalk
[SEP]",1.0,0.0,1,"[""hippo"", ""lgraph"", ""light"", ""qagn""]",4,True
92,What year did a blacklisted screenwriter share an Academy Award with Michael Kanin?,qagn,gr,"[CLS]
Question: What year did a blacklisted screenwriter share an Academy Award with Michael Kanin?
Method: qagn
[SEP]","[CLS]
Question: What year did a blacklisted screenwriter share an Academy Award with Michael Kanin?
Method: gr
[SEP]",1.0,0.0,1,"[""hippo"", ""lgraph"", ""light"", ""qagn""]",4,True
93,The Environment Act 1995 passed under the tutelage of a politician associated with what political party?,dalk,gr,"[CLS]
Question: The Environment Act 1995 passed under the tutelage of a politician associated with what political party?
Method: dalk
[SEP]","[CLS]
Question: The Environment Act 1995 passed under the tutelage of a politician associated with what political party?
Method: gr
[SEP]",0.8,0.0869565217,1,"[""dalk"", ""hippo"", ""qagn""]",3,True
93,The Environment Act 1995 passed under the tutelage of a politician associated with what political party?,lgraph,dalk,"[CLS]
Question: The Environment Act 1995 passed under the tutelage of a politician associated with what political party?
Method: lgraph
[SEP]","[CLS]
Question: The Environment Act 1995 passed under the tutelage of a politician associated with what political party?
Method: dalk
[SEP]",0.2222222222,0.8,0,"[""dalk"", ""hippo"", ""qagn""]",3,True
93,The Environment Act 1995 passed under the tutelage of a politician associated with what political party?,light,dalk,"[CLS]
Question: The Environment Act 1995 passed under the tutelage of a politician associated with what political party?
Method: light
[SEP]","[CLS]
Question: The Environment Act 1995 passed under the tutelage of a politician associated with what political party?
Method: dalk
[SEP]",0.1666666667,0.8,0,"[""dalk"", ""hippo"", ""qagn""]",3,True
93,The Environment Act 1995 passed under the tutelage of a politician associated with what political party?,hippo,gr,"[CLS]
Question: The Environment Act 1995 passed under the tutelage of a politician associated with what political party?
Method: hippo
[SEP]","[CLS]
Question: The Environment Act 1995 passed under the tutelage of a politician associated with what political party?
Method: gr
[SEP]",0.8,0.0869565217,1,"[""dalk"", ""hippo"", ""qagn""]",3,True
93,The Environment Act 1995 passed under the tutelage of a politician associated with what political party?,lgraph,hippo,"[CLS]
Question: The Environment Act 1995 passed under the tutelage of a politician associated with what political party?
Method: lgraph
[SEP]","[CLS]
Question: The Environment Act 1995 passed under the tutelage of a politician associated with what political party?
Method: hippo
[SEP]",0.2222222222,0.8,0,"[""dalk"", ""hippo"", ""qagn""]",3,True
93,The Environment Act 1995 passed under the tutelage of a politician associated with what political party?,hippo,light,"[CLS]
Question: The Environment Act 1995 passed under the tutelage of a politician associated with what political party?
Method: hippo
[SEP]","[CLS]
Question: The Environment Act 1995 passed under the tutelage of a politician associated with what political party?
Method: light
[SEP]",0.8,0.1666666667,1,"[""dalk"", ""hippo"", ""qagn""]",3,True
93,The Environment Act 1995 passed under the tutelage of a politician associated with what political party?,gr,qagn,"[CLS]
Question: The Environment Act 1995 passed under the tutelage of a politician associated with what political party?
Method: gr
[SEP]","[CLS]
Question: The Environment Act 1995 passed under the tutelage of a politician associated with what political party?
Method: qagn
[SEP]",0.0869565217,0.8,0,"[""dalk"", ""hippo"", ""qagn""]",3,True
93,The Environment Act 1995 passed under the tutelage of a politician associated with what political party?,lgraph,qagn,"[CLS]
Question: The Environment Act 1995 passed under the tutelage of a politician associated with what political party?
Method: lgraph
[SEP]","[CLS]
Question: The Environment Act 1995 passed under the tutelage of a politician associated with what political party?
Method: qagn
[SEP]",0.2222222222,0.8,0,"[""dalk"", ""hippo"", ""qagn""]",3,True
93,The Environment Act 1995 passed under the tutelage of a politician associated with what political party?,light,qagn,"[CLS]
Question: The Environment Act 1995 passed under the tutelage of a politician associated with what political party?
Method: light
[SEP]","[CLS]
Question: The Environment Act 1995 passed under the tutelage of a politician associated with what political party?
Method: qagn
[SEP]",0.1666666667,0.8,0,"[""dalk"", ""hippo"", ""qagn""]",3,True
95,What is the sister city of the city in which Benjamin Abram Bernstein was born?,dalk,qagn,"[CLS]
Question: What is the sister city of the city in which Benjamin Abram Bernstein was born?
Method: dalk
[SEP]","[CLS]
Question: What is the sister city of the city in which Benjamin Abram Bernstein was born?
Method: qagn
[SEP]",0.1,0.1111111111,0,"[""qagn""]",1,False
95,What is the sister city of the city in which Benjamin Abram Bernstein was born?,gr,qagn,"[CLS]
Question: What is the sister city of the city in which Benjamin Abram Bernstein was born?
Method: gr
[SEP]","[CLS]
Question: What is the sister city of the city in which Benjamin Abram Bernstein was born?
Method: qagn
[SEP]",0.0,0.1111111111,0,"[""qagn""]",1,False
95,What is the sister city of the city in which Benjamin Abram Bernstein was born?,qagn,hippo,"[CLS]
Question: What is the sister city of the city in which Benjamin Abram Bernstein was born?
Method: qagn
[SEP]","[CLS]
Question: What is the sister city of the city in which Benjamin Abram Bernstein was born?
Method: hippo
[SEP]",0.1111111111,0.0,1,"[""qagn""]",1,False
95,What is the sister city of the city in which Benjamin Abram Bernstein was born?,lgraph,qagn,"[CLS]
Question: What is the sister city of the city in which Benjamin Abram Bernstein was born?
Method: lgraph
[SEP]","[CLS]
Question: What is the sister city of the city in which Benjamin Abram Bernstein was born?
Method: qagn
[SEP]",0.1052631579,0.1111111111,0,"[""qagn""]",1,False
95,What is the sister city of the city in which Benjamin Abram Bernstein was born?,qagn,light,"[CLS]
Question: What is the sister city of the city in which Benjamin Abram Bernstein was born?
Method: qagn
[SEP]","[CLS]
Question: What is the sister city of the city in which Benjamin Abram Bernstein was born?
Method: light
[SEP]",0.1111111111,0.0,1,"[""qagn""]",1,False
96,Was Kanako Momota or Mark Hollis born first?,gr,dalk,"[CLS]
Question: Was Kanako Momota or Mark Hollis born first?
Method: gr
[SEP]","[CLS]
Question: Was Kanako Momota or Mark Hollis born first?
Method: dalk
[SEP]",0.1818181818,0.5,0,"[""dalk""]",1,False
96,Was Kanako Momota or Mark Hollis born first?,hippo,dalk,"[CLS]
Question: Was Kanako Momota or Mark Hollis born first?
Method: hippo
[SEP]","[CLS]
Question: Was Kanako Momota or Mark Hollis born first?
Method: dalk
[SEP]",0.0,0.5,0,"[""dalk""]",1,False
96,Was Kanako Momota or Mark Hollis born first?,lgraph,dalk,"[CLS]
Question: Was Kanako Momota or Mark Hollis born first?
Method: lgraph
[SEP]","[CLS]
Question: Was Kanako Momota or Mark Hollis born first?
Method: dalk
[SEP]",0.0,0.5,0,"[""dalk""]",1,False
96,Was Kanako Momota or Mark Hollis born first?,light,dalk,"[CLS]
Question: Was Kanako Momota or Mark Hollis born first?
Method: light
[SEP]","[CLS]
Question: Was Kanako Momota or Mark Hollis born first?
Method: dalk
[SEP]",0.0,0.5,0,"[""dalk""]",1,False
96,Was Kanako Momota or Mark Hollis born first?,dalk,qagn,"[CLS]
Question: Was Kanako Momota or Mark Hollis born first?
Method: dalk
[SEP]","[CLS]
Question: Was Kanako Momota or Mark Hollis born first?
Method: qagn
[SEP]",0.5,0.0,1,"[""dalk""]",1,False
97,Toby Kebbell starred in a fantasy action film based on a video game series in 2016 notably set in teh world of what?,dalk,hippo,"[CLS]
Question: Toby Kebbell starred in a fantasy action film based on a video game series in 2016 notably set in teh world of what?
Method: dalk
[SEP]","[CLS]
Question: Toby Kebbell starred in a fantasy action film based on a video game series in 2016 notably set in teh world of what?
Method: hippo
[SEP]",0.0,1.0,0,"[""hippo"", ""lgraph"", ""qagn""]",3,True
97,Toby Kebbell starred in a fantasy action film based on a video game series in 2016 notably set in teh world of what?,hippo,gr,"[CLS]
Question: Toby Kebbell starred in a fantasy action film based on a video game series in 2016 notably set in teh world of what?
Method: hippo
[SEP]","[CLS]
Question: Toby Kebbell starred in a fantasy action film based on a video game series in 2016 notably set in teh world of what?
Method: gr
[SEP]",1.0,0.0,1,"[""hippo"", ""lgraph"", ""qagn""]",3,True
97,Toby Kebbell starred in a fantasy action film based on a video game series in 2016 notably set in teh world of what?,light,hippo,"[CLS]
Question: Toby Kebbell starred in a fantasy action film based on a video game series in 2016 notably set in teh world of what?
Method: light
[SEP]","[CLS]
Question: Toby Kebbell starred in a fantasy action film based on a video game series in 2016 notably set in teh world of what?
Method: hippo
[SEP]",0.0,1.0,0,"[""hippo"", ""lgraph"", ""qagn""]",3,True
97,Toby Kebbell starred in a fantasy action film based on a video game series in 2016 notably set in teh world of what?,dalk,lgraph,"[CLS]
Question: Toby Kebbell starred in a fantasy action film based on a video game series in 2016 notably set in teh world of what?
Method: dalk
[SEP]","[CLS]
Question: Toby Kebbell starred in a fantasy action film based on a video game series in 2016 notably set in teh world of what?
Method: lgraph
[SEP]",0.0,1.0,0,"[""hippo"", ""lgraph"", ""qagn""]",3,True
97,Toby Kebbell starred in a fantasy action film based on a video game series in 2016 notably set in teh world of what?,lgraph,gr,"[CLS]
Question: Toby Kebbell starred in a fantasy action film based on a video game series in 2016 notably set in teh world of what?
Method: lgraph
[SEP]","[CLS]
Question: Toby Kebbell starred in a fantasy action film based on a video game series in 2016 notably set in teh world of what?
Method: gr
[SEP]",1.0,0.0,1,"[""hippo"", ""lgraph"", ""qagn""]",3,True
97,Toby Kebbell starred in a fantasy action film based on a video game series in 2016 notably set in teh world of what?,light,lgraph,"[CLS]
Question: Toby Kebbell starred in a fantasy action film based on a video game series in 2016 notably set in teh world of what?
Method: light
[SEP]","[CLS]
Question: Toby Kebbell starred in a fantasy action film based on a video game series in 2016 notably set in teh world of what?
Method: lgraph
[SEP]",0.0,1.0,0,"[""hippo"", ""lgraph"", ""qagn""]",3,True
97,Toby Kebbell starred in a fantasy action film based on a video game series in 2016 notably set in teh world of what?,qagn,dalk,"[CLS]
Question: Toby Kebbell starred in a fantasy action film based on a video game series in 2016 notably set in teh world of what?
Method: qagn
[SEP]","[CLS]
Question: Toby Kebbell starred in a fantasy action film based on a video game series in 2016 notably set in teh world of what?
Method: dalk
[SEP]",1.0,0.0,1,"[""hippo"", ""lgraph"", ""qagn""]",3,True
97,Toby Kebbell starred in a fantasy action film based on a video game series in 2016 notably set in teh world of what?,qagn,gr,"[CLS]
Question: Toby Kebbell starred in a fantasy action film based on a video game series in 2016 notably set in teh world of what?
Method: qagn
[SEP]","[CLS]
Question: Toby Kebbell starred in a fantasy action film based on a video game series in 2016 notably set in teh world of what?
Method: gr
[SEP]",1.0,0.0,1,"[""hippo"", ""lgraph"", ""qagn""]",3,True
97,Toby Kebbell starred in a fantasy action film based on a video game series in 2016 notably set in teh world of what?,light,qagn,"[CLS]
Question: Toby Kebbell starred in a fantasy action film based on a video game series in 2016 notably set in teh world of what?
Method: light
[SEP]","[CLS]
Question: Toby Kebbell starred in a fantasy action film based on a video game series in 2016 notably set in teh world of what?
Method: qagn
[SEP]",0.0,1.0,0,"[""hippo"", ""lgraph"", ""qagn""]",3,True
98,AnnoZero had a collaborator who is a member of which ancient aristocratic house?,hippo,dalk,"[CLS]
Question: AnnoZero had a collaborator who is a member of which ancient aristocratic house?
Method: hippo
[SEP]","[CLS]
Question: AnnoZero had a collaborator who is a member of which ancient aristocratic house?
Method: dalk
[SEP]",1.0,0.4,1,"[""hippo"", ""lgraph"", ""qagn""]",3,True
98,AnnoZero had a collaborator who is a member of which ancient aristocratic house?,hippo,gr,"[CLS]
Question: AnnoZero had a collaborator who is a member of which ancient aristocratic house?
Method: hippo
[SEP]","[CLS]
Question: AnnoZero had a collaborator who is a member of which ancient aristocratic house?
Method: gr
[SEP]",1.0,0.0869565217,1,"[""hippo"", ""lgraph"", ""qagn""]",3,True
98,AnnoZero had a collaborator who is a member of which ancient aristocratic house?,hippo,light,"[CLS]
Question: AnnoZero had a collaborator who is a member of which ancient aristocratic house?
Method: hippo
[SEP]","[CLS]
Question: AnnoZero had a collaborator who is a member of which ancient aristocratic house?
Method: light
[SEP]",1.0,0.3333333333,1,"[""hippo"", ""lgraph"", ""qagn""]",3,True
98,AnnoZero had a collaborator who is a member of which ancient aristocratic house?,lgraph,dalk,"[CLS]
Question: AnnoZero had a collaborator who is a member of which ancient aristocratic house?
Method: lgraph
[SEP]","[CLS]
Question: AnnoZero had a collaborator who is a member of which ancient aristocratic house?
Method: dalk
[SEP]",1.0,0.4,1,"[""hippo"", ""lgraph"", ""qagn""]",3,True
98,AnnoZero had a collaborator who is a member of which ancient aristocratic house?,gr,lgraph,"[CLS]
Question: AnnoZero had a collaborator who is a member of which ancient aristocratic house?
Method: gr
[SEP]","[CLS]
Question: AnnoZero had a collaborator who is a member of which ancient aristocratic house?
Method: lgraph
[SEP]",0.0869565217,1.0,0,"[""hippo"", ""lgraph"", ""qagn""]",3,True
98,AnnoZero had a collaborator who is a member of which ancient aristocratic house?,light,lgraph,"[CLS]
Question: AnnoZero had a collaborator who is a member of which ancient aristocratic house?
Method: light
[SEP]","[CLS]
Question: AnnoZero had a collaborator who is a member of which ancient aristocratic house?
Method: lgraph
[SEP]",0.3333333333,1.0,0,"[""hippo"", ""lgraph"", ""qagn""]",3,True
98,AnnoZero had a collaborator who is a member of which ancient aristocratic house?,qagn,dalk,"[CLS]
Question: AnnoZero had a collaborator who is a member of which ancient aristocratic house?
Method: qagn
[SEP]","[CLS]
Question: AnnoZero had a collaborator who is a member of which ancient aristocratic house?
Method: dalk
[SEP]",1.0,0.4,1,"[""hippo"", ""lgraph"", ""qagn""]",3,True
98,AnnoZero had a collaborator who is a member of which ancient aristocratic house?,gr,qagn,"[CLS]
Question: AnnoZero had a collaborator who is a member of which ancient aristocratic house?
Method: gr
[SEP]","[CLS]
Question: AnnoZero had a collaborator who is a member of which ancient aristocratic house?
Method: qagn
[SEP]",0.0869565217,1.0,0,"[""hippo"", ""lgraph"", ""qagn""]",3,True
98,AnnoZero had a collaborator who is a member of which ancient aristocratic house?,qagn,light,"[CLS]
Question: AnnoZero had a collaborator who is a member of which ancient aristocratic house?
Method: qagn
[SEP]","[CLS]
Question: AnnoZero had a collaborator who is a member of which ancient aristocratic house?
Method: light
[SEP]",1.0,0.3333333333,1,"[""hippo"", ""lgraph"", ""qagn""]",3,True
99, Park Seo-joon is best known for his role in a series that premiered on what month and day?,dalk,hippo,"[CLS]
Question:  Park Seo-joon is best known for his role in a series that premiered on what month and day?
Method: dalk
[SEP]","[CLS]
Question:  Park Seo-joon is best known for his role in a series that premiered on what month and day?
Method: hippo
[SEP]",0.0,1.0,0,"[""hippo"", ""lgraph"", ""qagn""]",3,True
99, Park Seo-joon is best known for his role in a series that premiered on what month and day?,gr,hippo,"[CLS]
Question:  Park Seo-joon is best known for his role in a series that premiered on what month and day?
Method: gr
[SEP]","[CLS]
Question:  Park Seo-joon is best known for his role in a series that premiered on what month and day?
Method: hippo
[SEP]",0.0,1.0,0,"[""hippo"", ""lgraph"", ""qagn""]",3,True
99, Park Seo-joon is best known for his role in a series that premiered on what month and day?,light,hippo,"[CLS]
Question:  Park Seo-joon is best known for his role in a series that premiered on what month and day?
Method: light
[SEP]","[CLS]
Question:  Park Seo-joon is best known for his role in a series that premiered on what month and day?
Method: hippo
[SEP]",0.0,1.0,0,"[""hippo"", ""lgraph"", ""qagn""]",3,True
99, Park Seo-joon is best known for his role in a series that premiered on what month and day?,lgraph,dalk,"[CLS]
Question:  Park Seo-joon is best known for his role in a series that premiered on what month and day?
Method: lgraph
[SEP]","[CLS]
Question:  Park Seo-joon is best known for his role in a series that premiered on what month and day?
Method: dalk
[SEP]",1.0,0.0,1,"[""hippo"", ""lgraph"", ""qagn""]",3,True
99, Park Seo-joon is best known for his role in a series that premiered on what month and day?,gr,lgraph,"[CLS]
Question:  Park Seo-joon is best known for his role in a series that premiered on what month and day?
Method: gr
[SEP]","[CLS]
Question:  Park Seo-joon is best known for his role in a series that premiered on what month and day?
Method: lgraph
[SEP]",0.0,1.0,0,"[""hippo"", ""lgraph"", ""qagn""]",3,True
99, Park Seo-joon is best known for his role in a series that premiered on what month and day?,lgraph,light,"[CLS]
Question:  Park Seo-joon is best known for his role in a series that premiered on what month and day?
Method: lgraph
[SEP]","[CLS]
Question:  Park Seo-joon is best known for his role in a series that premiered on what month and day?
Method: light
[SEP]",1.0,0.0,1,"[""hippo"", ""lgraph"", ""qagn""]",3,True
99, Park Seo-joon is best known for his role in a series that premiered on what month and day?,dalk,qagn,"[CLS]
Question:  Park Seo-joon is best known for his role in a series that premiered on what month and day?
Method: dalk
[SEP]","[CLS]
Question:  Park Seo-joon is best known for his role in a series that premiered on what month and day?
Method: qagn
[SEP]",0.0,1.0,0,"[""hippo"", ""lgraph"", ""qagn""]",3,True
99, Park Seo-joon is best known for his role in a series that premiered on what month and day?,qagn,gr,"[CLS]
Question:  Park Seo-joon is best known for his role in a series that premiered on what month and day?
Method: qagn
[SEP]","[CLS]
Question:  Park Seo-joon is best known for his role in a series that premiered on what month and day?
Method: gr
[SEP]",1.0,0.0,1,"[""hippo"", ""lgraph"", ""qagn""]",3,True
99, Park Seo-joon is best known for his role in a series that premiered on what month and day?,qagn,light,"[CLS]
Question:  Park Seo-joon is best known for his role in a series that premiered on what month and day?
Method: qagn
[SEP]","[CLS]
Question:  Park Seo-joon is best known for his role in a series that premiered on what month and day?
Method: light
[SEP]",1.0,0.0,1,"[""hippo"", ""lgraph"", ""qagn""]",3,True
101,Who directed the 2001 film that featured Yu Rongguang?,hippo,dalk,"[CLS]
Question: Who directed the 2001 film that featured Yu Rongguang?
Method: hippo
[SEP]","[CLS]
Question: Who directed the 2001 film that featured Yu Rongguang?
Method: dalk
[SEP]",0.3636363636,0.0,1,"[""hippo""]",1,False
101,Who directed the 2001 film that featured Yu Rongguang?,gr,hippo,"[CLS]
Question: Who directed the 2001 film that featured Yu Rongguang?
Method: gr
[SEP]","[CLS]
Question: Who directed the 2001 film that featured Yu Rongguang?
Method: hippo
[SEP]",0.0,0.3636363636,0,"[""hippo""]",1,False
101,Who directed the 2001 film that featured Yu Rongguang?,hippo,lgraph,"[CLS]
Question: Who directed the 2001 film that featured Yu Rongguang?
Method: hippo
[SEP]","[CLS]
Question: Who directed the 2001 film that featured Yu Rongguang?
Method: lgraph
[SEP]",0.3636363636,0.3333333333,1,"[""hippo""]",1,False
101,Who directed the 2001 film that featured Yu Rongguang?,light,hippo,"[CLS]
Question: Who directed the 2001 film that featured Yu Rongguang?
Method: light
[SEP]","[CLS]
Question: Who directed the 2001 film that featured Yu Rongguang?
Method: hippo
[SEP]",0.0,0.3636363636,0,"[""hippo""]",1,False
101,Who directed the 2001 film that featured Yu Rongguang?,qagn,hippo,"[CLS]
Question: Who directed the 2001 film that featured Yu Rongguang?
Method: qagn
[SEP]","[CLS]
Question: Who directed the 2001 film that featured Yu Rongguang?
Method: hippo
[SEP]",0.3333333333,0.3636363636,0,"[""hippo""]",1,False
104,What team did Travis Cortez Mays play on which currently compete in the Big 12 Conference.?,hippo,dalk,"[CLS]
Question: What team did Travis Cortez Mays play on which currently compete in the Big 12 Conference.?
Method: hippo
[SEP]","[CLS]
Question: What team did Travis Cortez Mays play on which currently compete in the Big 12 Conference.?
Method: dalk
[SEP]",0.25,0.0,1,"[""hippo"", ""lgraph"", ""light"", ""qagn""]",4,True
104,What team did Travis Cortez Mays play on which currently compete in the Big 12 Conference.?,gr,hippo,"[CLS]
Question: What team did Travis Cortez Mays play on which currently compete in the Big 12 Conference.?
Method: gr
[SEP]","[CLS]
Question: What team did Travis Cortez Mays play on which currently compete in the Big 12 Conference.?
Method: hippo
[SEP]",0.0689655172,0.25,0,"[""hippo"", ""lgraph"", ""light"", ""qagn""]",4,True
104,What team did Travis Cortez Mays play on which currently compete in the Big 12 Conference.?,lgraph,dalk,"[CLS]
Question: What team did Travis Cortez Mays play on which currently compete in the Big 12 Conference.?
Method: lgraph
[SEP]","[CLS]
Question: What team did Travis Cortez Mays play on which currently compete in the Big 12 Conference.?
Method: dalk
[SEP]",0.25,0.0,1,"[""hippo"", ""lgraph"", ""light"", ""qagn""]",4,True
104,What team did Travis Cortez Mays play on which currently compete in the Big 12 Conference.?,gr,lgraph,"[CLS]
Question: What team did Travis Cortez Mays play on which currently compete in the Big 12 Conference.?
Method: gr
[SEP]","[CLS]
Question: What team did Travis Cortez Mays play on which currently compete in the Big 12 Conference.?
Method: lgraph
[SEP]",0.0689655172,0.25,0,"[""hippo"", ""lgraph"", ""light"", ""qagn""]",4,True
104,What team did Travis Cortez Mays play on which currently compete in the Big 12 Conference.?,light,dalk,"[CLS]
Question: What team did Travis Cortez Mays play on which currently compete in the Big 12 Conference.?
Method: light
[SEP]","[CLS]
Question: What team did Travis Cortez Mays play on which currently compete in the Big 12 Conference.?
Method: dalk
[SEP]",0.25,0.0,1,"[""hippo"", ""lgraph"", ""light"", ""qagn""]",4,True
104,What team did Travis Cortez Mays play on which currently compete in the Big 12 Conference.?,gr,light,"[CLS]
Question: What team did Travis Cortez Mays play on which currently compete in the Big 12 Conference.?
Method: gr
[SEP]","[CLS]
Question: What team did Travis Cortez Mays play on which currently compete in the Big 12 Conference.?
Method: light
[SEP]",0.0689655172,0.25,0,"[""hippo"", ""lgraph"", ""light"", ""qagn""]",4,True
104,What team did Travis Cortez Mays play on which currently compete in the Big 12 Conference.?,dalk,qagn,"[CLS]
Question: What team did Travis Cortez Mays play on which currently compete in the Big 12 Conference.?
Method: dalk
[SEP]","[CLS]
Question: What team did Travis Cortez Mays play on which currently compete in the Big 12 Conference.?
Method: qagn
[SEP]",0.0,0.25,0,"[""hippo"", ""lgraph"", ""light"", ""qagn""]",4,True
104,What team did Travis Cortez Mays play on which currently compete in the Big 12 Conference.?,gr,qagn,"[CLS]
Question: What team did Travis Cortez Mays play on which currently compete in the Big 12 Conference.?
Method: gr
[SEP]","[CLS]
Question: What team did Travis Cortez Mays play on which currently compete in the Big 12 Conference.?
Method: qagn
[SEP]",0.0689655172,0.25,0,"[""hippo"", ""lgraph"", ""light"", ""qagn""]",4,True
106,"What netflix series, produced by Joe Swanberg, had an actress  best known for her role as Vanessa on ""Atlanta""?",gr,dalk,"[CLS]
Question: What netflix series, produced by Joe Swanberg, had an actress  best known for her role as Vanessa on ""Atlanta""?
Method: gr
[SEP]","[CLS]
Question: What netflix series, produced by Joe Swanberg, had an actress  best known for her role as Vanessa on ""Atlanta""?
Method: dalk
[SEP]",0.0,1.0,0,"[""dalk"", ""hippo"", ""qagn""]",3,True
106,"What netflix series, produced by Joe Swanberg, had an actress  best known for her role as Vanessa on ""Atlanta""?",lgraph,dalk,"[CLS]
Question: What netflix series, produced by Joe Swanberg, had an actress  best known for her role as Vanessa on ""Atlanta""?
Method: lgraph
[SEP]","[CLS]
Question: What netflix series, produced by Joe Swanberg, had an actress  best known for her role as Vanessa on ""Atlanta""?
Method: dalk
[SEP]",0.0,1.0,0,"[""dalk"", ""hippo"", ""qagn""]",3,True
106,"What netflix series, produced by Joe Swanberg, had an actress  best known for her role as Vanessa on ""Atlanta""?",dalk,light,"[CLS]
Question: What netflix series, produced by Joe Swanberg, had an actress  best known for her role as Vanessa on ""Atlanta""?
Method: dalk
[SEP]","[CLS]
Question: What netflix series, produced by Joe Swanberg, had an actress  best known for her role as Vanessa on ""Atlanta""?
Method: light
[SEP]",1.0,0.5,1,"[""dalk"", ""hippo"", ""qagn""]",3,True
106,"What netflix series, produced by Joe Swanberg, had an actress  best known for her role as Vanessa on ""Atlanta""?",hippo,gr,"[CLS]
Question: What netflix series, produced by Joe Swanberg, had an actress  best known for her role as Vanessa on ""Atlanta""?
Method: hippo
[SEP]","[CLS]
Question: What netflix series, produced by Joe Swanberg, had an actress  best known for her role as Vanessa on ""Atlanta""?
Method: gr
[SEP]",1.0,0.0,1,"[""dalk"", ""hippo"", ""qagn""]",3,True
106,"What netflix series, produced by Joe Swanberg, had an actress  best known for her role as Vanessa on ""Atlanta""?",lgraph,hippo,"[CLS]
Question: What netflix series, produced by Joe Swanberg, had an actress  best known for her role as Vanessa on ""Atlanta""?
Method: lgraph
[SEP]","[CLS]
Question: What netflix series, produced by Joe Swanberg, had an actress  best known for her role as Vanessa on ""Atlanta""?
Method: hippo
[SEP]",0.0,1.0,0,"[""dalk"", ""hippo"", ""qagn""]",3,True
106,"What netflix series, produced by Joe Swanberg, had an actress  best known for her role as Vanessa on ""Atlanta""?",hippo,light,"[CLS]
Question: What netflix series, produced by Joe Swanberg, had an actress  best known for her role as Vanessa on ""Atlanta""?
Method: hippo
[SEP]","[CLS]
Question: What netflix series, produced by Joe Swanberg, had an actress  best known for her role as Vanessa on ""Atlanta""?
Method: light
[SEP]",1.0,0.5,1,"[""dalk"", ""hippo"", ""qagn""]",3,True
106,"What netflix series, produced by Joe Swanberg, had an actress  best known for her role as Vanessa on ""Atlanta""?",qagn,gr,"[CLS]
Question: What netflix series, produced by Joe Swanberg, had an actress  best known for her role as Vanessa on ""Atlanta""?
Method: qagn
[SEP]","[CLS]
Question: What netflix series, produced by Joe Swanberg, had an actress  best known for her role as Vanessa on ""Atlanta""?
Method: gr
[SEP]",1.0,0.0,1,"[""dalk"", ""hippo"", ""qagn""]",3,True
106,"What netflix series, produced by Joe Swanberg, had an actress  best known for her role as Vanessa on ""Atlanta""?",lgraph,qagn,"[CLS]
Question: What netflix series, produced by Joe Swanberg, had an actress  best known for her role as Vanessa on ""Atlanta""?
Method: lgraph
[SEP]","[CLS]
Question: What netflix series, produced by Joe Swanberg, had an actress  best known for her role as Vanessa on ""Atlanta""?
Method: qagn
[SEP]",0.0,1.0,0,"[""dalk"", ""hippo"", ""qagn""]",3,True
106,"What netflix series, produced by Joe Swanberg, had an actress  best known for her role as Vanessa on ""Atlanta""?",light,qagn,"[CLS]
Question: What netflix series, produced by Joe Swanberg, had an actress  best known for her role as Vanessa on ""Atlanta""?
Method: light
[SEP]","[CLS]
Question: What netflix series, produced by Joe Swanberg, had an actress  best known for her role as Vanessa on ""Atlanta""?
Method: qagn
[SEP]",0.5,1.0,0,"[""dalk"", ""hippo"", ""qagn""]",3,True
108,The Party Machine with Nia Peeples was executive produced by the talk show host whose show originally ran during what time period?,dalk,gr,"[CLS]
Question: The Party Machine with Nia Peeples was executive produced by the talk show host whose show originally ran during what time period?
Method: dalk
[SEP]","[CLS]
Question: The Party Machine with Nia Peeples was executive produced by the talk show host whose show originally ran during what time period?
Method: gr
[SEP]",0.0689655172,0.0,1,"[""dalk""]",1,False
108,The Party Machine with Nia Peeples was executive produced by the talk show host whose show originally ran during what time period?,dalk,hippo,"[CLS]
Question: The Party Machine with Nia Peeples was executive produced by the talk show host whose show originally ran during what time period?
Method: dalk
[SEP]","[CLS]
Question: The Party Machine with Nia Peeples was executive produced by the talk show host whose show originally ran during what time period?
Method: hippo
[SEP]",0.0689655172,0.0,1,"[""dalk""]",1,False
108,The Party Machine with Nia Peeples was executive produced by the talk show host whose show originally ran during what time period?,dalk,lgraph,"[CLS]
Question: The Party Machine with Nia Peeples was executive produced by the talk show host whose show originally ran during what time period?
Method: dalk
[SEP]","[CLS]
Question: The Party Machine with Nia Peeples was executive produced by the talk show host whose show originally ran during what time period?
Method: lgraph
[SEP]",0.0689655172,0.0,1,"[""dalk""]",1,False
108,The Party Machine with Nia Peeples was executive produced by the talk show host whose show originally ran during what time period?,dalk,light,"[CLS]
Question: The Party Machine with Nia Peeples was executive produced by the talk show host whose show originally ran during what time period?
Method: dalk
[SEP]","[CLS]
Question: The Party Machine with Nia Peeples was executive produced by the talk show host whose show originally ran during what time period?
Method: light
[SEP]",0.0689655172,0.0,1,"[""dalk""]",1,False
108,The Party Machine with Nia Peeples was executive produced by the talk show host whose show originally ran during what time period?,dalk,qagn,"[CLS]
Question: The Party Machine with Nia Peeples was executive produced by the talk show host whose show originally ran during what time period?
Method: dalk
[SEP]","[CLS]
Question: The Party Machine with Nia Peeples was executive produced by the talk show host whose show originally ran during what time period?
Method: qagn
[SEP]",0.0689655172,0.0,1,"[""dalk""]",1,False
109,The Red Queen's Race is a science fiction short story that uses the Red Queen's race from a novel by Lewis Carroll that is the sequel to what?,lgraph,dalk,"[CLS]
Question: The Red Queen's Race is a science fiction short story that uses the Red Queen's race from a novel by Lewis Carroll that is the sequel to what?
Method: lgraph
[SEP]","[CLS]
Question: The Red Queen's Race is a science fiction short story that uses the Red Queen's race from a novel by Lewis Carroll that is the sequel to what?
Method: dalk
[SEP]",1.0,0.3333333333,1,"[""lgraph"", ""light"", ""qagn""]",3,True
109,The Red Queen's Race is a science fiction short story that uses the Red Queen's race from a novel by Lewis Carroll that is the sequel to what?,lgraph,gr,"[CLS]
Question: The Red Queen's Race is a science fiction short story that uses the Red Queen's race from a novel by Lewis Carroll that is the sequel to what?
Method: lgraph
[SEP]","[CLS]
Question: The Red Queen's Race is a science fiction short story that uses the Red Queen's race from a novel by Lewis Carroll that is the sequel to what?
Method: gr
[SEP]",1.0,0.0,1,"[""lgraph"", ""light"", ""qagn""]",3,True
109,The Red Queen's Race is a science fiction short story that uses the Red Queen's race from a novel by Lewis Carroll that is the sequel to what?,hippo,lgraph,"[CLS]
Question: The Red Queen's Race is a science fiction short story that uses the Red Queen's race from a novel by Lewis Carroll that is the sequel to what?
Method: hippo
[SEP]","[CLS]
Question: The Red Queen's Race is a science fiction short story that uses the Red Queen's race from a novel by Lewis Carroll that is the sequel to what?
Method: lgraph
[SEP]",0.3636363636,1.0,0,"[""lgraph"", ""light"", ""qagn""]",3,True
109,The Red Queen's Race is a science fiction short story that uses the Red Queen's race from a novel by Lewis Carroll that is the sequel to what?,dalk,light,"[CLS]
Question: The Red Queen's Race is a science fiction short story that uses the Red Queen's race from a novel by Lewis Carroll that is the sequel to what?
Method: dalk
[SEP]","[CLS]
Question: The Red Queen's Race is a science fiction short story that uses the Red Queen's race from a novel by Lewis Carroll that is the sequel to what?
Method: light
[SEP]",0.3333333333,1.0,0,"[""lgraph"", ""light"", ""qagn""]",3,True
109,The Red Queen's Race is a science fiction short story that uses the Red Queen's race from a novel by Lewis Carroll that is the sequel to what?,gr,light,"[CLS]
Question: The Red Queen's Race is a science fiction short story that uses the Red Queen's race from a novel by Lewis Carroll that is the sequel to what?
Method: gr
[SEP]","[CLS]
Question: The Red Queen's Race is a science fiction short story that uses the Red Queen's race from a novel by Lewis Carroll that is the sequel to what?
Method: light
[SEP]",0.0,1.0,0,"[""lgraph"", ""light"", ""qagn""]",3,True
109,The Red Queen's Race is a science fiction short story that uses the Red Queen's race from a novel by Lewis Carroll that is the sequel to what?,hippo,light,"[CLS]
Question: The Red Queen's Race is a science fiction short story that uses the Red Queen's race from a novel by Lewis Carroll that is the sequel to what?
Method: hippo
[SEP]","[CLS]
Question: The Red Queen's Race is a science fiction short story that uses the Red Queen's race from a novel by Lewis Carroll that is the sequel to what?
Method: light
[SEP]",0.3636363636,1.0,0,"[""lgraph"", ""light"", ""qagn""]",3,True
109,The Red Queen's Race is a science fiction short story that uses the Red Queen's race from a novel by Lewis Carroll that is the sequel to what?,qagn,dalk,"[CLS]
Question: The Red Queen's Race is a science fiction short story that uses the Red Queen's race from a novel by Lewis Carroll that is the sequel to what?
Method: qagn
[SEP]","[CLS]
Question: The Red Queen's Race is a science fiction short story that uses the Red Queen's race from a novel by Lewis Carroll that is the sequel to what?
Method: dalk
[SEP]",1.0,0.3333333333,1,"[""lgraph"", ""light"", ""qagn""]",3,True
109,The Red Queen's Race is a science fiction short story that uses the Red Queen's race from a novel by Lewis Carroll that is the sequel to what?,gr,qagn,"[CLS]
Question: The Red Queen's Race is a science fiction short story that uses the Red Queen's race from a novel by Lewis Carroll that is the sequel to what?
Method: gr
[SEP]","[CLS]
Question: The Red Queen's Race is a science fiction short story that uses the Red Queen's race from a novel by Lewis Carroll that is the sequel to what?
Method: qagn
[SEP]",0.0,1.0,0,"[""lgraph"", ""light"", ""qagn""]",3,True
109,The Red Queen's Race is a science fiction short story that uses the Red Queen's race from a novel by Lewis Carroll that is the sequel to what?,qagn,hippo,"[CLS]
Question: The Red Queen's Race is a science fiction short story that uses the Red Queen's race from a novel by Lewis Carroll that is the sequel to what?
Method: qagn
[SEP]","[CLS]
Question: The Red Queen's Race is a science fiction short story that uses the Red Queen's race from a novel by Lewis Carroll that is the sequel to what?
Method: hippo
[SEP]",1.0,0.3636363636,1,"[""lgraph"", ""light"", ""qagn""]",3,True
110,How many Major League Baseball teams usually attend the meeting where the John H. Johnson President's Award is awarded?,hippo,dalk,"[CLS]
Question: How many Major League Baseball teams usually attend the meeting where the John H. Johnson President's Award is awarded?
Method: hippo
[SEP]","[CLS]
Question: How many Major League Baseball teams usually attend the meeting where the John H. Johnson President's Award is awarded?
Method: dalk
[SEP]",0.4761904762,0.2,1,"[""hippo"", ""lgraph"", ""light"", ""qagn""]",4,True
110,How many Major League Baseball teams usually attend the meeting where the John H. Johnson President's Award is awarded?,hippo,gr,"[CLS]
Question: How many Major League Baseball teams usually attend the meeting where the John H. Johnson President's Award is awarded?
Method: hippo
[SEP]","[CLS]
Question: How many Major League Baseball teams usually attend the meeting where the John H. Johnson President's Award is awarded?
Method: gr
[SEP]",0.4761904762,0.2857142857,1,"[""hippo"", ""lgraph"", ""light"", ""qagn""]",4,True
110,How many Major League Baseball teams usually attend the meeting where the John H. Johnson President's Award is awarded?,dalk,lgraph,"[CLS]
Question: How many Major League Baseball teams usually attend the meeting where the John H. Johnson President's Award is awarded?
Method: dalk
[SEP]","[CLS]
Question: How many Major League Baseball teams usually attend the meeting where the John H. Johnson President's Award is awarded?
Method: lgraph
[SEP]",0.2,0.4761904762,0,"[""hippo"", ""lgraph"", ""light"", ""qagn""]",4,True
110,How many Major League Baseball teams usually attend the meeting where the John H. Johnson President's Award is awarded?,gr,lgraph,"[CLS]
Question: How many Major League Baseball teams usually attend the meeting where the John H. Johnson President's Award is awarded?
Method: gr
[SEP]","[CLS]
Question: How many Major League Baseball teams usually attend the meeting where the John H. Johnson President's Award is awarded?
Method: lgraph
[SEP]",0.2857142857,0.4761904762,0,"[""hippo"", ""lgraph"", ""light"", ""qagn""]",4,True
110,How many Major League Baseball teams usually attend the meeting where the John H. Johnson President's Award is awarded?,light,dalk,"[CLS]
Question: How many Major League Baseball teams usually attend the meeting where the John H. Johnson President's Award is awarded?
Method: light
[SEP]","[CLS]
Question: How many Major League Baseball teams usually attend the meeting where the John H. Johnson President's Award is awarded?
Method: dalk
[SEP]",0.4761904762,0.2,1,"[""hippo"", ""lgraph"", ""light"", ""qagn""]",4,True
110,How many Major League Baseball teams usually attend the meeting where the John H. Johnson President's Award is awarded?,light,gr,"[CLS]
Question: How many Major League Baseball teams usually attend the meeting where the John H. Johnson President's Award is awarded?
Method: light
[SEP]","[CLS]
Question: How many Major League Baseball teams usually attend the meeting where the John H. Johnson President's Award is awarded?
Method: gr
[SEP]",0.4761904762,0.2857142857,1,"[""hippo"", ""lgraph"", ""light"", ""qagn""]",4,True
110,How many Major League Baseball teams usually attend the meeting where the John H. Johnson President's Award is awarded?,qagn,dalk,"[CLS]
Question: How many Major League Baseball teams usually attend the meeting where the John H. Johnson President's Award is awarded?
Method: qagn
[SEP]","[CLS]
Question: How many Major League Baseball teams usually attend the meeting where the John H. Johnson President's Award is awarded?
Method: dalk
[SEP]",0.4761904762,0.2,1,"[""hippo"", ""lgraph"", ""light"", ""qagn""]",4,True
110,How many Major League Baseball teams usually attend the meeting where the John H. Johnson President's Award is awarded?,qagn,gr,"[CLS]
Question: How many Major League Baseball teams usually attend the meeting where the John H. Johnson President's Award is awarded?
Method: qagn
[SEP]","[CLS]
Question: How many Major League Baseball teams usually attend the meeting where the John H. Johnson President's Award is awarded?
Method: gr
[SEP]",0.4761904762,0.2857142857,1,"[""hippo"", ""lgraph"", ""light"", ""qagn""]",4,True
111,"What season was the character introduced that becomes the main antagonist in the  following season, from the animated television series created by Bryan Konietzko and Michael Dante DiMartino as a sequel to """", which aired from 2005 to 2008? ",dalk,lgraph,"[CLS]
Question: What season was the character introduced that becomes the main antagonist in the  following season, from the animated television series created by Bryan Konietzko and Michael Dante DiMartino as a sequel to """", which aired from 2005 to 2008? 
Method: dalk
[SEP]","[CLS]
Question: What season was the character introduced that becomes the main antagonist in the  following season, from the animated television series created by Bryan Konietzko and Michael Dante DiMartino as a sequel to """", which aired from 2005 to 2008? 
Method: lgraph
[SEP]",0.0,0.6666666667,0,"[""lgraph"", ""light"", ""qagn""]",3,True
111,"What season was the character introduced that becomes the main antagonist in the  following season, from the animated television series created by Bryan Konietzko and Michael Dante DiMartino as a sequel to """", which aired from 2005 to 2008? ",gr,lgraph,"[CLS]
Question: What season was the character introduced that becomes the main antagonist in the  following season, from the animated television series created by Bryan Konietzko and Michael Dante DiMartino as a sequel to """", which aired from 2005 to 2008? 
Method: gr
[SEP]","[CLS]
Question: What season was the character introduced that becomes the main antagonist in the  following season, from the animated television series created by Bryan Konietzko and Michael Dante DiMartino as a sequel to """", which aired from 2005 to 2008? 
Method: lgraph
[SEP]",0.0,0.6666666667,0,"[""lgraph"", ""light"", ""qagn""]",3,True
111,"What season was the character introduced that becomes the main antagonist in the  following season, from the animated television series created by Bryan Konietzko and Michael Dante DiMartino as a sequel to """", which aired from 2005 to 2008? ",lgraph,hippo,"[CLS]
Question: What season was the character introduced that becomes the main antagonist in the  following season, from the animated television series created by Bryan Konietzko and Michael Dante DiMartino as a sequel to """", which aired from 2005 to 2008? 
Method: lgraph
[SEP]","[CLS]
Question: What season was the character introduced that becomes the main antagonist in the  following season, from the animated television series created by Bryan Konietzko and Michael Dante DiMartino as a sequel to """", which aired from 2005 to 2008? 
Method: hippo
[SEP]",0.6666666667,0.1428571429,1,"[""lgraph"", ""light"", ""qagn""]",3,True
111,"What season was the character introduced that becomes the main antagonist in the  following season, from the animated television series created by Bryan Konietzko and Michael Dante DiMartino as a sequel to """", which aired from 2005 to 2008? ",light,dalk,"[CLS]
Question: What season was the character introduced that becomes the main antagonist in the  following season, from the animated television series created by Bryan Konietzko and Michael Dante DiMartino as a sequel to """", which aired from 2005 to 2008? 
Method: light
[SEP]","[CLS]
Question: What season was the character introduced that becomes the main antagonist in the  following season, from the animated television series created by Bryan Konietzko and Michael Dante DiMartino as a sequel to """", which aired from 2005 to 2008? 
Method: dalk
[SEP]",0.6666666667,0.0,1,"[""lgraph"", ""light"", ""qagn""]",3,True
111,"What season was the character introduced that becomes the main antagonist in the  following season, from the animated television series created by Bryan Konietzko and Michael Dante DiMartino as a sequel to """", which aired from 2005 to 2008? ",gr,light,"[CLS]
Question: What season was the character introduced that becomes the main antagonist in the  following season, from the animated television series created by Bryan Konietzko and Michael Dante DiMartino as a sequel to """", which aired from 2005 to 2008? 
Method: gr
[SEP]","[CLS]
Question: What season was the character introduced that becomes the main antagonist in the  following season, from the animated television series created by Bryan Konietzko and Michael Dante DiMartino as a sequel to """", which aired from 2005 to 2008? 
Method: light
[SEP]",0.0,0.6666666667,0,"[""lgraph"", ""light"", ""qagn""]",3,True
111,"What season was the character introduced that becomes the main antagonist in the  following season, from the animated television series created by Bryan Konietzko and Michael Dante DiMartino as a sequel to """", which aired from 2005 to 2008? ",hippo,light,"[CLS]
Question: What season was the character introduced that becomes the main antagonist in the  following season, from the animated television series created by Bryan Konietzko and Michael Dante DiMartino as a sequel to """", which aired from 2005 to 2008? 
Method: hippo
[SEP]","[CLS]
Question: What season was the character introduced that becomes the main antagonist in the  following season, from the animated television series created by Bryan Konietzko and Michael Dante DiMartino as a sequel to """", which aired from 2005 to 2008? 
Method: light
[SEP]",0.1428571429,0.6666666667,0,"[""lgraph"", ""light"", ""qagn""]",3,True
111,"What season was the character introduced that becomes the main antagonist in the  following season, from the animated television series created by Bryan Konietzko and Michael Dante DiMartino as a sequel to """", which aired from 2005 to 2008? ",qagn,dalk,"[CLS]
Question: What season was the character introduced that becomes the main antagonist in the  following season, from the animated television series created by Bryan Konietzko and Michael Dante DiMartino as a sequel to """", which aired from 2005 to 2008? 
Method: qagn
[SEP]","[CLS]
Question: What season was the character introduced that becomes the main antagonist in the  following season, from the animated television series created by Bryan Konietzko and Michael Dante DiMartino as a sequel to """", which aired from 2005 to 2008? 
Method: dalk
[SEP]",0.6666666667,0.0,1,"[""lgraph"", ""light"", ""qagn""]",3,True
111,"What season was the character introduced that becomes the main antagonist in the  following season, from the animated television series created by Bryan Konietzko and Michael Dante DiMartino as a sequel to """", which aired from 2005 to 2008? ",gr,qagn,"[CLS]
Question: What season was the character introduced that becomes the main antagonist in the  following season, from the animated television series created by Bryan Konietzko and Michael Dante DiMartino as a sequel to """", which aired from 2005 to 2008? 
Method: gr
[SEP]","[CLS]
Question: What season was the character introduced that becomes the main antagonist in the  following season, from the animated television series created by Bryan Konietzko and Michael Dante DiMartino as a sequel to """", which aired from 2005 to 2008? 
Method: qagn
[SEP]",0.0,0.6666666667,0,"[""lgraph"", ""light"", ""qagn""]",3,True
111,"What season was the character introduced that becomes the main antagonist in the  following season, from the animated television series created by Bryan Konietzko and Michael Dante DiMartino as a sequel to """", which aired from 2005 to 2008? ",hippo,qagn,"[CLS]
Question: What season was the character introduced that becomes the main antagonist in the  following season, from the animated television series created by Bryan Konietzko and Michael Dante DiMartino as a sequel to """", which aired from 2005 to 2008? 
Method: hippo
[SEP]","[CLS]
Question: What season was the character introduced that becomes the main antagonist in the  following season, from the animated television series created by Bryan Konietzko and Michael Dante DiMartino as a sequel to """", which aired from 2005 to 2008? 
Method: qagn
[SEP]",0.1428571429,0.6666666667,0,"[""lgraph"", ""light"", ""qagn""]",3,True
113,What dance academy did the starring actress from The Glory of Tang Dynasty graduate from?,dalk,qagn,"[CLS]
Question: What dance academy did the starring actress from The Glory of Tang Dynasty graduate from?
Method: dalk
[SEP]","[CLS]
Question: What dance academy did the starring actress from The Glory of Tang Dynasty graduate from?
Method: qagn
[SEP]",0.1818181818,0.1904761905,0,"[""qagn""]",1,False
113,What dance academy did the starring actress from The Glory of Tang Dynasty graduate from?,qagn,gr,"[CLS]
Question: What dance academy did the starring actress from The Glory of Tang Dynasty graduate from?
Method: qagn
[SEP]","[CLS]
Question: What dance academy did the starring actress from The Glory of Tang Dynasty graduate from?
Method: gr
[SEP]",0.1904761905,0.0,1,"[""qagn""]",1,False
113,What dance academy did the starring actress from The Glory of Tang Dynasty graduate from?,qagn,hippo,"[CLS]
Question: What dance academy did the starring actress from The Glory of Tang Dynasty graduate from?
Method: qagn
[SEP]","[CLS]
Question: What dance academy did the starring actress from The Glory of Tang Dynasty graduate from?
Method: hippo
[SEP]",0.1904761905,0.1818181818,1,"[""qagn""]",1,False
113,What dance academy did the starring actress from The Glory of Tang Dynasty graduate from?,qagn,lgraph,"[CLS]
Question: What dance academy did the starring actress from The Glory of Tang Dynasty graduate from?
Method: qagn
[SEP]","[CLS]
Question: What dance academy did the starring actress from The Glory of Tang Dynasty graduate from?
Method: lgraph
[SEP]",0.1904761905,0.1739130435,1,"[""qagn""]",1,False
113,What dance academy did the starring actress from The Glory of Tang Dynasty graduate from?,qagn,light,"[CLS]
Question: What dance academy did the starring actress from The Glory of Tang Dynasty graduate from?
Method: qagn
[SEP]","[CLS]
Question: What dance academy did the starring actress from The Glory of Tang Dynasty graduate from?
Method: light
[SEP]",0.1904761905,0.1739130435,1,"[""qagn""]",1,False
114,What occupation was shared by David Yates and Pietro Germi?,dalk,gr,"[CLS]
Question: What occupation was shared by David Yates and Pietro Germi?
Method: dalk
[SEP]","[CLS]
Question: What occupation was shared by David Yates and Pietro Germi?
Method: gr
[SEP]",1.0,0.0,1,"[""dalk"", ""lgraph"", ""light"", ""qagn""]",4,True
114,What occupation was shared by David Yates and Pietro Germi?,hippo,dalk,"[CLS]
Question: What occupation was shared by David Yates and Pietro Germi?
Method: hippo
[SEP]","[CLS]
Question: What occupation was shared by David Yates and Pietro Germi?
Method: dalk
[SEP]",0.1428571429,1.0,0,"[""dalk"", ""lgraph"", ""light"", ""qagn""]",4,True
114,What occupation was shared by David Yates and Pietro Germi?,lgraph,gr,"[CLS]
Question: What occupation was shared by David Yates and Pietro Germi?
Method: lgraph
[SEP]","[CLS]
Question: What occupation was shared by David Yates and Pietro Germi?
Method: gr
[SEP]",1.0,0.0,1,"[""dalk"", ""lgraph"", ""light"", ""qagn""]",4,True
114,What occupation was shared by David Yates and Pietro Germi?,lgraph,hippo,"[CLS]
Question: What occupation was shared by David Yates and Pietro Germi?
Method: lgraph
[SEP]","[CLS]
Question: What occupation was shared by David Yates and Pietro Germi?
Method: hippo
[SEP]",1.0,0.1428571429,1,"[""dalk"", ""lgraph"", ""light"", ""qagn""]",4,True
114,What occupation was shared by David Yates and Pietro Germi?,gr,light,"[CLS]
Question: What occupation was shared by David Yates and Pietro Germi?
Method: gr
[SEP]","[CLS]
Question: What occupation was shared by David Yates and Pietro Germi?
Method: light
[SEP]",0.0,1.0,0,"[""dalk"", ""lgraph"", ""light"", ""qagn""]",4,True
114,What occupation was shared by David Yates and Pietro Germi?,light,hippo,"[CLS]
Question: What occupation was shared by David Yates and Pietro Germi?
Method: light
[SEP]","[CLS]
Question: What occupation was shared by David Yates and Pietro Germi?
Method: hippo
[SEP]",1.0,0.1428571429,1,"[""dalk"", ""lgraph"", ""light"", ""qagn""]",4,True
114,What occupation was shared by David Yates and Pietro Germi?,gr,qagn,"[CLS]
Question: What occupation was shared by David Yates and Pietro Germi?
Method: gr
[SEP]","[CLS]
Question: What occupation was shared by David Yates and Pietro Germi?
Method: qagn
[SEP]",0.0,1.0,0,"[""dalk"", ""lgraph"", ""light"", ""qagn""]",4,True
114,What occupation was shared by David Yates and Pietro Germi?,qagn,hippo,"[CLS]
Question: What occupation was shared by David Yates and Pietro Germi?
Method: qagn
[SEP]","[CLS]
Question: What occupation was shared by David Yates and Pietro Germi?
Method: hippo
[SEP]",1.0,0.1428571429,1,"[""dalk"", ""lgraph"", ""light"", ""qagn""]",4,True
116, No. 3 Elementary Flying Training School RAAF operated at an Airport during World War 2 that is closest to Which city center in Australia?,hippo,dalk,"[CLS]
Question:  No. 3 Elementary Flying Training School RAAF operated at an Airport during World War 2 that is closest to Which city center in Australia?
Method: hippo
[SEP]","[CLS]
Question:  No. 3 Elementary Flying Training School RAAF operated at an Airport during World War 2 that is closest to Which city center in Australia?
Method: dalk
[SEP]",0.5,0.0769230769,1,"[""hippo""]",1,False
116, No. 3 Elementary Flying Training School RAAF operated at an Airport during World War 2 that is closest to Which city center in Australia?,gr,hippo,"[CLS]
Question:  No. 3 Elementary Flying Training School RAAF operated at an Airport during World War 2 that is closest to Which city center in Australia?
Method: gr
[SEP]","[CLS]
Question:  No. 3 Elementary Flying Training School RAAF operated at an Airport during World War 2 that is closest to Which city center in Australia?
Method: hippo
[SEP]",0.0,0.5,0,"[""hippo""]",1,False
116, No. 3 Elementary Flying Training School RAAF operated at an Airport during World War 2 that is closest to Which city center in Australia?,hippo,lgraph,"[CLS]
Question:  No. 3 Elementary Flying Training School RAAF operated at an Airport during World War 2 that is closest to Which city center in Australia?
Method: hippo
[SEP]","[CLS]
Question:  No. 3 Elementary Flying Training School RAAF operated at an Airport during World War 2 that is closest to Which city center in Australia?
Method: lgraph
[SEP]",0.5,0.0,1,"[""hippo""]",1,False
116, No. 3 Elementary Flying Training School RAAF operated at an Airport during World War 2 that is closest to Which city center in Australia?,light,hippo,"[CLS]
Question:  No. 3 Elementary Flying Training School RAAF operated at an Airport during World War 2 that is closest to Which city center in Australia?
Method: light
[SEP]","[CLS]
Question:  No. 3 Elementary Flying Training School RAAF operated at an Airport during World War 2 that is closest to Which city center in Australia?
Method: hippo
[SEP]",0.0,0.5,0,"[""hippo""]",1,False
116, No. 3 Elementary Flying Training School RAAF operated at an Airport during World War 2 that is closest to Which city center in Australia?,qagn,hippo,"[CLS]
Question:  No. 3 Elementary Flying Training School RAAF operated at an Airport during World War 2 that is closest to Which city center in Australia?
Method: qagn
[SEP]","[CLS]
Question:  No. 3 Elementary Flying Training School RAAF operated at an Airport during World War 2 that is closest to Which city center in Australia?
Method: hippo
[SEP]",0.0,0.5,0,"[""hippo""]",1,False
119,Willi Forst and Brian Robbins are both what?,hippo,dalk,"[CLS]
Question: Willi Forst and Brian Robbins are both what?
Method: hippo
[SEP]","[CLS]
Question: Willi Forst and Brian Robbins are both what?
Method: dalk
[SEP]",0.1176470588,0.0,1,"[""hippo""]",1,False
119,Willi Forst and Brian Robbins are both what?,hippo,gr,"[CLS]
Question: Willi Forst and Brian Robbins are both what?
Method: hippo
[SEP]","[CLS]
Question: Willi Forst and Brian Robbins are both what?
Method: gr
[SEP]",0.1176470588,0.0,1,"[""hippo""]",1,False
119,Willi Forst and Brian Robbins are both what?,hippo,lgraph,"[CLS]
Question: Willi Forst and Brian Robbins are both what?
Method: hippo
[SEP]","[CLS]
Question: Willi Forst and Brian Robbins are both what?
Method: lgraph
[SEP]",0.1176470588,0.0,1,"[""hippo""]",1,False
119,Willi Forst and Brian Robbins are both what?,light,hippo,"[CLS]
Question: Willi Forst and Brian Robbins are both what?
Method: light
[SEP]","[CLS]
Question: Willi Forst and Brian Robbins are both what?
Method: hippo
[SEP]",0.0,0.1176470588,0,"[""hippo""]",1,False
119,Willi Forst and Brian Robbins are both what?,qagn,hippo,"[CLS]
Question: Willi Forst and Brian Robbins are both what?
Method: qagn
[SEP]","[CLS]
Question: Willi Forst and Brian Robbins are both what?
Method: hippo
[SEP]",0.0,0.1176470588,0,"[""hippo""]",1,False
122,"Which was founded first, Dain Rauscher Wessels or Berenberg Bank?",gr,dalk,"[CLS]
Question: Which was founded first, Dain Rauscher Wessels or Berenberg Bank?
Method: gr
[SEP]","[CLS]
Question: Which was founded first, Dain Rauscher Wessels or Berenberg Bank?
Method: dalk
[SEP]",0.3157894737,0.0,1,"[""gr""]",1,False
122,"Which was founded first, Dain Rauscher Wessels or Berenberg Bank?",gr,hippo,"[CLS]
Question: Which was founded first, Dain Rauscher Wessels or Berenberg Bank?
Method: gr
[SEP]","[CLS]
Question: Which was founded first, Dain Rauscher Wessels or Berenberg Bank?
Method: hippo
[SEP]",0.3157894737,0.0,1,"[""gr""]",1,False
122,"Which was founded first, Dain Rauscher Wessels or Berenberg Bank?",lgraph,gr,"[CLS]
Question: Which was founded first, Dain Rauscher Wessels or Berenberg Bank?
Method: lgraph
[SEP]","[CLS]
Question: Which was founded first, Dain Rauscher Wessels or Berenberg Bank?
Method: gr
[SEP]",0.0,0.3157894737,0,"[""gr""]",1,False
122,"Which was founded first, Dain Rauscher Wessels or Berenberg Bank?",gr,light,"[CLS]
Question: Which was founded first, Dain Rauscher Wessels or Berenberg Bank?
Method: gr
[SEP]","[CLS]
Question: Which was founded first, Dain Rauscher Wessels or Berenberg Bank?
Method: light
[SEP]",0.3157894737,0.0,1,"[""gr""]",1,False
122,"Which was founded first, Dain Rauscher Wessels or Berenberg Bank?",qagn,gr,"[CLS]
Question: Which was founded first, Dain Rauscher Wessels or Berenberg Bank?
Method: qagn
[SEP]","[CLS]
Question: Which was founded first, Dain Rauscher Wessels or Berenberg Bank?
Method: gr
[SEP]",0.0,0.3157894737,0,"[""gr""]",1,False
123,"What was the profession of elder brother who born on January 24, 1984?",dalk,hippo,"[CLS]
Question: What was the profession of elder brother who born on January 24, 1984?
Method: dalk
[SEP]","[CLS]
Question: What was the profession of elder brother who born on January 24, 1984?
Method: hippo
[SEP]",0.0,0.4444444444,0,"[""hippo""]",1,False
123,"What was the profession of elder brother who born on January 24, 1984?",gr,hippo,"[CLS]
Question: What was the profession of elder brother who born on January 24, 1984?
Method: gr
[SEP]","[CLS]
Question: What was the profession of elder brother who born on January 24, 1984?
Method: hippo
[SEP]",0.0,0.4444444444,0,"[""hippo""]",1,False
123,"What was the profession of elder brother who born on January 24, 1984?",lgraph,hippo,"[CLS]
Question: What was the profession of elder brother who born on January 24, 1984?
Method: lgraph
[SEP]","[CLS]
Question: What was the profession of elder brother who born on January 24, 1984?
Method: hippo
[SEP]",0.0,0.4444444444,0,"[""hippo""]",1,False
123,"What was the profession of elder brother who born on January 24, 1984?",light,hippo,"[CLS]
Question: What was the profession of elder brother who born on January 24, 1984?
Method: light
[SEP]","[CLS]
Question: What was the profession of elder brother who born on January 24, 1984?
Method: hippo
[SEP]",0.0,0.4444444444,0,"[""hippo""]",1,False
123,"What was the profession of elder brother who born on January 24, 1984?",qagn,hippo,"[CLS]
Question: What was the profession of elder brother who born on January 24, 1984?
Method: qagn
[SEP]","[CLS]
Question: What was the profession of elder brother who born on January 24, 1984?
Method: hippo
[SEP]",0.0,0.4444444444,0,"[""hippo""]",1,False
124,"Which is in the family Rutaceae, the Diplolaena or the Arenaria?",dalk,hippo,"[CLS]
Question: Which is in the family Rutaceae, the Diplolaena or the Arenaria?
Method: dalk
[SEP]","[CLS]
Question: Which is in the family Rutaceae, the Diplolaena or the Arenaria?
Method: hippo
[SEP]",0.125,0.2,0,"[""hippo""]",1,False
124,"Which is in the family Rutaceae, the Diplolaena or the Arenaria?",gr,hippo,"[CLS]
Question: Which is in the family Rutaceae, the Diplolaena or the Arenaria?
Method: gr
[SEP]","[CLS]
Question: Which is in the family Rutaceae, the Diplolaena or the Arenaria?
Method: hippo
[SEP]",0.1428571429,0.2,0,"[""hippo""]",1,False
124,"Which is in the family Rutaceae, the Diplolaena or the Arenaria?",lgraph,hippo,"[CLS]
Question: Which is in the family Rutaceae, the Diplolaena or the Arenaria?
Method: lgraph
[SEP]","[CLS]
Question: Which is in the family Rutaceae, the Diplolaena or the Arenaria?
Method: hippo
[SEP]",0.1333333333,0.2,0,"[""hippo""]",1,False
124,"Which is in the family Rutaceae, the Diplolaena or the Arenaria?",light,hippo,"[CLS]
Question: Which is in the family Rutaceae, the Diplolaena or the Arenaria?
Method: light
[SEP]","[CLS]
Question: Which is in the family Rutaceae, the Diplolaena or the Arenaria?
Method: hippo
[SEP]",0.1666666667,0.2,0,"[""hippo""]",1,False
124,"Which is in the family Rutaceae, the Diplolaena or the Arenaria?",qagn,hippo,"[CLS]
Question: Which is in the family Rutaceae, the Diplolaena or the Arenaria?
Method: qagn
[SEP]","[CLS]
Question: Which is in the family Rutaceae, the Diplolaena or the Arenaria?
Method: hippo
[SEP]",0.1333333333,0.2,0,"[""hippo""]",1,False
126,How many European Jews died in the catastrophe of which Eva Hayman is a survivor?,dalk,gr,"[CLS]
Question: How many European Jews died in the catastrophe of which Eva Hayman is a survivor?
Method: dalk
[SEP]","[CLS]
Question: How many European Jews died in the catastrophe of which Eva Hayman is a survivor?
Method: gr
[SEP]",0.2857142857,0.5714285714,0,"[""gr""]",1,False
126,How many European Jews died in the catastrophe of which Eva Hayman is a survivor?,hippo,gr,"[CLS]
Question: How many European Jews died in the catastrophe of which Eva Hayman is a survivor?
Method: hippo
[SEP]","[CLS]
Question: How many European Jews died in the catastrophe of which Eva Hayman is a survivor?
Method: gr
[SEP]",0.2666666667,0.5714285714,0,"[""gr""]",1,False
126,How many European Jews died in the catastrophe of which Eva Hayman is a survivor?,gr,lgraph,"[CLS]
Question: How many European Jews died in the catastrophe of which Eva Hayman is a survivor?
Method: gr
[SEP]","[CLS]
Question: How many European Jews died in the catastrophe of which Eva Hayman is a survivor?
Method: lgraph
[SEP]",0.5714285714,0.0,1,"[""gr""]",1,False
126,How many European Jews died in the catastrophe of which Eva Hayman is a survivor?,gr,light,"[CLS]
Question: How many European Jews died in the catastrophe of which Eva Hayman is a survivor?
Method: gr
[SEP]","[CLS]
Question: How many European Jews died in the catastrophe of which Eva Hayman is a survivor?
Method: light
[SEP]",0.5714285714,0.0,1,"[""gr""]",1,False
126,How many European Jews died in the catastrophe of which Eva Hayman is a survivor?,gr,qagn,"[CLS]
Question: How many European Jews died in the catastrophe of which Eva Hayman is a survivor?
Method: gr
[SEP]","[CLS]
Question: How many European Jews died in the catastrophe of which Eva Hayman is a survivor?
Method: qagn
[SEP]",0.5714285714,0.0,1,"[""gr""]",1,False
128,"Rosi Golan's songs were featured in commercials for a brand of Artsana, that's been working for over 50 years, and is present in how many countries?",dalk,hippo,"[CLS]
Question: Rosi Golan's songs were featured in commercials for a brand of Artsana, that's been working for over 50 years, and is present in how many countries?
Method: dalk
[SEP]","[CLS]
Question: Rosi Golan's songs were featured in commercials for a brand of Artsana, that's been working for over 50 years, and is present in how many countries?
Method: hippo
[SEP]",0.125,0.6666666667,0,"[""hippo""]",1,False
128,"Rosi Golan's songs were featured in commercials for a brand of Artsana, that's been working for over 50 years, and is present in how many countries?",gr,hippo,"[CLS]
Question: Rosi Golan's songs were featured in commercials for a brand of Artsana, that's been working for over 50 years, and is present in how many countries?
Method: gr
[SEP]","[CLS]
Question: Rosi Golan's songs were featured in commercials for a brand of Artsana, that's been working for over 50 years, and is present in how many countries?
Method: hippo
[SEP]",0.0,0.6666666667,0,"[""hippo""]",1,False
128,"Rosi Golan's songs were featured in commercials for a brand of Artsana, that's been working for over 50 years, and is present in how many countries?",lgraph,hippo,"[CLS]
Question: Rosi Golan's songs were featured in commercials for a brand of Artsana, that's been working for over 50 years, and is present in how many countries?
Method: lgraph
[SEP]","[CLS]
Question: Rosi Golan's songs were featured in commercials for a brand of Artsana, that's been working for over 50 years, and is present in how many countries?
Method: hippo
[SEP]",0.347826087,0.6666666667,0,"[""hippo""]",1,False
128,"Rosi Golan's songs were featured in commercials for a brand of Artsana, that's been working for over 50 years, and is present in how many countries?",light,hippo,"[CLS]
Question: Rosi Golan's songs were featured in commercials for a brand of Artsana, that's been working for over 50 years, and is present in how many countries?
Method: light
[SEP]","[CLS]
Question: Rosi Golan's songs were featured in commercials for a brand of Artsana, that's been working for over 50 years, and is present in how many countries?
Method: hippo
[SEP]",0.1818181818,0.6666666667,0,"[""hippo""]",1,False
128,"Rosi Golan's songs were featured in commercials for a brand of Artsana, that's been working for over 50 years, and is present in how many countries?",hippo,qagn,"[CLS]
Question: Rosi Golan's songs were featured in commercials for a brand of Artsana, that's been working for over 50 years, and is present in how many countries?
Method: hippo
[SEP]","[CLS]
Question: Rosi Golan's songs were featured in commercials for a brand of Artsana, that's been working for over 50 years, and is present in how many countries?
Method: qagn
[SEP]",0.6666666667,0.3333333333,1,"[""hippo""]",1,False
130,Robert Earl Holding owned an oil company that was originally founded by who?,hippo,dalk,"[CLS]
Question: Robert Earl Holding owned an oil company that was originally founded by who?
Method: hippo
[SEP]","[CLS]
Question: Robert Earl Holding owned an oil company that was originally founded by who?
Method: dalk
[SEP]",1.0,0.1818181818,1,"[""hippo"", ""lgraph"", ""light"", ""qagn""]",4,True
130,Robert Earl Holding owned an oil company that was originally founded by who?,hippo,gr,"[CLS]
Question: Robert Earl Holding owned an oil company that was originally founded by who?
Method: hippo
[SEP]","[CLS]
Question: Robert Earl Holding owned an oil company that was originally founded by who?
Method: gr
[SEP]",1.0,0.0,1,"[""hippo"", ""lgraph"", ""light"", ""qagn""]",4,True
130,Robert Earl Holding owned an oil company that was originally founded by who?,lgraph,dalk,"[CLS]
Question: Robert Earl Holding owned an oil company that was originally founded by who?
Method: lgraph
[SEP]","[CLS]
Question: Robert Earl Holding owned an oil company that was originally founded by who?
Method: dalk
[SEP]",1.0,0.1818181818,1,"[""hippo"", ""lgraph"", ""light"", ""qagn""]",4,True
130,Robert Earl Holding owned an oil company that was originally founded by who?,lgraph,gr,"[CLS]
Question: Robert Earl Holding owned an oil company that was originally founded by who?
Method: lgraph
[SEP]","[CLS]
Question: Robert Earl Holding owned an oil company that was originally founded by who?
Method: gr
[SEP]",1.0,0.0,1,"[""hippo"", ""lgraph"", ""light"", ""qagn""]",4,True
130,Robert Earl Holding owned an oil company that was originally founded by who?,dalk,light,"[CLS]
Question: Robert Earl Holding owned an oil company that was originally founded by who?
Method: dalk
[SEP]","[CLS]
Question: Robert Earl Holding owned an oil company that was originally founded by who?
Method: light
[SEP]",0.1818181818,1.0,0,"[""hippo"", ""lgraph"", ""light"", ""qagn""]",4,True
130,Robert Earl Holding owned an oil company that was originally founded by who?,light,gr,"[CLS]
Question: Robert Earl Holding owned an oil company that was originally founded by who?
Method: light
[SEP]","[CLS]
Question: Robert Earl Holding owned an oil company that was originally founded by who?
Method: gr
[SEP]",1.0,0.0,1,"[""hippo"", ""lgraph"", ""light"", ""qagn""]",4,True
130,Robert Earl Holding owned an oil company that was originally founded by who?,qagn,dalk,"[CLS]
Question: Robert Earl Holding owned an oil company that was originally founded by who?
Method: qagn
[SEP]","[CLS]
Question: Robert Earl Holding owned an oil company that was originally founded by who?
Method: dalk
[SEP]",1.0,0.1818181818,1,"[""hippo"", ""lgraph"", ""light"", ""qagn""]",4,True
130,Robert Earl Holding owned an oil company that was originally founded by who?,gr,qagn,"[CLS]
Question: Robert Earl Holding owned an oil company that was originally founded by who?
Method: gr
[SEP]","[CLS]
Question: Robert Earl Holding owned an oil company that was originally founded by who?
Method: qagn
[SEP]",0.0,1.0,0,"[""hippo"", ""lgraph"", ""light"", ""qagn""]",4,True
131,"The town of Sinclair, West Virginia, is named after the founder of the local oil drilling company. What is on Sinclair Oil's famous logo?",gr,dalk,"[CLS]
Question: The town of Sinclair, West Virginia, is named after the founder of the local oil drilling company. What is on Sinclair Oil's famous logo?
Method: gr
[SEP]","[CLS]
Question: The town of Sinclair, West Virginia, is named after the founder of the local oil drilling company. What is on Sinclair Oil's famous logo?
Method: dalk
[SEP]",0.0,0.3333333333,0,"[""dalk""]",1,False
131,"The town of Sinclair, West Virginia, is named after the founder of the local oil drilling company. What is on Sinclair Oil's famous logo?",dalk,hippo,"[CLS]
Question: The town of Sinclair, West Virginia, is named after the founder of the local oil drilling company. What is on Sinclair Oil's famous logo?
Method: dalk
[SEP]","[CLS]
Question: The town of Sinclair, West Virginia, is named after the founder of the local oil drilling company. What is on Sinclair Oil's famous logo?
Method: hippo
[SEP]",0.3333333333,0.1818181818,1,"[""dalk""]",1,False
131,"The town of Sinclair, West Virginia, is named after the founder of the local oil drilling company. What is on Sinclair Oil's famous logo?",dalk,lgraph,"[CLS]
Question: The town of Sinclair, West Virginia, is named after the founder of the local oil drilling company. What is on Sinclair Oil's famous logo?
Method: dalk
[SEP]","[CLS]
Question: The town of Sinclair, West Virginia, is named after the founder of the local oil drilling company. What is on Sinclair Oil's famous logo?
Method: lgraph
[SEP]",0.3333333333,0.25,1,"[""dalk""]",1,False
131,"The town of Sinclair, West Virginia, is named after the founder of the local oil drilling company. What is on Sinclair Oil's famous logo?",light,dalk,"[CLS]
Question: The town of Sinclair, West Virginia, is named after the founder of the local oil drilling company. What is on Sinclair Oil's famous logo?
Method: light
[SEP]","[CLS]
Question: The town of Sinclair, West Virginia, is named after the founder of the local oil drilling company. What is on Sinclair Oil's famous logo?
Method: dalk
[SEP]",0.0,0.3333333333,0,"[""dalk""]",1,False
131,"The town of Sinclair, West Virginia, is named after the founder of the local oil drilling company. What is on Sinclair Oil's famous logo?",dalk,qagn,"[CLS]
Question: The town of Sinclair, West Virginia, is named after the founder of the local oil drilling company. What is on Sinclair Oil's famous logo?
Method: dalk
[SEP]","[CLS]
Question: The town of Sinclair, West Virginia, is named after the founder of the local oil drilling company. What is on Sinclair Oil's famous logo?
Method: qagn
[SEP]",0.3333333333,0.25,1,"[""dalk""]",1,False
132, 50th Military Airlift Squadron was stationed at this base named in honor of who,hippo,dalk,"[CLS]
Question:  50th Military Airlift Squadron was stationed at this base named in honor of who
Method: hippo
[SEP]","[CLS]
Question:  50th Military Airlift Squadron was stationed at this base named in honor of who
Method: dalk
[SEP]",0.2222222222,0.0,1,"[""hippo"", ""lgraph"", ""qagn""]",3,True
132, 50th Military Airlift Squadron was stationed at this base named in honor of who,hippo,gr,"[CLS]
Question:  50th Military Airlift Squadron was stationed at this base named in honor of who
Method: hippo
[SEP]","[CLS]
Question:  50th Military Airlift Squadron was stationed at this base named in honor of who
Method: gr
[SEP]",0.2222222222,0.0,1,"[""hippo"", ""lgraph"", ""qagn""]",3,True
132, 50th Military Airlift Squadron was stationed at this base named in honor of who,light,hippo,"[CLS]
Question:  50th Military Airlift Squadron was stationed at this base named in honor of who
Method: light
[SEP]","[CLS]
Question:  50th Military Airlift Squadron was stationed at this base named in honor of who
Method: hippo
[SEP]",0.0,0.2222222222,0,"[""hippo"", ""lgraph"", ""qagn""]",3,True
132, 50th Military Airlift Squadron was stationed at this base named in honor of who,dalk,lgraph,"[CLS]
Question:  50th Military Airlift Squadron was stationed at this base named in honor of who
Method: dalk
[SEP]","[CLS]
Question:  50th Military Airlift Squadron was stationed at this base named in honor of who
Method: lgraph
[SEP]",0.0,0.2222222222,0,"[""hippo"", ""lgraph"", ""qagn""]",3,True
132, 50th Military Airlift Squadron was stationed at this base named in honor of who,gr,lgraph,"[CLS]
Question:  50th Military Airlift Squadron was stationed at this base named in honor of who
Method: gr
[SEP]","[CLS]
Question:  50th Military Airlift Squadron was stationed at this base named in honor of who
Method: lgraph
[SEP]",0.0,0.2222222222,0,"[""hippo"", ""lgraph"", ""qagn""]",3,True
132, 50th Military Airlift Squadron was stationed at this base named in honor of who,light,lgraph,"[CLS]
Question:  50th Military Airlift Squadron was stationed at this base named in honor of who
Method: light
[SEP]","[CLS]
Question:  50th Military Airlift Squadron was stationed at this base named in honor of who
Method: lgraph
[SEP]",0.0,0.2222222222,0,"[""hippo"", ""lgraph"", ""qagn""]",3,True
132, 50th Military Airlift Squadron was stationed at this base named in honor of who,dalk,qagn,"[CLS]
Question:  50th Military Airlift Squadron was stationed at this base named in honor of who
Method: dalk
[SEP]","[CLS]
Question:  50th Military Airlift Squadron was stationed at this base named in honor of who
Method: qagn
[SEP]",0.0,0.2222222222,0,"[""hippo"", ""lgraph"", ""qagn""]",3,True
132, 50th Military Airlift Squadron was stationed at this base named in honor of who,qagn,gr,"[CLS]
Question:  50th Military Airlift Squadron was stationed at this base named in honor of who
Method: qagn
[SEP]","[CLS]
Question:  50th Military Airlift Squadron was stationed at this base named in honor of who
Method: gr
[SEP]",0.2222222222,0.0,1,"[""hippo"", ""lgraph"", ""qagn""]",3,True
132, 50th Military Airlift Squadron was stationed at this base named in honor of who,qagn,light,"[CLS]
Question:  50th Military Airlift Squadron was stationed at this base named in honor of who
Method: qagn
[SEP]","[CLS]
Question:  50th Military Airlift Squadron was stationed at this base named in honor of who
Method: light
[SEP]",0.2222222222,0.0,1,"[""hippo"", ""lgraph"", ""qagn""]",3,True
133,"Who were the lead members of the group of actors who were in the film which was remade as the first film of ""Ocean's Trilogy""?",lgraph,dalk,"[CLS]
Question: Who were the lead members of the group of actors who were in the film which was remade as the first film of ""Ocean's Trilogy""?
Method: lgraph
[SEP]","[CLS]
Question: Who were the lead members of the group of actors who were in the film which was remade as the first film of ""Ocean's Trilogy""?
Method: dalk
[SEP]",0.4827586207,0.0,1,"[""lgraph""]",1,False
133,"Who were the lead members of the group of actors who were in the film which was remade as the first film of ""Ocean's Trilogy""?",gr,lgraph,"[CLS]
Question: Who were the lead members of the group of actors who were in the film which was remade as the first film of ""Ocean's Trilogy""?
Method: gr
[SEP]","[CLS]
Question: Who were the lead members of the group of actors who were in the film which was remade as the first film of ""Ocean's Trilogy""?
Method: lgraph
[SEP]",0.0307692308,0.4827586207,0,"[""lgraph""]",1,False
133,"Who were the lead members of the group of actors who were in the film which was remade as the first film of ""Ocean's Trilogy""?",hippo,lgraph,"[CLS]
Question: Who were the lead members of the group of actors who were in the film which was remade as the first film of ""Ocean's Trilogy""?
Method: hippo
[SEP]","[CLS]
Question: Who were the lead members of the group of actors who were in the film which was remade as the first film of ""Ocean's Trilogy""?
Method: lgraph
[SEP]",0.3684210526,0.4827586207,0,"[""lgraph""]",1,False
133,"Who were the lead members of the group of actors who were in the film which was remade as the first film of ""Ocean's Trilogy""?",light,lgraph,"[CLS]
Question: Who were the lead members of the group of actors who were in the film which was remade as the first film of ""Ocean's Trilogy""?
Method: light
[SEP]","[CLS]
Question: Who were the lead members of the group of actors who were in the film which was remade as the first film of ""Ocean's Trilogy""?
Method: lgraph
[SEP]",0.0,0.4827586207,0,"[""lgraph""]",1,False
133,"Who were the lead members of the group of actors who were in the film which was remade as the first film of ""Ocean's Trilogy""?",lgraph,qagn,"[CLS]
Question: Who were the lead members of the group of actors who were in the film which was remade as the first film of ""Ocean's Trilogy""?
Method: lgraph
[SEP]","[CLS]
Question: Who were the lead members of the group of actors who were in the film which was remade as the first film of ""Ocean's Trilogy""?
Method: qagn
[SEP]",0.4827586207,0.0,1,"[""lgraph""]",1,False
135,What kind of group does Josey Scott and Kurt Cobain have in common?,gr,dalk,"[CLS]
Question: What kind of group does Josey Scott and Kurt Cobain have in common?
Method: gr
[SEP]","[CLS]
Question: What kind of group does Josey Scott and Kurt Cobain have in common?
Method: dalk
[SEP]",0.0,0.6666666667,0,"[""dalk""]",1,False
135,What kind of group does Josey Scott and Kurt Cobain have in common?,hippo,dalk,"[CLS]
Question: What kind of group does Josey Scott and Kurt Cobain have in common?
Method: hippo
[SEP]","[CLS]
Question: What kind of group does Josey Scott and Kurt Cobain have in common?
Method: dalk
[SEP]",0.0,0.6666666667,0,"[""dalk""]",1,False
135,What kind of group does Josey Scott and Kurt Cobain have in common?,lgraph,dalk,"[CLS]
Question: What kind of group does Josey Scott and Kurt Cobain have in common?
Method: lgraph
[SEP]","[CLS]
Question: What kind of group does Josey Scott and Kurt Cobain have in common?
Method: dalk
[SEP]",0.0,0.6666666667,0,"[""dalk""]",1,False
135,What kind of group does Josey Scott and Kurt Cobain have in common?,dalk,light,"[CLS]
Question: What kind of group does Josey Scott and Kurt Cobain have in common?
Method: dalk
[SEP]","[CLS]
Question: What kind of group does Josey Scott and Kurt Cobain have in common?
Method: light
[SEP]",0.6666666667,0.0,1,"[""dalk""]",1,False
135,What kind of group does Josey Scott and Kurt Cobain have in common?,dalk,qagn,"[CLS]
Question: What kind of group does Josey Scott and Kurt Cobain have in common?
Method: dalk
[SEP]","[CLS]
Question: What kind of group does Josey Scott and Kurt Cobain have in common?
Method: qagn
[SEP]",0.6666666667,0.0,1,"[""dalk""]",1,False
137,The La Senza brand is currently owned by a fashion retailer based in what Ohio city?,lgraph,dalk,"[CLS]
Question: The La Senza brand is currently owned by a fashion retailer based in what Ohio city?
Method: lgraph
[SEP]","[CLS]
Question: The La Senza brand is currently owned by a fashion retailer based in what Ohio city?
Method: dalk
[SEP]",1.0,0.6666666667,1,"[""lgraph"", ""light"", ""qagn""]",3,True
137,The La Senza brand is currently owned by a fashion retailer based in what Ohio city?,lgraph,gr,"[CLS]
Question: The La Senza brand is currently owned by a fashion retailer based in what Ohio city?
Method: lgraph
[SEP]","[CLS]
Question: The La Senza brand is currently owned by a fashion retailer based in what Ohio city?
Method: gr
[SEP]",1.0,0.0,1,"[""lgraph"", ""light"", ""qagn""]",3,True
137,The La Senza brand is currently owned by a fashion retailer based in what Ohio city?,lgraph,hippo,"[CLS]
Question: The La Senza brand is currently owned by a fashion retailer based in what Ohio city?
Method: lgraph
[SEP]","[CLS]
Question: The La Senza brand is currently owned by a fashion retailer based in what Ohio city?
Method: hippo
[SEP]",1.0,0.0,1,"[""lgraph"", ""light"", ""qagn""]",3,True
137,The La Senza brand is currently owned by a fashion retailer based in what Ohio city?,dalk,light,"[CLS]
Question: The La Senza brand is currently owned by a fashion retailer based in what Ohio city?
Method: dalk
[SEP]","[CLS]
Question: The La Senza brand is currently owned by a fashion retailer based in what Ohio city?
Method: light
[SEP]",0.6666666667,1.0,0,"[""lgraph"", ""light"", ""qagn""]",3,True
137,The La Senza brand is currently owned by a fashion retailer based in what Ohio city?,light,gr,"[CLS]
Question: The La Senza brand is currently owned by a fashion retailer based in what Ohio city?
Method: light
[SEP]","[CLS]
Question: The La Senza brand is currently owned by a fashion retailer based in what Ohio city?
Method: gr
[SEP]",1.0,0.0,1,"[""lgraph"", ""light"", ""qagn""]",3,True
137,The La Senza brand is currently owned by a fashion retailer based in what Ohio city?,light,hippo,"[CLS]
Question: The La Senza brand is currently owned by a fashion retailer based in what Ohio city?
Method: light
[SEP]","[CLS]
Question: The La Senza brand is currently owned by a fashion retailer based in what Ohio city?
Method: hippo
[SEP]",1.0,0.0,1,"[""lgraph"", ""light"", ""qagn""]",3,True
137,The La Senza brand is currently owned by a fashion retailer based in what Ohio city?,qagn,dalk,"[CLS]
Question: The La Senza brand is currently owned by a fashion retailer based in what Ohio city?
Method: qagn
[SEP]","[CLS]
Question: The La Senza brand is currently owned by a fashion retailer based in what Ohio city?
Method: dalk
[SEP]",1.0,0.6666666667,1,"[""lgraph"", ""light"", ""qagn""]",3,True
137,The La Senza brand is currently owned by a fashion retailer based in what Ohio city?,qagn,gr,"[CLS]
Question: The La Senza brand is currently owned by a fashion retailer based in what Ohio city?
Method: qagn
[SEP]","[CLS]
Question: The La Senza brand is currently owned by a fashion retailer based in what Ohio city?
Method: gr
[SEP]",1.0,0.0,1,"[""lgraph"", ""light"", ""qagn""]",3,True
137,The La Senza brand is currently owned by a fashion retailer based in what Ohio city?,hippo,qagn,"[CLS]
Question: The La Senza brand is currently owned by a fashion retailer based in what Ohio city?
Method: hippo
[SEP]","[CLS]
Question: The La Senza brand is currently owned by a fashion retailer based in what Ohio city?
Method: qagn
[SEP]",0.0,1.0,0,"[""lgraph"", ""light"", ""qagn""]",3,True
138,"Which American film director is an advisor for Disney, Rick Ray or John Lasseter?",dalk,gr,"[CLS]
Question: Which American film director is an advisor for Disney, Rick Ray or John Lasseter?
Method: dalk
[SEP]","[CLS]
Question: Which American film director is an advisor for Disney, Rick Ray or John Lasseter?
Method: gr
[SEP]",0.8,0.1739130435,1,"[""dalk"", ""hippo"", ""lgraph"", ""light"", ""qagn""]",5,True
138,"Which American film director is an advisor for Disney, Rick Ray or John Lasseter?",hippo,gr,"[CLS]
Question: Which American film director is an advisor for Disney, Rick Ray or John Lasseter?
Method: hippo
[SEP]","[CLS]
Question: Which American film director is an advisor for Disney, Rick Ray or John Lasseter?
Method: gr
[SEP]",0.8,0.1739130435,1,"[""dalk"", ""hippo"", ""lgraph"", ""light"", ""qagn""]",5,True
138,"Which American film director is an advisor for Disney, Rick Ray or John Lasseter?",gr,lgraph,"[CLS]
Question: Which American film director is an advisor for Disney, Rick Ray or John Lasseter?
Method: gr
[SEP]","[CLS]
Question: Which American film director is an advisor for Disney, Rick Ray or John Lasseter?
Method: lgraph
[SEP]",0.1739130435,0.8,0,"[""dalk"", ""hippo"", ""lgraph"", ""light"", ""qagn""]",5,True
138,"Which American film director is an advisor for Disney, Rick Ray or John Lasseter?",light,gr,"[CLS]
Question: Which American film director is an advisor for Disney, Rick Ray or John Lasseter?
Method: light
[SEP]","[CLS]
Question: Which American film director is an advisor for Disney, Rick Ray or John Lasseter?
Method: gr
[SEP]",0.8,0.1739130435,1,"[""dalk"", ""hippo"", ""lgraph"", ""light"", ""qagn""]",5,True
138,"Which American film director is an advisor for Disney, Rick Ray or John Lasseter?",gr,qagn,"[CLS]
Question: Which American film director is an advisor for Disney, Rick Ray or John Lasseter?
Method: gr
[SEP]","[CLS]
Question: Which American film director is an advisor for Disney, Rick Ray or John Lasseter?
Method: qagn
[SEP]",0.1739130435,0.8,0,"[""dalk"", ""hippo"", ""lgraph"", ""light"", ""qagn""]",5,True
139,who was born first Pierre Womé or Christian Poulsen ?,lgraph,dalk,"[CLS]
Question: who was born first Pierre Womé or Christian Poulsen ?
Method: lgraph
[SEP]","[CLS]
Question: who was born first Pierre Womé or Christian Poulsen ?
Method: dalk
[SEP]",0.5,0.0,1,"[""lgraph"", ""qagn""]",2,True
139,who was born first Pierre Womé or Christian Poulsen ?,lgraph,gr,"[CLS]
Question: who was born first Pierre Womé or Christian Poulsen ?
Method: lgraph
[SEP]","[CLS]
Question: who was born first Pierre Womé or Christian Poulsen ?
Method: gr
[SEP]",0.5,0.2,1,"[""lgraph"", ""qagn""]",2,True
139,who was born first Pierre Womé or Christian Poulsen ?,lgraph,hippo,"[CLS]
Question: who was born first Pierre Womé or Christian Poulsen ?
Method: lgraph
[SEP]","[CLS]
Question: who was born first Pierre Womé or Christian Poulsen ?
Method: hippo
[SEP]",0.5,0.0,1,"[""lgraph"", ""qagn""]",2,True
139,who was born first Pierre Womé or Christian Poulsen ?,lgraph,light,"[CLS]
Question: who was born first Pierre Womé or Christian Poulsen ?
Method: lgraph
[SEP]","[CLS]
Question: who was born first Pierre Womé or Christian Poulsen ?
Method: light
[SEP]",0.5,0.1666666667,1,"[""lgraph"", ""qagn""]",2,True
139,who was born first Pierre Womé or Christian Poulsen ?,qagn,dalk,"[CLS]
Question: who was born first Pierre Womé or Christian Poulsen ?
Method: qagn
[SEP]","[CLS]
Question: who was born first Pierre Womé or Christian Poulsen ?
Method: dalk
[SEP]",0.5,0.0,1,"[""lgraph"", ""qagn""]",2,True
139,who was born first Pierre Womé or Christian Poulsen ?,qagn,gr,"[CLS]
Question: who was born first Pierre Womé or Christian Poulsen ?
Method: qagn
[SEP]","[CLS]
Question: who was born first Pierre Womé or Christian Poulsen ?
Method: gr
[SEP]",0.5,0.2,1,"[""lgraph"", ""qagn""]",2,True
139,who was born first Pierre Womé or Christian Poulsen ?,hippo,qagn,"[CLS]
Question: who was born first Pierre Womé or Christian Poulsen ?
Method: hippo
[SEP]","[CLS]
Question: who was born first Pierre Womé or Christian Poulsen ?
Method: qagn
[SEP]",0.0,0.5,0,"[""lgraph"", ""qagn""]",2,True
139,who was born first Pierre Womé or Christian Poulsen ?,qagn,light,"[CLS]
Question: who was born first Pierre Womé or Christian Poulsen ?
Method: qagn
[SEP]","[CLS]
Question: who was born first Pierre Womé or Christian Poulsen ?
Method: light
[SEP]",0.5,0.1666666667,1,"[""lgraph"", ""qagn""]",2,True
140,"Which Nigerian footballer who plays as a forward for Shanghai Greenland Shenhua was one of eleven players to have played in the top divisions in Italy, Spain, England and Germany?",gr,dalk,"[CLS]
Question: Which Nigerian footballer who plays as a forward for Shanghai Greenland Shenhua was one of eleven players to have played in the top divisions in Italy, Spain, England and Germany?
Method: gr
[SEP]","[CLS]
Question: Which Nigerian footballer who plays as a forward for Shanghai Greenland Shenhua was one of eleven players to have played in the top divisions in Italy, Spain, England and Germany?
Method: dalk
[SEP]",0.0,0.8,0,"[""dalk"", ""hippo"", ""lgraph""]",3,True
140,"Which Nigerian footballer who plays as a forward for Shanghai Greenland Shenhua was one of eleven players to have played in the top divisions in Italy, Spain, England and Germany?",light,dalk,"[CLS]
Question: Which Nigerian footballer who plays as a forward for Shanghai Greenland Shenhua was one of eleven players to have played in the top divisions in Italy, Spain, England and Germany?
Method: light
[SEP]","[CLS]
Question: Which Nigerian footballer who plays as a forward for Shanghai Greenland Shenhua was one of eleven players to have played in the top divisions in Italy, Spain, England and Germany?
Method: dalk
[SEP]",0.1176470588,0.8,0,"[""dalk"", ""hippo"", ""lgraph""]",3,True
140,"Which Nigerian footballer who plays as a forward for Shanghai Greenland Shenhua was one of eleven players to have played in the top divisions in Italy, Spain, England and Germany?",dalk,qagn,"[CLS]
Question: Which Nigerian footballer who plays as a forward for Shanghai Greenland Shenhua was one of eleven players to have played in the top divisions in Italy, Spain, England and Germany?
Method: dalk
[SEP]","[CLS]
Question: Which Nigerian footballer who plays as a forward for Shanghai Greenland Shenhua was one of eleven players to have played in the top divisions in Italy, Spain, England and Germany?
Method: qagn
[SEP]",0.8,0.0,1,"[""dalk"", ""hippo"", ""lgraph""]",3,True
140,"Which Nigerian footballer who plays as a forward for Shanghai Greenland Shenhua was one of eleven players to have played in the top divisions in Italy, Spain, England and Germany?",hippo,gr,"[CLS]
Question: Which Nigerian footballer who plays as a forward for Shanghai Greenland Shenhua was one of eleven players to have played in the top divisions in Italy, Spain, England and Germany?
Method: hippo
[SEP]","[CLS]
Question: Which Nigerian footballer who plays as a forward for Shanghai Greenland Shenhua was one of eleven players to have played in the top divisions in Italy, Spain, England and Germany?
Method: gr
[SEP]",0.8,0.0,1,"[""dalk"", ""hippo"", ""lgraph""]",3,True
140,"Which Nigerian footballer who plays as a forward for Shanghai Greenland Shenhua was one of eleven players to have played in the top divisions in Italy, Spain, England and Germany?",hippo,light,"[CLS]
Question: Which Nigerian footballer who plays as a forward for Shanghai Greenland Shenhua was one of eleven players to have played in the top divisions in Italy, Spain, England and Germany?
Method: hippo
[SEP]","[CLS]
Question: Which Nigerian footballer who plays as a forward for Shanghai Greenland Shenhua was one of eleven players to have played in the top divisions in Italy, Spain, England and Germany?
Method: light
[SEP]",0.8,0.1176470588,1,"[""dalk"", ""hippo"", ""lgraph""]",3,True
140,"Which Nigerian footballer who plays as a forward for Shanghai Greenland Shenhua was one of eleven players to have played in the top divisions in Italy, Spain, England and Germany?",qagn,hippo,"[CLS]
Question: Which Nigerian footballer who plays as a forward for Shanghai Greenland Shenhua was one of eleven players to have played in the top divisions in Italy, Spain, England and Germany?
Method: qagn
[SEP]","[CLS]
Question: Which Nigerian footballer who plays as a forward for Shanghai Greenland Shenhua was one of eleven players to have played in the top divisions in Italy, Spain, England and Germany?
Method: hippo
[SEP]",0.0,0.8,0,"[""dalk"", ""hippo"", ""lgraph""]",3,True
140,"Which Nigerian footballer who plays as a forward for Shanghai Greenland Shenhua was one of eleven players to have played in the top divisions in Italy, Spain, England and Germany?",gr,lgraph,"[CLS]
Question: Which Nigerian footballer who plays as a forward for Shanghai Greenland Shenhua was one of eleven players to have played in the top divisions in Italy, Spain, England and Germany?
Method: gr
[SEP]","[CLS]
Question: Which Nigerian footballer who plays as a forward for Shanghai Greenland Shenhua was one of eleven players to have played in the top divisions in Italy, Spain, England and Germany?
Method: lgraph
[SEP]",0.0,0.8,0,"[""dalk"", ""hippo"", ""lgraph""]",3,True
140,"Which Nigerian footballer who plays as a forward for Shanghai Greenland Shenhua was one of eleven players to have played in the top divisions in Italy, Spain, England and Germany?",lgraph,light,"[CLS]
Question: Which Nigerian footballer who plays as a forward for Shanghai Greenland Shenhua was one of eleven players to have played in the top divisions in Italy, Spain, England and Germany?
Method: lgraph
[SEP]","[CLS]
Question: Which Nigerian footballer who plays as a forward for Shanghai Greenland Shenhua was one of eleven players to have played in the top divisions in Italy, Spain, England and Germany?
Method: light
[SEP]",0.8,0.1176470588,1,"[""dalk"", ""hippo"", ""lgraph""]",3,True
140,"Which Nigerian footballer who plays as a forward for Shanghai Greenland Shenhua was one of eleven players to have played in the top divisions in Italy, Spain, England and Germany?",qagn,lgraph,"[CLS]
Question: Which Nigerian footballer who plays as a forward for Shanghai Greenland Shenhua was one of eleven players to have played in the top divisions in Italy, Spain, England and Germany?
Method: qagn
[SEP]","[CLS]
Question: Which Nigerian footballer who plays as a forward for Shanghai Greenland Shenhua was one of eleven players to have played in the top divisions in Italy, Spain, England and Germany?
Method: lgraph
[SEP]",0.0,0.8,0,"[""dalk"", ""hippo"", ""lgraph""]",3,True
142,What was the nationality of the person Mountbatten Institute was named after?,gr,dalk,"[CLS]
Question: What was the nationality of the person Mountbatten Institute was named after?
Method: gr
[SEP]","[CLS]
Question: What was the nationality of the person Mountbatten Institute was named after?
Method: dalk
[SEP]",0.0,1.0,0,"[""dalk""]",1,False
142,What was the nationality of the person Mountbatten Institute was named after?,hippo,dalk,"[CLS]
Question: What was the nationality of the person Mountbatten Institute was named after?
Method: hippo
[SEP]","[CLS]
Question: What was the nationality of the person Mountbatten Institute was named after?
Method: dalk
[SEP]",0.0,1.0,0,"[""dalk""]",1,False
142,What was the nationality of the person Mountbatten Institute was named after?,lgraph,dalk,"[CLS]
Question: What was the nationality of the person Mountbatten Institute was named after?
Method: lgraph
[SEP]","[CLS]
Question: What was the nationality of the person Mountbatten Institute was named after?
Method: dalk
[SEP]",0.0,1.0,0,"[""dalk""]",1,False
142,What was the nationality of the person Mountbatten Institute was named after?,light,dalk,"[CLS]
Question: What was the nationality of the person Mountbatten Institute was named after?
Method: light
[SEP]","[CLS]
Question: What was the nationality of the person Mountbatten Institute was named after?
Method: dalk
[SEP]",0.0,1.0,0,"[""dalk""]",1,False
142,What was the nationality of the person Mountbatten Institute was named after?,dalk,qagn,"[CLS]
Question: What was the nationality of the person Mountbatten Institute was named after?
Method: dalk
[SEP]","[CLS]
Question: What was the nationality of the person Mountbatten Institute was named after?
Method: qagn
[SEP]",1.0,0.0,1,"[""dalk""]",1,False
143,"What is the species of animal which the town of Antelope, Kansas was named after?",gr,dalk,"[CLS]
Question: What is the species of animal which the town of Antelope, Kansas was named after?
Method: gr
[SEP]","[CLS]
Question: What is the species of animal which the town of Antelope, Kansas was named after?
Method: dalk
[SEP]",0.8,0.6666666667,1,"[""gr""]",1,False
143,"What is the species of animal which the town of Antelope, Kansas was named after?",gr,hippo,"[CLS]
Question: What is the species of animal which the town of Antelope, Kansas was named after?
Method: gr
[SEP]","[CLS]
Question: What is the species of animal which the town of Antelope, Kansas was named after?
Method: hippo
[SEP]",0.8,0.0,1,"[""gr""]",1,False
143,"What is the species of animal which the town of Antelope, Kansas was named after?",gr,lgraph,"[CLS]
Question: What is the species of animal which the town of Antelope, Kansas was named after?
Method: gr
[SEP]","[CLS]
Question: What is the species of animal which the town of Antelope, Kansas was named after?
Method: lgraph
[SEP]",0.8,0.0,1,"[""gr""]",1,False
143,"What is the species of animal which the town of Antelope, Kansas was named after?",light,gr,"[CLS]
Question: What is the species of animal which the town of Antelope, Kansas was named after?
Method: light
[SEP]","[CLS]
Question: What is the species of animal which the town of Antelope, Kansas was named after?
Method: gr
[SEP]",0.0,0.8,0,"[""gr""]",1,False
143,"What is the species of animal which the town of Antelope, Kansas was named after?",qagn,gr,"[CLS]
Question: What is the species of animal which the town of Antelope, Kansas was named after?
Method: qagn
[SEP]","[CLS]
Question: What is the species of animal which the town of Antelope, Kansas was named after?
Method: gr
[SEP]",0.0,0.8,0,"[""gr""]",1,False
144,Eric Ambler and Carol Shields are both best Known for what profession?,hippo,dalk,"[CLS]
Question: Eric Ambler and Carol Shields are both best Known for what profession?
Method: hippo
[SEP]","[CLS]
Question: Eric Ambler and Carol Shields are both best Known for what profession?
Method: dalk
[SEP]",0.0833333333,0.0512820513,1,"[""hippo""]",1,False
144,Eric Ambler and Carol Shields are both best Known for what profession?,gr,hippo,"[CLS]
Question: Eric Ambler and Carol Shields are both best Known for what profession?
Method: gr
[SEP]","[CLS]
Question: Eric Ambler and Carol Shields are both best Known for what profession?
Method: hippo
[SEP]",0.0,0.0833333333,0,"[""hippo""]",1,False
144,Eric Ambler and Carol Shields are both best Known for what profession?,lgraph,hippo,"[CLS]
Question: Eric Ambler and Carol Shields are both best Known for what profession?
Method: lgraph
[SEP]","[CLS]
Question: Eric Ambler and Carol Shields are both best Known for what profession?
Method: hippo
[SEP]",0.0689655172,0.0833333333,0,"[""hippo""]",1,False
144,Eric Ambler and Carol Shields are both best Known for what profession?,hippo,light,"[CLS]
Question: Eric Ambler and Carol Shields are both best Known for what profession?
Method: hippo
[SEP]","[CLS]
Question: Eric Ambler and Carol Shields are both best Known for what profession?
Method: light
[SEP]",0.0833333333,0.0,1,"[""hippo""]",1,False
144,Eric Ambler and Carol Shields are both best Known for what profession?,qagn,hippo,"[CLS]
Question: Eric Ambler and Carol Shields are both best Known for what profession?
Method: qagn
[SEP]","[CLS]
Question: Eric Ambler and Carol Shields are both best Known for what profession?
Method: hippo
[SEP]",0.0,0.0833333333,0,"[""hippo""]",1,False
146,The tap dancing soloist in My Feet Keep Dancing also starred in what 1935 MGM musical?,dalk,hippo,"[CLS]
Question: The tap dancing soloist in My Feet Keep Dancing also starred in what 1935 MGM musical?
Method: dalk
[SEP]","[CLS]
Question: The tap dancing soloist in My Feet Keep Dancing also starred in what 1935 MGM musical?
Method: hippo
[SEP]",0.0,1.0,0,"[""hippo""]",1,False
146,The tap dancing soloist in My Feet Keep Dancing also starred in what 1935 MGM musical?,hippo,gr,"[CLS]
Question: The tap dancing soloist in My Feet Keep Dancing also starred in what 1935 MGM musical?
Method: hippo
[SEP]","[CLS]
Question: The tap dancing soloist in My Feet Keep Dancing also starred in what 1935 MGM musical?
Method: gr
[SEP]",1.0,0.0,1,"[""hippo""]",1,False
146,The tap dancing soloist in My Feet Keep Dancing also starred in what 1935 MGM musical?,lgraph,hippo,"[CLS]
Question: The tap dancing soloist in My Feet Keep Dancing also starred in what 1935 MGM musical?
Method: lgraph
[SEP]","[CLS]
Question: The tap dancing soloist in My Feet Keep Dancing also starred in what 1935 MGM musical?
Method: hippo
[SEP]",0.5714285714,1.0,0,"[""hippo""]",1,False
146,The tap dancing soloist in My Feet Keep Dancing also starred in what 1935 MGM musical?,light,hippo,"[CLS]
Question: The tap dancing soloist in My Feet Keep Dancing also starred in what 1935 MGM musical?
Method: light
[SEP]","[CLS]
Question: The tap dancing soloist in My Feet Keep Dancing also starred in what 1935 MGM musical?
Method: hippo
[SEP]",0.0,1.0,0,"[""hippo""]",1,False
146,The tap dancing soloist in My Feet Keep Dancing also starred in what 1935 MGM musical?,hippo,qagn,"[CLS]
Question: The tap dancing soloist in My Feet Keep Dancing also starred in what 1935 MGM musical?
Method: hippo
[SEP]","[CLS]
Question: The tap dancing soloist in My Feet Keep Dancing also starred in what 1935 MGM musical?
Method: qagn
[SEP]",1.0,0.5714285714,1,"[""hippo""]",1,False
147,Which American former competitive swimmer was Mitzi Kremer team mate,hippo,dalk,"[CLS]
Question: Which American former competitive swimmer was Mitzi Kremer team mate
Method: hippo
[SEP]","[CLS]
Question: Which American former competitive swimmer was Mitzi Kremer team mate
Method: dalk
[SEP]",0.2068965517,0.0,1,"[""hippo""]",1,False
147,Which American former competitive swimmer was Mitzi Kremer team mate,hippo,gr,"[CLS]
Question: Which American former competitive swimmer was Mitzi Kremer team mate
Method: hippo
[SEP]","[CLS]
Question: Which American former competitive swimmer was Mitzi Kremer team mate
Method: gr
[SEP]",0.2068965517,0.0,1,"[""hippo""]",1,False
147,Which American former competitive swimmer was Mitzi Kremer team mate,lgraph,hippo,"[CLS]
Question: Which American former competitive swimmer was Mitzi Kremer team mate
Method: lgraph
[SEP]","[CLS]
Question: Which American former competitive swimmer was Mitzi Kremer team mate
Method: hippo
[SEP]",0.0,0.2068965517,0,"[""hippo""]",1,False
147,Which American former competitive swimmer was Mitzi Kremer team mate,light,hippo,"[CLS]
Question: Which American former competitive swimmer was Mitzi Kremer team mate
Method: light
[SEP]","[CLS]
Question: Which American former competitive swimmer was Mitzi Kremer team mate
Method: hippo
[SEP]",0.0,0.2068965517,0,"[""hippo""]",1,False
147,Which American former competitive swimmer was Mitzi Kremer team mate,hippo,qagn,"[CLS]
Question: Which American former competitive swimmer was Mitzi Kremer team mate
Method: hippo
[SEP]","[CLS]
Question: Which American former competitive swimmer was Mitzi Kremer team mate
Method: qagn
[SEP]",0.2068965517,0.0,1,"[""hippo""]",1,False
148,What genre was the movie that Austin Nichols was in with Kirsten Dunst?,dalk,lgraph,"[CLS]
Question: What genre was the movie that Austin Nichols was in with Kirsten Dunst?
Method: dalk
[SEP]","[CLS]
Question: What genre was the movie that Austin Nichols was in with Kirsten Dunst?
Method: lgraph
[SEP]",0.1176470588,0.8,0,"[""lgraph""]",1,False
148,What genre was the movie that Austin Nichols was in with Kirsten Dunst?,lgraph,gr,"[CLS]
Question: What genre was the movie that Austin Nichols was in with Kirsten Dunst?
Method: lgraph
[SEP]","[CLS]
Question: What genre was the movie that Austin Nichols was in with Kirsten Dunst?
Method: gr
[SEP]",0.8,0.125,1,"[""lgraph""]",1,False
148,What genre was the movie that Austin Nichols was in with Kirsten Dunst?,hippo,lgraph,"[CLS]
Question: What genre was the movie that Austin Nichols was in with Kirsten Dunst?
Method: hippo
[SEP]","[CLS]
Question: What genre was the movie that Austin Nichols was in with Kirsten Dunst?
Method: lgraph
[SEP]",0.2857142857,0.8,0,"[""lgraph""]",1,False
148,What genre was the movie that Austin Nichols was in with Kirsten Dunst?,light,lgraph,"[CLS]
Question: What genre was the movie that Austin Nichols was in with Kirsten Dunst?
Method: light
[SEP]","[CLS]
Question: What genre was the movie that Austin Nichols was in with Kirsten Dunst?
Method: lgraph
[SEP]",0.2857142857,0.8,0,"[""lgraph""]",1,False
148,What genre was the movie that Austin Nichols was in with Kirsten Dunst?,lgraph,qagn,"[CLS]
Question: What genre was the movie that Austin Nichols was in with Kirsten Dunst?
Method: lgraph
[SEP]","[CLS]
Question: What genre was the movie that Austin Nichols was in with Kirsten Dunst?
Method: qagn
[SEP]",0.8,0.2222222222,1,"[""lgraph""]",1,False
150,"What guitarist played with both Device and the American industrial rock group whose debut album was named ""Short Bus""?",gr,dalk,"[CLS]
Question: What guitarist played with both Device and the American industrial rock group whose debut album was named ""Short Bus""?
Method: gr
[SEP]","[CLS]
Question: What guitarist played with both Device and the American industrial rock group whose debut album was named ""Short Bus""?
Method: dalk
[SEP]",0.0,1.0,0,"[""dalk""]",1,False
150,"What guitarist played with both Device and the American industrial rock group whose debut album was named ""Short Bus""?",hippo,dalk,"[CLS]
Question: What guitarist played with both Device and the American industrial rock group whose debut album was named ""Short Bus""?
Method: hippo
[SEP]","[CLS]
Question: What guitarist played with both Device and the American industrial rock group whose debut album was named ""Short Bus""?
Method: dalk
[SEP]",0.4,1.0,0,"[""dalk""]",1,False
150,"What guitarist played with both Device and the American industrial rock group whose debut album was named ""Short Bus""?",lgraph,dalk,"[CLS]
Question: What guitarist played with both Device and the American industrial rock group whose debut album was named ""Short Bus""?
Method: lgraph
[SEP]","[CLS]
Question: What guitarist played with both Device and the American industrial rock group whose debut album was named ""Short Bus""?
Method: dalk
[SEP]",0.0,1.0,0,"[""dalk""]",1,False
150,"What guitarist played with both Device and the American industrial rock group whose debut album was named ""Short Bus""?",dalk,light,"[CLS]
Question: What guitarist played with both Device and the American industrial rock group whose debut album was named ""Short Bus""?
Method: dalk
[SEP]","[CLS]
Question: What guitarist played with both Device and the American industrial rock group whose debut album was named ""Short Bus""?
Method: light
[SEP]",1.0,0.0,1,"[""dalk""]",1,False
150,"What guitarist played with both Device and the American industrial rock group whose debut album was named ""Short Bus""?",qagn,dalk,"[CLS]
Question: What guitarist played with both Device and the American industrial rock group whose debut album was named ""Short Bus""?
Method: qagn
[SEP]","[CLS]
Question: What guitarist played with both Device and the American industrial rock group whose debut album was named ""Short Bus""?
Method: dalk
[SEP]",0.0,1.0,0,"[""dalk""]",1,False
151,Which Arab World's car was  used in a  American action film directed by F. Gary Gray and written by Chris Morgan?,gr,dalk,"[CLS]
Question: Which Arab World's car was  used in a  American action film directed by F. Gary Gray and written by Chris Morgan?
Method: gr
[SEP]","[CLS]
Question: Which Arab World's car was  used in a  American action film directed by F. Gary Gray and written by Chris Morgan?
Method: dalk
[SEP]",0.0,0.25,0,"[""dalk""]",1,False
151,Which Arab World's car was  used in a  American action film directed by F. Gary Gray and written by Chris Morgan?,dalk,hippo,"[CLS]
Question: Which Arab World's car was  used in a  American action film directed by F. Gary Gray and written by Chris Morgan?
Method: dalk
[SEP]","[CLS]
Question: Which Arab World's car was  used in a  American action film directed by F. Gary Gray and written by Chris Morgan?
Method: hippo
[SEP]",0.25,0.0,1,"[""dalk""]",1,False
151,Which Arab World's car was  used in a  American action film directed by F. Gary Gray and written by Chris Morgan?,dalk,lgraph,"[CLS]
Question: Which Arab World's car was  used in a  American action film directed by F. Gary Gray and written by Chris Morgan?
Method: dalk
[SEP]","[CLS]
Question: Which Arab World's car was  used in a  American action film directed by F. Gary Gray and written by Chris Morgan?
Method: lgraph
[SEP]",0.25,0.0,1,"[""dalk""]",1,False
151,Which Arab World's car was  used in a  American action film directed by F. Gary Gray and written by Chris Morgan?,dalk,light,"[CLS]
Question: Which Arab World's car was  used in a  American action film directed by F. Gary Gray and written by Chris Morgan?
Method: dalk
[SEP]","[CLS]
Question: Which Arab World's car was  used in a  American action film directed by F. Gary Gray and written by Chris Morgan?
Method: light
[SEP]",0.25,0.0,1,"[""dalk""]",1,False
151,Which Arab World's car was  used in a  American action film directed by F. Gary Gray and written by Chris Morgan?,qagn,dalk,"[CLS]
Question: Which Arab World's car was  used in a  American action film directed by F. Gary Gray and written by Chris Morgan?
Method: qagn
[SEP]","[CLS]
Question: Which Arab World's car was  used in a  American action film directed by F. Gary Gray and written by Chris Morgan?
Method: dalk
[SEP]",0.0,0.25,0,"[""dalk""]",1,False
153,What two casinos border the hotel that hosted WrestleMania IX?,hippo,dalk,"[CLS]
Question: What two casinos border the hotel that hosted WrestleMania IX?
Method: hippo
[SEP]","[CLS]
Question: What two casinos border the hotel that hosted WrestleMania IX?
Method: dalk
[SEP]",0.25,0.0952380952,1,"[""hippo""]",1,False
153,What two casinos border the hotel that hosted WrestleMania IX?,gr,hippo,"[CLS]
Question: What two casinos border the hotel that hosted WrestleMania IX?
Method: gr
[SEP]","[CLS]
Question: What two casinos border the hotel that hosted WrestleMania IX?
Method: hippo
[SEP]",0.0,0.25,0,"[""hippo""]",1,False
153,What two casinos border the hotel that hosted WrestleMania IX?,lgraph,hippo,"[CLS]
Question: What two casinos border the hotel that hosted WrestleMania IX?
Method: lgraph
[SEP]","[CLS]
Question: What two casinos border the hotel that hosted WrestleMania IX?
Method: hippo
[SEP]",0.0,0.25,0,"[""hippo""]",1,False
153,What two casinos border the hotel that hosted WrestleMania IX?,hippo,light,"[CLS]
Question: What two casinos border the hotel that hosted WrestleMania IX?
Method: hippo
[SEP]","[CLS]
Question: What two casinos border the hotel that hosted WrestleMania IX?
Method: light
[SEP]",0.25,0.0,1,"[""hippo""]",1,False
153,What two casinos border the hotel that hosted WrestleMania IX?,qagn,hippo,"[CLS]
Question: What two casinos border the hotel that hosted WrestleMania IX?
Method: qagn
[SEP]","[CLS]
Question: What two casinos border the hotel that hosted WrestleMania IX?
Method: hippo
[SEP]",0.0,0.25,0,"[""hippo""]",1,False
154,Ferdinand Zvonimir von Habsburg is the eldest son of the head of which House,dalk,gr,"[CLS]
Question: Ferdinand Zvonimir von Habsburg is the eldest son of the head of which House
Method: dalk
[SEP]","[CLS]
Question: Ferdinand Zvonimir von Habsburg is the eldest son of the head of which House
Method: gr
[SEP]",0.25,1.0,0,"[""gr"", ""lgraph"", ""qagn""]",3,True
154,Ferdinand Zvonimir von Habsburg is the eldest son of the head of which House,hippo,gr,"[CLS]
Question: Ferdinand Zvonimir von Habsburg is the eldest son of the head of which House
Method: hippo
[SEP]","[CLS]
Question: Ferdinand Zvonimir von Habsburg is the eldest son of the head of which House
Method: gr
[SEP]",0.375,1.0,0,"[""gr"", ""lgraph"", ""qagn""]",3,True
154,Ferdinand Zvonimir von Habsburg is the eldest son of the head of which House,light,gr,"[CLS]
Question: Ferdinand Zvonimir von Habsburg is the eldest son of the head of which House
Method: light
[SEP]","[CLS]
Question: Ferdinand Zvonimir von Habsburg is the eldest son of the head of which House
Method: gr
[SEP]",0.375,1.0,0,"[""gr"", ""lgraph"", ""qagn""]",3,True
154,Ferdinand Zvonimir von Habsburg is the eldest son of the head of which House,lgraph,dalk,"[CLS]
Question: Ferdinand Zvonimir von Habsburg is the eldest son of the head of which House
Method: lgraph
[SEP]","[CLS]
Question: Ferdinand Zvonimir von Habsburg is the eldest son of the head of which House
Method: dalk
[SEP]",1.0,0.25,1,"[""gr"", ""lgraph"", ""qagn""]",3,True
154,Ferdinand Zvonimir von Habsburg is the eldest son of the head of which House,hippo,lgraph,"[CLS]
Question: Ferdinand Zvonimir von Habsburg is the eldest son of the head of which House
Method: hippo
[SEP]","[CLS]
Question: Ferdinand Zvonimir von Habsburg is the eldest son of the head of which House
Method: lgraph
[SEP]",0.375,1.0,0,"[""gr"", ""lgraph"", ""qagn""]",3,True
154,Ferdinand Zvonimir von Habsburg is the eldest son of the head of which House,light,lgraph,"[CLS]
Question: Ferdinand Zvonimir von Habsburg is the eldest son of the head of which House
Method: light
[SEP]","[CLS]
Question: Ferdinand Zvonimir von Habsburg is the eldest son of the head of which House
Method: lgraph
[SEP]",0.375,1.0,0,"[""gr"", ""lgraph"", ""qagn""]",3,True
154,Ferdinand Zvonimir von Habsburg is the eldest son of the head of which House,qagn,dalk,"[CLS]
Question: Ferdinand Zvonimir von Habsburg is the eldest son of the head of which House
Method: qagn
[SEP]","[CLS]
Question: Ferdinand Zvonimir von Habsburg is the eldest son of the head of which House
Method: dalk
[SEP]",1.0,0.25,1,"[""gr"", ""lgraph"", ""qagn""]",3,True
154,Ferdinand Zvonimir von Habsburg is the eldest son of the head of which House,hippo,qagn,"[CLS]
Question: Ferdinand Zvonimir von Habsburg is the eldest son of the head of which House
Method: hippo
[SEP]","[CLS]
Question: Ferdinand Zvonimir von Habsburg is the eldest son of the head of which House
Method: qagn
[SEP]",0.375,1.0,0,"[""gr"", ""lgraph"", ""qagn""]",3,True
154,Ferdinand Zvonimir von Habsburg is the eldest son of the head of which House,light,qagn,"[CLS]
Question: Ferdinand Zvonimir von Habsburg is the eldest son of the head of which House
Method: light
[SEP]","[CLS]
Question: Ferdinand Zvonimir von Habsburg is the eldest son of the head of which House
Method: qagn
[SEP]",0.375,1.0,0,"[""gr"", ""lgraph"", ""qagn""]",3,True
156,What occupation do Graham Streeter and Geir Hansteen Jörgensen both have in common.,dalk,gr,"[CLS]
Question: What occupation do Graham Streeter and Geir Hansteen Jörgensen both have in common.
Method: dalk
[SEP]","[CLS]
Question: What occupation do Graham Streeter and Geir Hansteen Jörgensen both have in common.
Method: gr
[SEP]",1.0,0.0,1,"[""dalk"", ""hippo""]",2,True
156,What occupation do Graham Streeter and Geir Hansteen Jörgensen both have in common.,dalk,lgraph,"[CLS]
Question: What occupation do Graham Streeter and Geir Hansteen Jörgensen both have in common.
Method: dalk
[SEP]","[CLS]
Question: What occupation do Graham Streeter and Geir Hansteen Jörgensen both have in common.
Method: lgraph
[SEP]",1.0,0.6666666667,1,"[""dalk"", ""hippo""]",2,True
156,What occupation do Graham Streeter and Geir Hansteen Jörgensen both have in common.,light,dalk,"[CLS]
Question: What occupation do Graham Streeter and Geir Hansteen Jörgensen both have in common.
Method: light
[SEP]","[CLS]
Question: What occupation do Graham Streeter and Geir Hansteen Jörgensen both have in common.
Method: dalk
[SEP]",0.0,1.0,0,"[""dalk"", ""hippo""]",2,True
156,What occupation do Graham Streeter and Geir Hansteen Jörgensen both have in common.,dalk,qagn,"[CLS]
Question: What occupation do Graham Streeter and Geir Hansteen Jörgensen both have in common.
Method: dalk
[SEP]","[CLS]
Question: What occupation do Graham Streeter and Geir Hansteen Jörgensen both have in common.
Method: qagn
[SEP]",1.0,0.6666666667,1,"[""dalk"", ""hippo""]",2,True
156,What occupation do Graham Streeter and Geir Hansteen Jörgensen both have in common.,gr,hippo,"[CLS]
Question: What occupation do Graham Streeter and Geir Hansteen Jörgensen both have in common.
Method: gr
[SEP]","[CLS]
Question: What occupation do Graham Streeter and Geir Hansteen Jörgensen both have in common.
Method: hippo
[SEP]",0.0,1.0,0,"[""dalk"", ""hippo""]",2,True
156,What occupation do Graham Streeter and Geir Hansteen Jörgensen both have in common.,lgraph,hippo,"[CLS]
Question: What occupation do Graham Streeter and Geir Hansteen Jörgensen both have in common.
Method: lgraph
[SEP]","[CLS]
Question: What occupation do Graham Streeter and Geir Hansteen Jörgensen both have in common.
Method: hippo
[SEP]",0.6666666667,1.0,0,"[""dalk"", ""hippo""]",2,True
156,What occupation do Graham Streeter and Geir Hansteen Jörgensen both have in common.,hippo,light,"[CLS]
Question: What occupation do Graham Streeter and Geir Hansteen Jörgensen both have in common.
Method: hippo
[SEP]","[CLS]
Question: What occupation do Graham Streeter and Geir Hansteen Jörgensen both have in common.
Method: light
[SEP]",1.0,0.0,1,"[""dalk"", ""hippo""]",2,True
156,What occupation do Graham Streeter and Geir Hansteen Jörgensen both have in common.,qagn,hippo,"[CLS]
Question: What occupation do Graham Streeter and Geir Hansteen Jörgensen both have in common.
Method: qagn
[SEP]","[CLS]
Question: What occupation do Graham Streeter and Geir Hansteen Jörgensen both have in common.
Method: hippo
[SEP]",0.6666666667,1.0,0,"[""dalk"", ""hippo""]",2,True
157,Which film was was made first The Young Black Stallion or Wild Hearts Can't Be Broken?,hippo,dalk,"[CLS]
Question: Which film was was made first The Young Black Stallion or Wild Hearts Can't Be Broken?
Method: hippo
[SEP]","[CLS]
Question: Which film was was made first The Young Black Stallion or Wild Hearts Can't Be Broken?
Method: dalk
[SEP]",0.6153846154,0.0,1,"[""hippo"", ""lgraph""]",2,True
157,Which film was was made first The Young Black Stallion or Wild Hearts Can't Be Broken?,hippo,gr,"[CLS]
Question: Which film was was made first The Young Black Stallion or Wild Hearts Can't Be Broken?
Method: hippo
[SEP]","[CLS]
Question: Which film was was made first The Young Black Stallion or Wild Hearts Can't Be Broken?
Method: gr
[SEP]",0.6153846154,0.275862069,1,"[""hippo"", ""lgraph""]",2,True
157,Which film was was made first The Young Black Stallion or Wild Hearts Can't Be Broken?,light,hippo,"[CLS]
Question: Which film was was made first The Young Black Stallion or Wild Hearts Can't Be Broken?
Method: light
[SEP]","[CLS]
Question: Which film was was made first The Young Black Stallion or Wild Hearts Can't Be Broken?
Method: hippo
[SEP]",0.5714285714,0.6153846154,0,"[""hippo"", ""lgraph""]",2,True
157,Which film was was made first The Young Black Stallion or Wild Hearts Can't Be Broken?,hippo,qagn,"[CLS]
Question: Which film was was made first The Young Black Stallion or Wild Hearts Can't Be Broken?
Method: hippo
[SEP]","[CLS]
Question: Which film was was made first The Young Black Stallion or Wild Hearts Can't Be Broken?
Method: qagn
[SEP]",0.6153846154,0.0,1,"[""hippo"", ""lgraph""]",2,True
157,Which film was was made first The Young Black Stallion or Wild Hearts Can't Be Broken?,lgraph,dalk,"[CLS]
Question: Which film was was made first The Young Black Stallion or Wild Hearts Can't Be Broken?
Method: lgraph
[SEP]","[CLS]
Question: Which film was was made first The Young Black Stallion or Wild Hearts Can't Be Broken?
Method: dalk
[SEP]",0.6153846154,0.0,1,"[""hippo"", ""lgraph""]",2,True
157,Which film was was made first The Young Black Stallion or Wild Hearts Can't Be Broken?,gr,lgraph,"[CLS]
Question: Which film was was made first The Young Black Stallion or Wild Hearts Can't Be Broken?
Method: gr
[SEP]","[CLS]
Question: Which film was was made first The Young Black Stallion or Wild Hearts Can't Be Broken?
Method: lgraph
[SEP]",0.275862069,0.6153846154,0,"[""hippo"", ""lgraph""]",2,True
157,Which film was was made first The Young Black Stallion or Wild Hearts Can't Be Broken?,lgraph,light,"[CLS]
Question: Which film was was made first The Young Black Stallion or Wild Hearts Can't Be Broken?
Method: lgraph
[SEP]","[CLS]
Question: Which film was was made first The Young Black Stallion or Wild Hearts Can't Be Broken?
Method: light
[SEP]",0.6153846154,0.5714285714,1,"[""hippo"", ""lgraph""]",2,True
157,Which film was was made first The Young Black Stallion or Wild Hearts Can't Be Broken?,lgraph,qagn,"[CLS]
Question: Which film was was made first The Young Black Stallion or Wild Hearts Can't Be Broken?
Method: lgraph
[SEP]","[CLS]
Question: Which film was was made first The Young Black Stallion or Wild Hearts Can't Be Broken?
Method: qagn
[SEP]",0.6153846154,0.0,1,"[""hippo"", ""lgraph""]",2,True
162,which  Indian businessman and politician owns Mabula Game Reserve ,gr,dalk,"[CLS]
Question: which  Indian businessman and politician owns Mabula Game Reserve 
Method: gr
[SEP]","[CLS]
Question: which  Indian businessman and politician owns Mabula Game Reserve 
Method: dalk
[SEP]",0.0,0.8,0,"[""dalk"", ""lgraph"", ""qagn""]",3,True
162,which  Indian businessman and politician owns Mabula Game Reserve ,dalk,hippo,"[CLS]
Question: which  Indian businessman and politician owns Mabula Game Reserve 
Method: dalk
[SEP]","[CLS]
Question: which  Indian businessman and politician owns Mabula Game Reserve 
Method: hippo
[SEP]",0.8,0.4444444444,1,"[""dalk"", ""lgraph"", ""qagn""]",3,True
162,which  Indian businessman and politician owns Mabula Game Reserve ,light,dalk,"[CLS]
Question: which  Indian businessman and politician owns Mabula Game Reserve 
Method: light
[SEP]","[CLS]
Question: which  Indian businessman and politician owns Mabula Game Reserve 
Method: dalk
[SEP]",0.4444444444,0.8,0,"[""dalk"", ""lgraph"", ""qagn""]",3,True
162,which  Indian businessman and politician owns Mabula Game Reserve ,gr,lgraph,"[CLS]
Question: which  Indian businessman and politician owns Mabula Game Reserve 
Method: gr
[SEP]","[CLS]
Question: which  Indian businessman and politician owns Mabula Game Reserve 
Method: lgraph
[SEP]",0.0,0.8,0,"[""dalk"", ""lgraph"", ""qagn""]",3,True
162,which  Indian businessman and politician owns Mabula Game Reserve ,lgraph,hippo,"[CLS]
Question: which  Indian businessman and politician owns Mabula Game Reserve 
Method: lgraph
[SEP]","[CLS]
Question: which  Indian businessman and politician owns Mabula Game Reserve 
Method: hippo
[SEP]",0.8,0.4444444444,1,"[""dalk"", ""lgraph"", ""qagn""]",3,True
162,which  Indian businessman and politician owns Mabula Game Reserve ,lgraph,light,"[CLS]
Question: which  Indian businessman and politician owns Mabula Game Reserve 
Method: lgraph
[SEP]","[CLS]
Question: which  Indian businessman and politician owns Mabula Game Reserve 
Method: light
[SEP]",0.8,0.4444444444,1,"[""dalk"", ""lgraph"", ""qagn""]",3,True
162,which  Indian businessman and politician owns Mabula Game Reserve ,gr,qagn,"[CLS]
Question: which  Indian businessman and politician owns Mabula Game Reserve 
Method: gr
[SEP]","[CLS]
Question: which  Indian businessman and politician owns Mabula Game Reserve 
Method: qagn
[SEP]",0.0,0.8,0,"[""dalk"", ""lgraph"", ""qagn""]",3,True
162,which  Indian businessman and politician owns Mabula Game Reserve ,qagn,hippo,"[CLS]
Question: which  Indian businessman and politician owns Mabula Game Reserve 
Method: qagn
[SEP]","[CLS]
Question: which  Indian businessman and politician owns Mabula Game Reserve 
Method: hippo
[SEP]",0.8,0.4444444444,1,"[""dalk"", ""lgraph"", ""qagn""]",3,True
162,which  Indian businessman and politician owns Mabula Game Reserve ,light,qagn,"[CLS]
Question: which  Indian businessman and politician owns Mabula Game Reserve 
Method: light
[SEP]","[CLS]
Question: which  Indian businessman and politician owns Mabula Game Reserve 
Method: qagn
[SEP]",0.4444444444,0.8,0,"[""dalk"", ""lgraph"", ""qagn""]",3,True
164,"What cartel drug lord with the reputation as ""The King of Cocaine"" partnered with Jack Carlton Reed to provide drugs to the United States in the 20th century?",dalk,hippo,"[CLS]
Question: What cartel drug lord with the reputation as ""The King of Cocaine"" partnered with Jack Carlton Reed to provide drugs to the United States in the 20th century?
Method: dalk
[SEP]","[CLS]
Question: What cartel drug lord with the reputation as ""The King of Cocaine"" partnered with Jack Carlton Reed to provide drugs to the United States in the 20th century?
Method: hippo
[SEP]",1.0,0.0,1,"[""dalk"", ""gr"", ""lgraph""]",3,True
164,"What cartel drug lord with the reputation as ""The King of Cocaine"" partnered with Jack Carlton Reed to provide drugs to the United States in the 20th century?",light,dalk,"[CLS]
Question: What cartel drug lord with the reputation as ""The King of Cocaine"" partnered with Jack Carlton Reed to provide drugs to the United States in the 20th century?
Method: light
[SEP]","[CLS]
Question: What cartel drug lord with the reputation as ""The King of Cocaine"" partnered with Jack Carlton Reed to provide drugs to the United States in the 20th century?
Method: dalk
[SEP]",0.0,1.0,0,"[""dalk"", ""gr"", ""lgraph""]",3,True
164,"What cartel drug lord with the reputation as ""The King of Cocaine"" partnered with Jack Carlton Reed to provide drugs to the United States in the 20th century?",qagn,dalk,"[CLS]
Question: What cartel drug lord with the reputation as ""The King of Cocaine"" partnered with Jack Carlton Reed to provide drugs to the United States in the 20th century?
Method: qagn
[SEP]","[CLS]
Question: What cartel drug lord with the reputation as ""The King of Cocaine"" partnered with Jack Carlton Reed to provide drugs to the United States in the 20th century?
Method: dalk
[SEP]",0.0,1.0,0,"[""dalk"", ""gr"", ""lgraph""]",3,True
164,"What cartel drug lord with the reputation as ""The King of Cocaine"" partnered with Jack Carlton Reed to provide drugs to the United States in the 20th century?",hippo,gr,"[CLS]
Question: What cartel drug lord with the reputation as ""The King of Cocaine"" partnered with Jack Carlton Reed to provide drugs to the United States in the 20th century?
Method: hippo
[SEP]","[CLS]
Question: What cartel drug lord with the reputation as ""The King of Cocaine"" partnered with Jack Carlton Reed to provide drugs to the United States in the 20th century?
Method: gr
[SEP]",0.0,1.0,0,"[""dalk"", ""gr"", ""lgraph""]",3,True
164,"What cartel drug lord with the reputation as ""The King of Cocaine"" partnered with Jack Carlton Reed to provide drugs to the United States in the 20th century?",gr,light,"[CLS]
Question: What cartel drug lord with the reputation as ""The King of Cocaine"" partnered with Jack Carlton Reed to provide drugs to the United States in the 20th century?
Method: gr
[SEP]","[CLS]
Question: What cartel drug lord with the reputation as ""The King of Cocaine"" partnered with Jack Carlton Reed to provide drugs to the United States in the 20th century?
Method: light
[SEP]",1.0,0.0,1,"[""dalk"", ""gr"", ""lgraph""]",3,True
164,"What cartel drug lord with the reputation as ""The King of Cocaine"" partnered with Jack Carlton Reed to provide drugs to the United States in the 20th century?",qagn,gr,"[CLS]
Question: What cartel drug lord with the reputation as ""The King of Cocaine"" partnered with Jack Carlton Reed to provide drugs to the United States in the 20th century?
Method: qagn
[SEP]","[CLS]
Question: What cartel drug lord with the reputation as ""The King of Cocaine"" partnered with Jack Carlton Reed to provide drugs to the United States in the 20th century?
Method: gr
[SEP]",0.0,1.0,0,"[""dalk"", ""gr"", ""lgraph""]",3,True
164,"What cartel drug lord with the reputation as ""The King of Cocaine"" partnered with Jack Carlton Reed to provide drugs to the United States in the 20th century?",lgraph,hippo,"[CLS]
Question: What cartel drug lord with the reputation as ""The King of Cocaine"" partnered with Jack Carlton Reed to provide drugs to the United States in the 20th century?
Method: lgraph
[SEP]","[CLS]
Question: What cartel drug lord with the reputation as ""The King of Cocaine"" partnered with Jack Carlton Reed to provide drugs to the United States in the 20th century?
Method: hippo
[SEP]",1.0,0.0,1,"[""dalk"", ""gr"", ""lgraph""]",3,True
164,"What cartel drug lord with the reputation as ""The King of Cocaine"" partnered with Jack Carlton Reed to provide drugs to the United States in the 20th century?",lgraph,light,"[CLS]
Question: What cartel drug lord with the reputation as ""The King of Cocaine"" partnered with Jack Carlton Reed to provide drugs to the United States in the 20th century?
Method: lgraph
[SEP]","[CLS]
Question: What cartel drug lord with the reputation as ""The King of Cocaine"" partnered with Jack Carlton Reed to provide drugs to the United States in the 20th century?
Method: light
[SEP]",1.0,0.0,1,"[""dalk"", ""gr"", ""lgraph""]",3,True
164,"What cartel drug lord with the reputation as ""The King of Cocaine"" partnered with Jack Carlton Reed to provide drugs to the United States in the 20th century?",qagn,lgraph,"[CLS]
Question: What cartel drug lord with the reputation as ""The King of Cocaine"" partnered with Jack Carlton Reed to provide drugs to the United States in the 20th century?
Method: qagn
[SEP]","[CLS]
Question: What cartel drug lord with the reputation as ""The King of Cocaine"" partnered with Jack Carlton Reed to provide drugs to the United States in the 20th century?
Method: lgraph
[SEP]",0.0,1.0,0,"[""dalk"", ""gr"", ""lgraph""]",3,True
165,Who was the famous aviator that died in California while testing a jet aircraft?,lgraph,dalk,"[CLS]
Question: Who was the famous aviator that died in California while testing a jet aircraft?
Method: lgraph
[SEP]","[CLS]
Question: Who was the famous aviator that died in California while testing a jet aircraft?
Method: dalk
[SEP]",1.0,0.0,1,"[""lgraph"", ""light"", ""qagn""]",3,True
165,Who was the famous aviator that died in California while testing a jet aircraft?,gr,lgraph,"[CLS]
Question: Who was the famous aviator that died in California while testing a jet aircraft?
Method: gr
[SEP]","[CLS]
Question: Who was the famous aviator that died in California while testing a jet aircraft?
Method: lgraph
[SEP]",0.0,1.0,0,"[""lgraph"", ""light"", ""qagn""]",3,True
165,Who was the famous aviator that died in California while testing a jet aircraft?,lgraph,hippo,"[CLS]
Question: Who was the famous aviator that died in California while testing a jet aircraft?
Method: lgraph
[SEP]","[CLS]
Question: Who was the famous aviator that died in California while testing a jet aircraft?
Method: hippo
[SEP]",1.0,0.0,1,"[""lgraph"", ""light"", ""qagn""]",3,True
165,Who was the famous aviator that died in California while testing a jet aircraft?,dalk,light,"[CLS]
Question: Who was the famous aviator that died in California while testing a jet aircraft?
Method: dalk
[SEP]","[CLS]
Question: Who was the famous aviator that died in California while testing a jet aircraft?
Method: light
[SEP]",0.0,1.0,0,"[""lgraph"", ""light"", ""qagn""]",3,True
165,Who was the famous aviator that died in California while testing a jet aircraft?,light,gr,"[CLS]
Question: Who was the famous aviator that died in California while testing a jet aircraft?
Method: light
[SEP]","[CLS]
Question: Who was the famous aviator that died in California while testing a jet aircraft?
Method: gr
[SEP]",1.0,0.0,1,"[""lgraph"", ""light"", ""qagn""]",3,True
165,Who was the famous aviator that died in California while testing a jet aircraft?,hippo,light,"[CLS]
Question: Who was the famous aviator that died in California while testing a jet aircraft?
Method: hippo
[SEP]","[CLS]
Question: Who was the famous aviator that died in California while testing a jet aircraft?
Method: light
[SEP]",0.0,1.0,0,"[""lgraph"", ""light"", ""qagn""]",3,True
165,Who was the famous aviator that died in California while testing a jet aircraft?,qagn,dalk,"[CLS]
Question: Who was the famous aviator that died in California while testing a jet aircraft?
Method: qagn
[SEP]","[CLS]
Question: Who was the famous aviator that died in California while testing a jet aircraft?
Method: dalk
[SEP]",1.0,0.0,1,"[""lgraph"", ""light"", ""qagn""]",3,True
165,Who was the famous aviator that died in California while testing a jet aircraft?,gr,qagn,"[CLS]
Question: Who was the famous aviator that died in California while testing a jet aircraft?
Method: gr
[SEP]","[CLS]
Question: Who was the famous aviator that died in California while testing a jet aircraft?
Method: qagn
[SEP]",0.0,1.0,0,"[""lgraph"", ""light"", ""qagn""]",3,True
165,Who was the famous aviator that died in California while testing a jet aircraft?,qagn,hippo,"[CLS]
Question: Who was the famous aviator that died in California while testing a jet aircraft?
Method: qagn
[SEP]","[CLS]
Question: Who was the famous aviator that died in California while testing a jet aircraft?
Method: hippo
[SEP]",1.0,0.0,1,"[""lgraph"", ""light"", ""qagn""]",3,True
168,Who is the chairman of the company that operates Suncoast Hotel and Casino?,light,dalk,"[CLS]
Question: Who is the chairman of the company that operates Suncoast Hotel and Casino?
Method: light
[SEP]","[CLS]
Question: Who is the chairman of the company that operates Suncoast Hotel and Casino?
Method: dalk
[SEP]",0.1052631579,0.0,1,"[""light""]",1,False
168,Who is the chairman of the company that operates Suncoast Hotel and Casino?,light,gr,"[CLS]
Question: Who is the chairman of the company that operates Suncoast Hotel and Casino?
Method: light
[SEP]","[CLS]
Question: Who is the chairman of the company that operates Suncoast Hotel and Casino?
Method: gr
[SEP]",0.1052631579,0.0,1,"[""light""]",1,False
168,Who is the chairman of the company that operates Suncoast Hotel and Casino?,light,hippo,"[CLS]
Question: Who is the chairman of the company that operates Suncoast Hotel and Casino?
Method: light
[SEP]","[CLS]
Question: Who is the chairman of the company that operates Suncoast Hotel and Casino?
Method: hippo
[SEP]",0.1052631579,0.0,1,"[""light""]",1,False
168,Who is the chairman of the company that operates Suncoast Hotel and Casino?,light,lgraph,"[CLS]
Question: Who is the chairman of the company that operates Suncoast Hotel and Casino?
Method: light
[SEP]","[CLS]
Question: Who is the chairman of the company that operates Suncoast Hotel and Casino?
Method: lgraph
[SEP]",0.1052631579,0.0,1,"[""light""]",1,False
168,Who is the chairman of the company that operates Suncoast Hotel and Casino?,qagn,light,"[CLS]
Question: Who is the chairman of the company that operates Suncoast Hotel and Casino?
Method: qagn
[SEP]","[CLS]
Question: Who is the chairman of the company that operates Suncoast Hotel and Casino?
Method: light
[SEP]",0.0,0.1052631579,0,"[""light""]",1,False
171,Who is older Craig Nicholls or Norman Blake ?,gr,dalk,"[CLS]
Question: Who is older Craig Nicholls or Norman Blake ?
Method: gr
[SEP]","[CLS]
Question: Who is older Craig Nicholls or Norman Blake ?
Method: dalk
[SEP]",0.2352941176,0.4444444444,0,"[""dalk"", ""hippo"", ""lgraph"", ""light"", ""qagn""]",5,True
171,Who is older Craig Nicholls or Norman Blake ?,hippo,gr,"[CLS]
Question: Who is older Craig Nicholls or Norman Blake ?
Method: hippo
[SEP]","[CLS]
Question: Who is older Craig Nicholls or Norman Blake ?
Method: gr
[SEP]",0.4444444444,0.2352941176,1,"[""dalk"", ""hippo"", ""lgraph"", ""light"", ""qagn""]",5,True
171,Who is older Craig Nicholls or Norman Blake ?,lgraph,gr,"[CLS]
Question: Who is older Craig Nicholls or Norman Blake ?
Method: lgraph
[SEP]","[CLS]
Question: Who is older Craig Nicholls or Norman Blake ?
Method: gr
[SEP]",0.4444444444,0.2352941176,1,"[""dalk"", ""hippo"", ""lgraph"", ""light"", ""qagn""]",5,True
171,Who is older Craig Nicholls or Norman Blake ?,light,gr,"[CLS]
Question: Who is older Craig Nicholls or Norman Blake ?
Method: light
[SEP]","[CLS]
Question: Who is older Craig Nicholls or Norman Blake ?
Method: gr
[SEP]",0.4444444444,0.2352941176,1,"[""dalk"", ""hippo"", ""lgraph"", ""light"", ""qagn""]",5,True
171,Who is older Craig Nicholls or Norman Blake ?,gr,qagn,"[CLS]
Question: Who is older Craig Nicholls or Norman Blake ?
Method: gr
[SEP]","[CLS]
Question: Who is older Craig Nicholls or Norman Blake ?
Method: qagn
[SEP]",0.2352941176,0.4444444444,0,"[""dalk"", ""hippo"", ""lgraph"", ""light"", ""qagn""]",5,True
173,"Whose third name comes first in alphabetical order, Juan Carlos Onetti or Richard Llewellyn?",dalk,gr,"[CLS]
Question: Whose third name comes first in alphabetical order, Juan Carlos Onetti or Richard Llewellyn?
Method: dalk
[SEP]","[CLS]
Question: Whose third name comes first in alphabetical order, Juan Carlos Onetti or Richard Llewellyn?
Method: gr
[SEP]",0.0,0.8571428571,0,"[""gr"", ""lgraph"", ""light"", ""qagn""]",4,True
173,"Whose third name comes first in alphabetical order, Juan Carlos Onetti or Richard Llewellyn?",hippo,gr,"[CLS]
Question: Whose third name comes first in alphabetical order, Juan Carlos Onetti or Richard Llewellyn?
Method: hippo
[SEP]","[CLS]
Question: Whose third name comes first in alphabetical order, Juan Carlos Onetti or Richard Llewellyn?
Method: gr
[SEP]",0.2857142857,0.8571428571,0,"[""gr"", ""lgraph"", ""light"", ""qagn""]",4,True
173,"Whose third name comes first in alphabetical order, Juan Carlos Onetti or Richard Llewellyn?",lgraph,dalk,"[CLS]
Question: Whose third name comes first in alphabetical order, Juan Carlos Onetti or Richard Llewellyn?
Method: lgraph
[SEP]","[CLS]
Question: Whose third name comes first in alphabetical order, Juan Carlos Onetti or Richard Llewellyn?
Method: dalk
[SEP]",0.8571428571,0.0,1,"[""gr"", ""lgraph"", ""light"", ""qagn""]",4,True
173,"Whose third name comes first in alphabetical order, Juan Carlos Onetti or Richard Llewellyn?",lgraph,hippo,"[CLS]
Question: Whose third name comes first in alphabetical order, Juan Carlos Onetti or Richard Llewellyn?
Method: lgraph
[SEP]","[CLS]
Question: Whose third name comes first in alphabetical order, Juan Carlos Onetti or Richard Llewellyn?
Method: hippo
[SEP]",0.8571428571,0.2857142857,1,"[""gr"", ""lgraph"", ""light"", ""qagn""]",4,True
173,"Whose third name comes first in alphabetical order, Juan Carlos Onetti or Richard Llewellyn?",light,dalk,"[CLS]
Question: Whose third name comes first in alphabetical order, Juan Carlos Onetti or Richard Llewellyn?
Method: light
[SEP]","[CLS]
Question: Whose third name comes first in alphabetical order, Juan Carlos Onetti or Richard Llewellyn?
Method: dalk
[SEP]",0.8571428571,0.0,1,"[""gr"", ""lgraph"", ""light"", ""qagn""]",4,True
173,"Whose third name comes first in alphabetical order, Juan Carlos Onetti or Richard Llewellyn?",light,hippo,"[CLS]
Question: Whose third name comes first in alphabetical order, Juan Carlos Onetti or Richard Llewellyn?
Method: light
[SEP]","[CLS]
Question: Whose third name comes first in alphabetical order, Juan Carlos Onetti or Richard Llewellyn?
Method: hippo
[SEP]",0.8571428571,0.2857142857,1,"[""gr"", ""lgraph"", ""light"", ""qagn""]",4,True
173,"Whose third name comes first in alphabetical order, Juan Carlos Onetti or Richard Llewellyn?",qagn,dalk,"[CLS]
Question: Whose third name comes first in alphabetical order, Juan Carlos Onetti or Richard Llewellyn?
Method: qagn
[SEP]","[CLS]
Question: Whose third name comes first in alphabetical order, Juan Carlos Onetti or Richard Llewellyn?
Method: dalk
[SEP]",0.8571428571,0.0,1,"[""gr"", ""lgraph"", ""light"", ""qagn""]",4,True
173,"Whose third name comes first in alphabetical order, Juan Carlos Onetti or Richard Llewellyn?",qagn,hippo,"[CLS]
Question: Whose third name comes first in alphabetical order, Juan Carlos Onetti or Richard Llewellyn?
Method: qagn
[SEP]","[CLS]
Question: Whose third name comes first in alphabetical order, Juan Carlos Onetti or Richard Llewellyn?
Method: hippo
[SEP]",0.8571428571,0.2857142857,1,"[""gr"", ""lgraph"", ""light"", ""qagn""]",4,True
174,Who distributed a American-Indian-Irish computer-animated comedy-adventure film starring an Irish actor known for playing Miles O'Brien?,dalk,lgraph,"[CLS]
Question: Who distributed a American-Indian-Irish computer-animated comedy-adventure film starring an Irish actor known for playing Miles O'Brien?
Method: dalk
[SEP]","[CLS]
Question: Who distributed a American-Indian-Irish computer-animated comedy-adventure film starring an Irish actor known for playing Miles O'Brien?
Method: lgraph
[SEP]",0.0,0.5,0,"[""lgraph"", ""light"", ""qagn""]",3,True
174,Who distributed a American-Indian-Irish computer-animated comedy-adventure film starring an Irish actor known for playing Miles O'Brien?,lgraph,gr,"[CLS]
Question: Who distributed a American-Indian-Irish computer-animated comedy-adventure film starring an Irish actor known for playing Miles O'Brien?
Method: lgraph
[SEP]","[CLS]
Question: Who distributed a American-Indian-Irish computer-animated comedy-adventure film starring an Irish actor known for playing Miles O'Brien?
Method: gr
[SEP]",0.5,0.0,1,"[""lgraph"", ""light"", ""qagn""]",3,True
174,Who distributed a American-Indian-Irish computer-animated comedy-adventure film starring an Irish actor known for playing Miles O'Brien?,hippo,lgraph,"[CLS]
Question: Who distributed a American-Indian-Irish computer-animated comedy-adventure film starring an Irish actor known for playing Miles O'Brien?
Method: hippo
[SEP]","[CLS]
Question: Who distributed a American-Indian-Irish computer-animated comedy-adventure film starring an Irish actor known for playing Miles O'Brien?
Method: lgraph
[SEP]",0.0,0.5,0,"[""lgraph"", ""light"", ""qagn""]",3,True
174,Who distributed a American-Indian-Irish computer-animated comedy-adventure film starring an Irish actor known for playing Miles O'Brien?,dalk,light,"[CLS]
Question: Who distributed a American-Indian-Irish computer-animated comedy-adventure film starring an Irish actor known for playing Miles O'Brien?
Method: dalk
[SEP]","[CLS]
Question: Who distributed a American-Indian-Irish computer-animated comedy-adventure film starring an Irish actor known for playing Miles O'Brien?
Method: light
[SEP]",0.0,0.5,0,"[""lgraph"", ""light"", ""qagn""]",3,True
174,Who distributed a American-Indian-Irish computer-animated comedy-adventure film starring an Irish actor known for playing Miles O'Brien?,gr,light,"[CLS]
Question: Who distributed a American-Indian-Irish computer-animated comedy-adventure film starring an Irish actor known for playing Miles O'Brien?
Method: gr
[SEP]","[CLS]
Question: Who distributed a American-Indian-Irish computer-animated comedy-adventure film starring an Irish actor known for playing Miles O'Brien?
Method: light
[SEP]",0.0,0.5,0,"[""lgraph"", ""light"", ""qagn""]",3,True
174,Who distributed a American-Indian-Irish computer-animated comedy-adventure film starring an Irish actor known for playing Miles O'Brien?,light,hippo,"[CLS]
Question: Who distributed a American-Indian-Irish computer-animated comedy-adventure film starring an Irish actor known for playing Miles O'Brien?
Method: light
[SEP]","[CLS]
Question: Who distributed a American-Indian-Irish computer-animated comedy-adventure film starring an Irish actor known for playing Miles O'Brien?
Method: hippo
[SEP]",0.5,0.0,1,"[""lgraph"", ""light"", ""qagn""]",3,True
174,Who distributed a American-Indian-Irish computer-animated comedy-adventure film starring an Irish actor known for playing Miles O'Brien?,dalk,qagn,"[CLS]
Question: Who distributed a American-Indian-Irish computer-animated comedy-adventure film starring an Irish actor known for playing Miles O'Brien?
Method: dalk
[SEP]","[CLS]
Question: Who distributed a American-Indian-Irish computer-animated comedy-adventure film starring an Irish actor known for playing Miles O'Brien?
Method: qagn
[SEP]",0.0,0.5,0,"[""lgraph"", ""light"", ""qagn""]",3,True
174,Who distributed a American-Indian-Irish computer-animated comedy-adventure film starring an Irish actor known for playing Miles O'Brien?,qagn,gr,"[CLS]
Question: Who distributed a American-Indian-Irish computer-animated comedy-adventure film starring an Irish actor known for playing Miles O'Brien?
Method: qagn
[SEP]","[CLS]
Question: Who distributed a American-Indian-Irish computer-animated comedy-adventure film starring an Irish actor known for playing Miles O'Brien?
Method: gr
[SEP]",0.5,0.0,1,"[""lgraph"", ""light"", ""qagn""]",3,True
174,Who distributed a American-Indian-Irish computer-animated comedy-adventure film starring an Irish actor known for playing Miles O'Brien?,hippo,qagn,"[CLS]
Question: Who distributed a American-Indian-Irish computer-animated comedy-adventure film starring an Irish actor known for playing Miles O'Brien?
Method: hippo
[SEP]","[CLS]
Question: Who distributed a American-Indian-Irish computer-animated comedy-adventure film starring an Irish actor known for playing Miles O'Brien?
Method: qagn
[SEP]",0.0,0.5,0,"[""lgraph"", ""light"", ""qagn""]",3,True
175,Were Gregory La Cava and Mike Judge both actors? ,gr,dalk,"[CLS]
Question: Were Gregory La Cava and Mike Judge both actors? 
Method: gr
[SEP]","[CLS]
Question: Were Gregory La Cava and Mike Judge both actors? 
Method: dalk
[SEP]",0.0,1.0,0,"[""dalk""]",1,False
175,Were Gregory La Cava and Mike Judge both actors? ,dalk,hippo,"[CLS]
Question: Were Gregory La Cava and Mike Judge both actors? 
Method: dalk
[SEP]","[CLS]
Question: Were Gregory La Cava and Mike Judge both actors? 
Method: hippo
[SEP]",1.0,0.0,1,"[""dalk""]",1,False
175,Were Gregory La Cava and Mike Judge both actors? ,dalk,lgraph,"[CLS]
Question: Were Gregory La Cava and Mike Judge both actors? 
Method: dalk
[SEP]","[CLS]
Question: Were Gregory La Cava and Mike Judge both actors? 
Method: lgraph
[SEP]",1.0,0.0,1,"[""dalk""]",1,False
175,Were Gregory La Cava and Mike Judge both actors? ,dalk,light,"[CLS]
Question: Were Gregory La Cava and Mike Judge both actors? 
Method: dalk
[SEP]","[CLS]
Question: Were Gregory La Cava and Mike Judge both actors? 
Method: light
[SEP]",1.0,0.0,1,"[""dalk""]",1,False
175,Were Gregory La Cava and Mike Judge both actors? ,dalk,qagn,"[CLS]
Question: Were Gregory La Cava and Mike Judge both actors? 
Method: dalk
[SEP]","[CLS]
Question: Were Gregory La Cava and Mike Judge both actors? 
Method: qagn
[SEP]",1.0,0.0,1,"[""dalk""]",1,False
176,What group of participants that carried of Operation Neptune Spear is sometimes referred to in the U.S. media as a Special Mission Unit? ,dalk,gr,"[CLS]
Question: What group of participants that carried of Operation Neptune Spear is sometimes referred to in the U.S. media as a Special Mission Unit? 
Method: dalk
[SEP]","[CLS]
Question: What group of participants that carried of Operation Neptune Spear is sometimes referred to in the U.S. media as a Special Mission Unit? 
Method: gr
[SEP]",0.2222222222,1.0,0,"[""gr""]",1,False
176,What group of participants that carried of Operation Neptune Spear is sometimes referred to in the U.S. media as a Special Mission Unit? ,gr,hippo,"[CLS]
Question: What group of participants that carried of Operation Neptune Spear is sometimes referred to in the U.S. media as a Special Mission Unit? 
Method: gr
[SEP]","[CLS]
Question: What group of participants that carried of Operation Neptune Spear is sometimes referred to in the U.S. media as a Special Mission Unit? 
Method: hippo
[SEP]",1.0,0.2,1,"[""gr""]",1,False
176,What group of participants that carried of Operation Neptune Spear is sometimes referred to in the U.S. media as a Special Mission Unit? ,lgraph,gr,"[CLS]
Question: What group of participants that carried of Operation Neptune Spear is sometimes referred to in the U.S. media as a Special Mission Unit? 
Method: lgraph
[SEP]","[CLS]
Question: What group of participants that carried of Operation Neptune Spear is sometimes referred to in the U.S. media as a Special Mission Unit? 
Method: gr
[SEP]",0.2,1.0,0,"[""gr""]",1,False
176,What group of participants that carried of Operation Neptune Spear is sometimes referred to in the U.S. media as a Special Mission Unit? ,gr,light,"[CLS]
Question: What group of participants that carried of Operation Neptune Spear is sometimes referred to in the U.S. media as a Special Mission Unit? 
Method: gr
[SEP]","[CLS]
Question: What group of participants that carried of Operation Neptune Spear is sometimes referred to in the U.S. media as a Special Mission Unit? 
Method: light
[SEP]",1.0,0.2,1,"[""gr""]",1,False
176,What group of participants that carried of Operation Neptune Spear is sometimes referred to in the U.S. media as a Special Mission Unit? ,gr,qagn,"[CLS]
Question: What group of participants that carried of Operation Neptune Spear is sometimes referred to in the U.S. media as a Special Mission Unit? 
Method: gr
[SEP]","[CLS]
Question: What group of participants that carried of Operation Neptune Spear is sometimes referred to in the U.S. media as a Special Mission Unit? 
Method: qagn
[SEP]",1.0,0.2,1,"[""gr""]",1,False
178,Are Des Moines International Airport and Grand Canyon National Park Airport both major airline hubs?,gr,dalk,"[CLS]
Question: Are Des Moines International Airport and Grand Canyon National Park Airport both major airline hubs?
Method: gr
[SEP]","[CLS]
Question: Are Des Moines International Airport and Grand Canyon National Park Airport both major airline hubs?
Method: dalk
[SEP]",0.0,1.0,0,"[""dalk""]",1,False
178,Are Des Moines International Airport and Grand Canyon National Park Airport both major airline hubs?,dalk,hippo,"[CLS]
Question: Are Des Moines International Airport and Grand Canyon National Park Airport both major airline hubs?
Method: dalk
[SEP]","[CLS]
Question: Are Des Moines International Airport and Grand Canyon National Park Airport both major airline hubs?
Method: hippo
[SEP]",1.0,0.0,1,"[""dalk""]",1,False
178,Are Des Moines International Airport and Grand Canyon National Park Airport both major airline hubs?,dalk,lgraph,"[CLS]
Question: Are Des Moines International Airport and Grand Canyon National Park Airport both major airline hubs?
Method: dalk
[SEP]","[CLS]
Question: Are Des Moines International Airport and Grand Canyon National Park Airport both major airline hubs?
Method: lgraph
[SEP]",1.0,0.0,1,"[""dalk""]",1,False
178,Are Des Moines International Airport and Grand Canyon National Park Airport both major airline hubs?,light,dalk,"[CLS]
Question: Are Des Moines International Airport and Grand Canyon National Park Airport both major airline hubs?
Method: light
[SEP]","[CLS]
Question: Are Des Moines International Airport and Grand Canyon National Park Airport both major airline hubs?
Method: dalk
[SEP]",0.0,1.0,0,"[""dalk""]",1,False
178,Are Des Moines International Airport and Grand Canyon National Park Airport both major airline hubs?,dalk,qagn,"[CLS]
Question: Are Des Moines International Airport and Grand Canyon National Park Airport both major airline hubs?
Method: dalk
[SEP]","[CLS]
Question: Are Des Moines International Airport and Grand Canyon National Park Airport both major airline hubs?
Method: qagn
[SEP]",1.0,0.0,1,"[""dalk""]",1,False
179,"In regards to Value premium an expert argued that no value premium exisits, what did this expert found?",dalk,qagn,"[CLS]
Question: In regards to Value premium an expert argued that no value premium exisits, what did this expert found?
Method: dalk
[SEP]","[CLS]
Question: In regards to Value premium an expert argued that no value premium exisits, what did this expert found?
Method: qagn
[SEP]",0.0,0.1666666667,0,"[""qagn""]",1,False
179,"In regards to Value premium an expert argued that no value premium exisits, what did this expert found?",qagn,gr,"[CLS]
Question: In regards to Value premium an expert argued that no value premium exisits, what did this expert found?
Method: qagn
[SEP]","[CLS]
Question: In regards to Value premium an expert argued that no value premium exisits, what did this expert found?
Method: gr
[SEP]",0.1666666667,0.0,1,"[""qagn""]",1,False
179,"In regards to Value premium an expert argued that no value premium exisits, what did this expert found?",hippo,qagn,"[CLS]
Question: In regards to Value premium an expert argued that no value premium exisits, what did this expert found?
Method: hippo
[SEP]","[CLS]
Question: In regards to Value premium an expert argued that no value premium exisits, what did this expert found?
Method: qagn
[SEP]",0.0,0.1666666667,0,"[""qagn""]",1,False
179,"In regards to Value premium an expert argued that no value premium exisits, what did this expert found?",lgraph,qagn,"[CLS]
Question: In regards to Value premium an expert argued that no value premium exisits, what did this expert found?
Method: lgraph
[SEP]","[CLS]
Question: In regards to Value premium an expert argued that no value premium exisits, what did this expert found?
Method: qagn
[SEP]",0.1111111111,0.1666666667,0,"[""qagn""]",1,False
179,"In regards to Value premium an expert argued that no value premium exisits, what did this expert found?",light,qagn,"[CLS]
Question: In regards to Value premium an expert argued that no value premium exisits, what did this expert found?
Method: light
[SEP]","[CLS]
Question: In regards to Value premium an expert argued that no value premium exisits, what did this expert found?
Method: qagn
[SEP]",0.0,0.1666666667,0,"[""qagn""]",1,False
180,"When did the English local newspaper, featuring the sculpture and war memorial in the Forbury gardens, change names?",qagn,dalk,"[CLS]
Question: When did the English local newspaper, featuring the sculpture and war memorial in the Forbury gardens, change names?
Method: qagn
[SEP]","[CLS]
Question: When did the English local newspaper, featuring the sculpture and war memorial in the Forbury gardens, change names?
Method: dalk
[SEP]",0.1666666667,0.0,1,"[""qagn""]",1,False
180,"When did the English local newspaper, featuring the sculpture and war memorial in the Forbury gardens, change names?",gr,qagn,"[CLS]
Question: When did the English local newspaper, featuring the sculpture and war memorial in the Forbury gardens, change names?
Method: gr
[SEP]","[CLS]
Question: When did the English local newspaper, featuring the sculpture and war memorial in the Forbury gardens, change names?
Method: qagn
[SEP]",0.0,0.1666666667,0,"[""qagn""]",1,False
180,"When did the English local newspaper, featuring the sculpture and war memorial in the Forbury gardens, change names?",qagn,hippo,"[CLS]
Question: When did the English local newspaper, featuring the sculpture and war memorial in the Forbury gardens, change names?
Method: qagn
[SEP]","[CLS]
Question: When did the English local newspaper, featuring the sculpture and war memorial in the Forbury gardens, change names?
Method: hippo
[SEP]",0.1666666667,0.1538461538,1,"[""qagn""]",1,False
180,"When did the English local newspaper, featuring the sculpture and war memorial in the Forbury gardens, change names?",qagn,lgraph,"[CLS]
Question: When did the English local newspaper, featuring the sculpture and war memorial in the Forbury gardens, change names?
Method: qagn
[SEP]","[CLS]
Question: When did the English local newspaper, featuring the sculpture and war memorial in the Forbury gardens, change names?
Method: lgraph
[SEP]",0.1666666667,0.0909090909,1,"[""qagn""]",1,False
180,"When did the English local newspaper, featuring the sculpture and war memorial in the Forbury gardens, change names?",light,qagn,"[CLS]
Question: When did the English local newspaper, featuring the sculpture and war memorial in the Forbury gardens, change names?
Method: light
[SEP]","[CLS]
Question: When did the English local newspaper, featuring the sculpture and war memorial in the Forbury gardens, change names?
Method: qagn
[SEP]",0.0,0.1666666667,0,"[""qagn""]",1,False
181,"Christopher ""Chris"" Fairbank provided voice talent for which 2006 British-American computer-animated action-adventure comedy film directed by David Bowers and Sam Fell?",dalk,hippo,"[CLS]
Question: Christopher ""Chris"" Fairbank provided voice talent for which 2006 British-American computer-animated action-adventure comedy film directed by David Bowers and Sam Fell?
Method: dalk
[SEP]","[CLS]
Question: Christopher ""Chris"" Fairbank provided voice talent for which 2006 British-American computer-animated action-adventure comedy film directed by David Bowers and Sam Fell?
Method: hippo
[SEP]",0.1212121212,0.1666666667,0,"[""hippo""]",1,False
181,"Christopher ""Chris"" Fairbank provided voice talent for which 2006 British-American computer-animated action-adventure comedy film directed by David Bowers and Sam Fell?",hippo,gr,"[CLS]
Question: Christopher ""Chris"" Fairbank provided voice talent for which 2006 British-American computer-animated action-adventure comedy film directed by David Bowers and Sam Fell?
Method: hippo
[SEP]","[CLS]
Question: Christopher ""Chris"" Fairbank provided voice talent for which 2006 British-American computer-animated action-adventure comedy film directed by David Bowers and Sam Fell?
Method: gr
[SEP]",0.1666666667,0.16,1,"[""hippo""]",1,False
181,"Christopher ""Chris"" Fairbank provided voice talent for which 2006 British-American computer-animated action-adventure comedy film directed by David Bowers and Sam Fell?",lgraph,hippo,"[CLS]
Question: Christopher ""Chris"" Fairbank provided voice talent for which 2006 British-American computer-animated action-adventure comedy film directed by David Bowers and Sam Fell?
Method: lgraph
[SEP]","[CLS]
Question: Christopher ""Chris"" Fairbank provided voice talent for which 2006 British-American computer-animated action-adventure comedy film directed by David Bowers and Sam Fell?
Method: hippo
[SEP]",0.0,0.1666666667,0,"[""hippo""]",1,False
181,"Christopher ""Chris"" Fairbank provided voice talent for which 2006 British-American computer-animated action-adventure comedy film directed by David Bowers and Sam Fell?",light,hippo,"[CLS]
Question: Christopher ""Chris"" Fairbank provided voice talent for which 2006 British-American computer-animated action-adventure comedy film directed by David Bowers and Sam Fell?
Method: light
[SEP]","[CLS]
Question: Christopher ""Chris"" Fairbank provided voice talent for which 2006 British-American computer-animated action-adventure comedy film directed by David Bowers and Sam Fell?
Method: hippo
[SEP]",0.0,0.1666666667,0,"[""hippo""]",1,False
181,"Christopher ""Chris"" Fairbank provided voice talent for which 2006 British-American computer-animated action-adventure comedy film directed by David Bowers and Sam Fell?",qagn,hippo,"[CLS]
Question: Christopher ""Chris"" Fairbank provided voice talent for which 2006 British-American computer-animated action-adventure comedy film directed by David Bowers and Sam Fell?
Method: qagn
[SEP]","[CLS]
Question: Christopher ""Chris"" Fairbank provided voice talent for which 2006 British-American computer-animated action-adventure comedy film directed by David Bowers and Sam Fell?
Method: hippo
[SEP]",0.0,0.1666666667,0,"[""hippo""]",1,False
182,"In which year did this division, where Cleveland Browns placed fourth in 2009, adopt its current name?",gr,dalk,"[CLS]
Question: In which year did this division, where Cleveland Browns placed fourth in 2009, adopt its current name?
Method: gr
[SEP]","[CLS]
Question: In which year did this division, where Cleveland Browns placed fourth in 2009, adopt its current name?
Method: dalk
[SEP]",0.0,1.0,0,"[""dalk"", ""hippo"", ""lgraph"", ""qagn""]",4,True
182,"In which year did this division, where Cleveland Browns placed fourth in 2009, adopt its current name?",dalk,light,"[CLS]
Question: In which year did this division, where Cleveland Browns placed fourth in 2009, adopt its current name?
Method: dalk
[SEP]","[CLS]
Question: In which year did this division, where Cleveland Browns placed fourth in 2009, adopt its current name?
Method: light
[SEP]",1.0,0.0,1,"[""dalk"", ""hippo"", ""lgraph"", ""qagn""]",4,True
182,"In which year did this division, where Cleveland Browns placed fourth in 2009, adopt its current name?",hippo,gr,"[CLS]
Question: In which year did this division, where Cleveland Browns placed fourth in 2009, adopt its current name?
Method: hippo
[SEP]","[CLS]
Question: In which year did this division, where Cleveland Browns placed fourth in 2009, adopt its current name?
Method: gr
[SEP]",1.0,0.0,1,"[""dalk"", ""hippo"", ""lgraph"", ""qagn""]",4,True
182,"In which year did this division, where Cleveland Browns placed fourth in 2009, adopt its current name?",light,hippo,"[CLS]
Question: In which year did this division, where Cleveland Browns placed fourth in 2009, adopt its current name?
Method: light
[SEP]","[CLS]
Question: In which year did this division, where Cleveland Browns placed fourth in 2009, adopt its current name?
Method: hippo
[SEP]",0.0,1.0,0,"[""dalk"", ""hippo"", ""lgraph"", ""qagn""]",4,True
182,"In which year did this division, where Cleveland Browns placed fourth in 2009, adopt its current name?",lgraph,gr,"[CLS]
Question: In which year did this division, where Cleveland Browns placed fourth in 2009, adopt its current name?
Method: lgraph
[SEP]","[CLS]
Question: In which year did this division, where Cleveland Browns placed fourth in 2009, adopt its current name?
Method: gr
[SEP]",1.0,0.0,1,"[""dalk"", ""hippo"", ""lgraph"", ""qagn""]",4,True
182,"In which year did this division, where Cleveland Browns placed fourth in 2009, adopt its current name?",lgraph,light,"[CLS]
Question: In which year did this division, where Cleveland Browns placed fourth in 2009, adopt its current name?
Method: lgraph
[SEP]","[CLS]
Question: In which year did this division, where Cleveland Browns placed fourth in 2009, adopt its current name?
Method: light
[SEP]",1.0,0.0,1,"[""dalk"", ""hippo"", ""lgraph"", ""qagn""]",4,True
182,"In which year did this division, where Cleveland Browns placed fourth in 2009, adopt its current name?",qagn,gr,"[CLS]
Question: In which year did this division, where Cleveland Browns placed fourth in 2009, adopt its current name?
Method: qagn
[SEP]","[CLS]
Question: In which year did this division, where Cleveland Browns placed fourth in 2009, adopt its current name?
Method: gr
[SEP]",1.0,0.0,1,"[""dalk"", ""hippo"", ""lgraph"", ""qagn""]",4,True
182,"In which year did this division, where Cleveland Browns placed fourth in 2009, adopt its current name?",qagn,light,"[CLS]
Question: In which year did this division, where Cleveland Browns placed fourth in 2009, adopt its current name?
Method: qagn
[SEP]","[CLS]
Question: In which year did this division, where Cleveland Browns placed fourth in 2009, adopt its current name?
Method: light
[SEP]",1.0,0.0,1,"[""dalk"", ""hippo"", ""lgraph"", ""qagn""]",4,True
183,Jayaraj made the 2016 epic historical drama that is an adaptation of what Shakespeare play?,lgraph,dalk,"[CLS]
Question: Jayaraj made the 2016 epic historical drama that is an adaptation of what Shakespeare play?
Method: lgraph
[SEP]","[CLS]
Question: Jayaraj made the 2016 epic historical drama that is an adaptation of what Shakespeare play?
Method: dalk
[SEP]",1.0,0.0,1,"[""lgraph"", ""light"", ""qagn""]",3,True
183,Jayaraj made the 2016 epic historical drama that is an adaptation of what Shakespeare play?,gr,lgraph,"[CLS]
Question: Jayaraj made the 2016 epic historical drama that is an adaptation of what Shakespeare play?
Method: gr
[SEP]","[CLS]
Question: Jayaraj made the 2016 epic historical drama that is an adaptation of what Shakespeare play?
Method: lgraph
[SEP]",0.0,1.0,0,"[""lgraph"", ""light"", ""qagn""]",3,True
183,Jayaraj made the 2016 epic historical drama that is an adaptation of what Shakespeare play?,lgraph,hippo,"[CLS]
Question: Jayaraj made the 2016 epic historical drama that is an adaptation of what Shakespeare play?
Method: lgraph
[SEP]","[CLS]
Question: Jayaraj made the 2016 epic historical drama that is an adaptation of what Shakespeare play?
Method: hippo
[SEP]",1.0,0.1538461538,1,"[""lgraph"", ""light"", ""qagn""]",3,True
183,Jayaraj made the 2016 epic historical drama that is an adaptation of what Shakespeare play?,light,dalk,"[CLS]
Question: Jayaraj made the 2016 epic historical drama that is an adaptation of what Shakespeare play?
Method: light
[SEP]","[CLS]
Question: Jayaraj made the 2016 epic historical drama that is an adaptation of what Shakespeare play?
Method: dalk
[SEP]",1.0,0.0,1,"[""lgraph"", ""light"", ""qagn""]",3,True
183,Jayaraj made the 2016 epic historical drama that is an adaptation of what Shakespeare play?,gr,light,"[CLS]
Question: Jayaraj made the 2016 epic historical drama that is an adaptation of what Shakespeare play?
Method: gr
[SEP]","[CLS]
Question: Jayaraj made the 2016 epic historical drama that is an adaptation of what Shakespeare play?
Method: light
[SEP]",0.0,1.0,0,"[""lgraph"", ""light"", ""qagn""]",3,True
183,Jayaraj made the 2016 epic historical drama that is an adaptation of what Shakespeare play?,hippo,light,"[CLS]
Question: Jayaraj made the 2016 epic historical drama that is an adaptation of what Shakespeare play?
Method: hippo
[SEP]","[CLS]
Question: Jayaraj made the 2016 epic historical drama that is an adaptation of what Shakespeare play?
Method: light
[SEP]",0.1538461538,1.0,0,"[""lgraph"", ""light"", ""qagn""]",3,True
183,Jayaraj made the 2016 epic historical drama that is an adaptation of what Shakespeare play?,qagn,dalk,"[CLS]
Question: Jayaraj made the 2016 epic historical drama that is an adaptation of what Shakespeare play?
Method: qagn
[SEP]","[CLS]
Question: Jayaraj made the 2016 epic historical drama that is an adaptation of what Shakespeare play?
Method: dalk
[SEP]",1.0,0.0,1,"[""lgraph"", ""light"", ""qagn""]",3,True
183,Jayaraj made the 2016 epic historical drama that is an adaptation of what Shakespeare play?,gr,qagn,"[CLS]
Question: Jayaraj made the 2016 epic historical drama that is an adaptation of what Shakespeare play?
Method: gr
[SEP]","[CLS]
Question: Jayaraj made the 2016 epic historical drama that is an adaptation of what Shakespeare play?
Method: qagn
[SEP]",0.0,1.0,0,"[""lgraph"", ""light"", ""qagn""]",3,True
183,Jayaraj made the 2016 epic historical drama that is an adaptation of what Shakespeare play?,hippo,qagn,"[CLS]
Question: Jayaraj made the 2016 epic historical drama that is an adaptation of what Shakespeare play?
Method: hippo
[SEP]","[CLS]
Question: Jayaraj made the 2016 epic historical drama that is an adaptation of what Shakespeare play?
Method: qagn
[SEP]",0.1538461538,1.0,0,"[""lgraph"", ""light"", ""qagn""]",3,True
184,"In The Passion of the Christ, who did Monica Bellucci play?",gr,dalk,"[CLS]
Question: In The Passion of the Christ, who did Monica Bellucci play?
Method: gr
[SEP]","[CLS]
Question: In The Passion of the Christ, who did Monica Bellucci play?
Method: dalk
[SEP]",0.0,0.3636363636,0,"[""dalk""]",1,False
184,"In The Passion of the Christ, who did Monica Bellucci play?",hippo,dalk,"[CLS]
Question: In The Passion of the Christ, who did Monica Bellucci play?
Method: hippo
[SEP]","[CLS]
Question: In The Passion of the Christ, who did Monica Bellucci play?
Method: dalk
[SEP]",0.3076923077,0.3636363636,0,"[""dalk""]",1,False
184,"In The Passion of the Christ, who did Monica Bellucci play?",lgraph,dalk,"[CLS]
Question: In The Passion of the Christ, who did Monica Bellucci play?
Method: lgraph
[SEP]","[CLS]
Question: In The Passion of the Christ, who did Monica Bellucci play?
Method: dalk
[SEP]",0.3076923077,0.3636363636,0,"[""dalk""]",1,False
184,"In The Passion of the Christ, who did Monica Bellucci play?",light,dalk,"[CLS]
Question: In The Passion of the Christ, who did Monica Bellucci play?
Method: light
[SEP]","[CLS]
Question: In The Passion of the Christ, who did Monica Bellucci play?
Method: dalk
[SEP]",0.3076923077,0.3636363636,0,"[""dalk""]",1,False
184,"In The Passion of the Christ, who did Monica Bellucci play?",dalk,qagn,"[CLS]
Question: In The Passion of the Christ, who did Monica Bellucci play?
Method: dalk
[SEP]","[CLS]
Question: In The Passion of the Christ, who did Monica Bellucci play?
Method: qagn
[SEP]",0.3636363636,0.3076923077,1,"[""dalk""]",1,False
186,"Which was released first, Kolejka or Ghettopoly?",gr,dalk,"[CLS]
Question: Which was released first, Kolejka or Ghettopoly?
Method: gr
[SEP]","[CLS]
Question: Which was released first, Kolejka or Ghettopoly?
Method: dalk
[SEP]",0.0,0.4,0,"[""dalk"", ""hippo"", ""lgraph"", ""light"", ""qagn""]",5,True
186,"Which was released first, Kolejka or Ghettopoly?",gr,hippo,"[CLS]
Question: Which was released first, Kolejka or Ghettopoly?
Method: gr
[SEP]","[CLS]
Question: Which was released first, Kolejka or Ghettopoly?
Method: hippo
[SEP]",0.0,0.4,0,"[""dalk"", ""hippo"", ""lgraph"", ""light"", ""qagn""]",5,True
186,"Which was released first, Kolejka or Ghettopoly?",gr,lgraph,"[CLS]
Question: Which was released first, Kolejka or Ghettopoly?
Method: gr
[SEP]","[CLS]
Question: Which was released first, Kolejka or Ghettopoly?
Method: lgraph
[SEP]",0.0,0.4,0,"[""dalk"", ""hippo"", ""lgraph"", ""light"", ""qagn""]",5,True
186,"Which was released first, Kolejka or Ghettopoly?",gr,light,"[CLS]
Question: Which was released first, Kolejka or Ghettopoly?
Method: gr
[SEP]","[CLS]
Question: Which was released first, Kolejka or Ghettopoly?
Method: light
[SEP]",0.0,0.4,0,"[""dalk"", ""hippo"", ""lgraph"", ""light"", ""qagn""]",5,True
186,"Which was released first, Kolejka or Ghettopoly?",qagn,gr,"[CLS]
Question: Which was released first, Kolejka or Ghettopoly?
Method: qagn
[SEP]","[CLS]
Question: Which was released first, Kolejka or Ghettopoly?
Method: gr
[SEP]",0.4,0.0,1,"[""dalk"", ""hippo"", ""lgraph"", ""light"", ""qagn""]",5,True
187,Focus is a 2015 American romantic crime comedy-drama film starring an Australian actress who was also cast in what soap opera?,dalk,gr,"[CLS]
Question: Focus is a 2015 American romantic crime comedy-drama film starring an Australian actress who was also cast in what soap opera?
Method: dalk
[SEP]","[CLS]
Question: Focus is a 2015 American romantic crime comedy-drama film starring an Australian actress who was also cast in what soap opera?
Method: gr
[SEP]",0.25,0.0,1,"[""dalk""]",1,False
187,Focus is a 2015 American romantic crime comedy-drama film starring an Australian actress who was also cast in what soap opera?,dalk,hippo,"[CLS]
Question: Focus is a 2015 American romantic crime comedy-drama film starring an Australian actress who was also cast in what soap opera?
Method: dalk
[SEP]","[CLS]
Question: Focus is a 2015 American romantic crime comedy-drama film starring an Australian actress who was also cast in what soap opera?
Method: hippo
[SEP]",0.25,0.0,1,"[""dalk""]",1,False
187,Focus is a 2015 American romantic crime comedy-drama film starring an Australian actress who was also cast in what soap opera?,lgraph,dalk,"[CLS]
Question: Focus is a 2015 American romantic crime comedy-drama film starring an Australian actress who was also cast in what soap opera?
Method: lgraph
[SEP]","[CLS]
Question: Focus is a 2015 American romantic crime comedy-drama film starring an Australian actress who was also cast in what soap opera?
Method: dalk
[SEP]",0.0,0.25,0,"[""dalk""]",1,False
187,Focus is a 2015 American romantic crime comedy-drama film starring an Australian actress who was also cast in what soap opera?,light,dalk,"[CLS]
Question: Focus is a 2015 American romantic crime comedy-drama film starring an Australian actress who was also cast in what soap opera?
Method: light
[SEP]","[CLS]
Question: Focus is a 2015 American romantic crime comedy-drama film starring an Australian actress who was also cast in what soap opera?
Method: dalk
[SEP]",0.0,0.25,0,"[""dalk""]",1,False
187,Focus is a 2015 American romantic crime comedy-drama film starring an Australian actress who was also cast in what soap opera?,dalk,qagn,"[CLS]
Question: Focus is a 2015 American romantic crime comedy-drama film starring an Australian actress who was also cast in what soap opera?
Method: dalk
[SEP]","[CLS]
Question: Focus is a 2015 American romantic crime comedy-drama film starring an Australian actress who was also cast in what soap opera?
Method: qagn
[SEP]",0.25,0.0,1,"[""dalk""]",1,False
188,What is the nationality of the wrestler who sang on A Jingle with Jillian?,lgraph,dalk,"[CLS]
Question: What is the nationality of the wrestler who sang on A Jingle with Jillian?
Method: lgraph
[SEP]","[CLS]
Question: What is the nationality of the wrestler who sang on A Jingle with Jillian?
Method: dalk
[SEP]",0.2,0.0,1,"[""lgraph"", ""light""]",2,True
188,What is the nationality of the wrestler who sang on A Jingle with Jillian?,gr,lgraph,"[CLS]
Question: What is the nationality of the wrestler who sang on A Jingle with Jillian?
Method: gr
[SEP]","[CLS]
Question: What is the nationality of the wrestler who sang on A Jingle with Jillian?
Method: lgraph
[SEP]",0.0,0.2,0,"[""lgraph"", ""light""]",2,True
188,What is the nationality of the wrestler who sang on A Jingle with Jillian?,hippo,lgraph,"[CLS]
Question: What is the nationality of the wrestler who sang on A Jingle with Jillian?
Method: hippo
[SEP]","[CLS]
Question: What is the nationality of the wrestler who sang on A Jingle with Jillian?
Method: lgraph
[SEP]",0.1666666667,0.2,0,"[""lgraph"", ""light""]",2,True
188,What is the nationality of the wrestler who sang on A Jingle with Jillian?,qagn,lgraph,"[CLS]
Question: What is the nationality of the wrestler who sang on A Jingle with Jillian?
Method: qagn
[SEP]","[CLS]
Question: What is the nationality of the wrestler who sang on A Jingle with Jillian?
Method: lgraph
[SEP]",0.0,0.2,0,"[""lgraph"", ""light""]",2,True
188,What is the nationality of the wrestler who sang on A Jingle with Jillian?,dalk,light,"[CLS]
Question: What is the nationality of the wrestler who sang on A Jingle with Jillian?
Method: dalk
[SEP]","[CLS]
Question: What is the nationality of the wrestler who sang on A Jingle with Jillian?
Method: light
[SEP]",0.0,0.2,0,"[""lgraph"", ""light""]",2,True
188,What is the nationality of the wrestler who sang on A Jingle with Jillian?,light,gr,"[CLS]
Question: What is the nationality of the wrestler who sang on A Jingle with Jillian?
Method: light
[SEP]","[CLS]
Question: What is the nationality of the wrestler who sang on A Jingle with Jillian?
Method: gr
[SEP]",0.2,0.0,1,"[""lgraph"", ""light""]",2,True
188,What is the nationality of the wrestler who sang on A Jingle with Jillian?,light,hippo,"[CLS]
Question: What is the nationality of the wrestler who sang on A Jingle with Jillian?
Method: light
[SEP]","[CLS]
Question: What is the nationality of the wrestler who sang on A Jingle with Jillian?
Method: hippo
[SEP]",0.2,0.1666666667,1,"[""lgraph"", ""light""]",2,True
188,What is the nationality of the wrestler who sang on A Jingle with Jillian?,light,qagn,"[CLS]
Question: What is the nationality of the wrestler who sang on A Jingle with Jillian?
Method: light
[SEP]","[CLS]
Question: What is the nationality of the wrestler who sang on A Jingle with Jillian?
Method: qagn
[SEP]",0.2,0.0,1,"[""lgraph"", ""light""]",2,True
189,The Black Star Line was a part of the Marcus Garvey movement that was also known by what names?,light,dalk,"[CLS]
Question: The Black Star Line was a part of the Marcus Garvey movement that was also known by what names?
Method: light
[SEP]","[CLS]
Question: The Black Star Line was a part of the Marcus Garvey movement that was also known by what names?
Method: dalk
[SEP]",0.2142857143,0.1818181818,1,"[""light""]",1,False
189,The Black Star Line was a part of the Marcus Garvey movement that was also known by what names?,light,gr,"[CLS]
Question: The Black Star Line was a part of the Marcus Garvey movement that was also known by what names?
Method: light
[SEP]","[CLS]
Question: The Black Star Line was a part of the Marcus Garvey movement that was also known by what names?
Method: gr
[SEP]",0.2142857143,0.0,1,"[""light""]",1,False
189,The Black Star Line was a part of the Marcus Garvey movement that was also known by what names?,light,hippo,"[CLS]
Question: The Black Star Line was a part of the Marcus Garvey movement that was also known by what names?
Method: light
[SEP]","[CLS]
Question: The Black Star Line was a part of the Marcus Garvey movement that was also known by what names?
Method: hippo
[SEP]",0.2142857143,0.1176470588,1,"[""light""]",1,False
189,The Black Star Line was a part of the Marcus Garvey movement that was also known by what names?,light,lgraph,"[CLS]
Question: The Black Star Line was a part of the Marcus Garvey movement that was also known by what names?
Method: light
[SEP]","[CLS]
Question: The Black Star Line was a part of the Marcus Garvey movement that was also known by what names?
Method: lgraph
[SEP]",0.2142857143,0.0,1,"[""light""]",1,False
189,The Black Star Line was a part of the Marcus Garvey movement that was also known by what names?,qagn,light,"[CLS]
Question: The Black Star Line was a part of the Marcus Garvey movement that was also known by what names?
Method: qagn
[SEP]","[CLS]
Question: The Black Star Line was a part of the Marcus Garvey movement that was also known by what names?
Method: light
[SEP]",0.1818181818,0.2142857143,0,"[""light""]",1,False
191,"What American gangster, businessman, casino owner and philanthropist was the inspiration for Morris ""Moe"" Greene in ""The Godfather""?",dalk,hippo,"[CLS]
Question: What American gangster, businessman, casino owner and philanthropist was the inspiration for Morris ""Moe"" Greene in ""The Godfather""?
Method: dalk
[SEP]","[CLS]
Question: What American gangster, businessman, casino owner and philanthropist was the inspiration for Morris ""Moe"" Greene in ""The Godfather""?
Method: hippo
[SEP]",0.0,0.1818181818,0,"[""hippo""]",1,False
191,"What American gangster, businessman, casino owner and philanthropist was the inspiration for Morris ""Moe"" Greene in ""The Godfather""?",gr,hippo,"[CLS]
Question: What American gangster, businessman, casino owner and philanthropist was the inspiration for Morris ""Moe"" Greene in ""The Godfather""?
Method: gr
[SEP]","[CLS]
Question: What American gangster, businessman, casino owner and philanthropist was the inspiration for Morris ""Moe"" Greene in ""The Godfather""?
Method: hippo
[SEP]",0.0,0.1818181818,0,"[""hippo""]",1,False
191,"What American gangster, businessman, casino owner and philanthropist was the inspiration for Morris ""Moe"" Greene in ""The Godfather""?",lgraph,hippo,"[CLS]
Question: What American gangster, businessman, casino owner and philanthropist was the inspiration for Morris ""Moe"" Greene in ""The Godfather""?
Method: lgraph
[SEP]","[CLS]
Question: What American gangster, businessman, casino owner and philanthropist was the inspiration for Morris ""Moe"" Greene in ""The Godfather""?
Method: hippo
[SEP]",0.0,0.1818181818,0,"[""hippo""]",1,False
191,"What American gangster, businessman, casino owner and philanthropist was the inspiration for Morris ""Moe"" Greene in ""The Godfather""?",light,hippo,"[CLS]
Question: What American gangster, businessman, casino owner and philanthropist was the inspiration for Morris ""Moe"" Greene in ""The Godfather""?
Method: light
[SEP]","[CLS]
Question: What American gangster, businessman, casino owner and philanthropist was the inspiration for Morris ""Moe"" Greene in ""The Godfather""?
Method: hippo
[SEP]",0.1538461538,0.1818181818,0,"[""hippo""]",1,False
191,"What American gangster, businessman, casino owner and philanthropist was the inspiration for Morris ""Moe"" Greene in ""The Godfather""?",qagn,hippo,"[CLS]
Question: What American gangster, businessman, casino owner and philanthropist was the inspiration for Morris ""Moe"" Greene in ""The Godfather""?
Method: qagn
[SEP]","[CLS]
Question: What American gangster, businessman, casino owner and philanthropist was the inspiration for Morris ""Moe"" Greene in ""The Godfather""?
Method: hippo
[SEP]",0.0,0.1818181818,0,"[""hippo""]",1,False
192,"The movie that was the directorial debut of Jonathan Glazer included the musical piece Lujon. Which other movie that has the letter ""B"" in it also includes this piece?",hippo,dalk,"[CLS]
Question: The movie that was the directorial debut of Jonathan Glazer included the musical piece Lujon. Which other movie that has the letter ""B"" in it also includes this piece?
Method: hippo
[SEP]","[CLS]
Question: The movie that was the directorial debut of Jonathan Glazer included the musical piece Lujon. Which other movie that has the letter ""B"" in it also includes this piece?
Method: dalk
[SEP]",1.0,0.0,1,"[""hippo"", ""lgraph"", ""qagn""]",3,True
192,"The movie that was the directorial debut of Jonathan Glazer included the musical piece Lujon. Which other movie that has the letter ""B"" in it also includes this piece?",hippo,gr,"[CLS]
Question: The movie that was the directorial debut of Jonathan Glazer included the musical piece Lujon. Which other movie that has the letter ""B"" in it also includes this piece?
Method: hippo
[SEP]","[CLS]
Question: The movie that was the directorial debut of Jonathan Glazer included the musical piece Lujon. Which other movie that has the letter ""B"" in it also includes this piece?
Method: gr
[SEP]",1.0,0.0,1,"[""hippo"", ""lgraph"", ""qagn""]",3,True
192,"The movie that was the directorial debut of Jonathan Glazer included the musical piece Lujon. Which other movie that has the letter ""B"" in it also includes this piece?",light,hippo,"[CLS]
Question: The movie that was the directorial debut of Jonathan Glazer included the musical piece Lujon. Which other movie that has the letter ""B"" in it also includes this piece?
Method: light
[SEP]","[CLS]
Question: The movie that was the directorial debut of Jonathan Glazer included the musical piece Lujon. Which other movie that has the letter ""B"" in it also includes this piece?
Method: hippo
[SEP]",0.0,1.0,0,"[""hippo"", ""lgraph"", ""qagn""]",3,True
192,"The movie that was the directorial debut of Jonathan Glazer included the musical piece Lujon. Which other movie that has the letter ""B"" in it also includes this piece?",lgraph,dalk,"[CLS]
Question: The movie that was the directorial debut of Jonathan Glazer included the musical piece Lujon. Which other movie that has the letter ""B"" in it also includes this piece?
Method: lgraph
[SEP]","[CLS]
Question: The movie that was the directorial debut of Jonathan Glazer included the musical piece Lujon. Which other movie that has the letter ""B"" in it also includes this piece?
Method: dalk
[SEP]",1.0,0.0,1,"[""hippo"", ""lgraph"", ""qagn""]",3,True
192,"The movie that was the directorial debut of Jonathan Glazer included the musical piece Lujon. Which other movie that has the letter ""B"" in it also includes this piece?",gr,lgraph,"[CLS]
Question: The movie that was the directorial debut of Jonathan Glazer included the musical piece Lujon. Which other movie that has the letter ""B"" in it also includes this piece?
Method: gr
[SEP]","[CLS]
Question: The movie that was the directorial debut of Jonathan Glazer included the musical piece Lujon. Which other movie that has the letter ""B"" in it also includes this piece?
Method: lgraph
[SEP]",0.0,1.0,0,"[""hippo"", ""lgraph"", ""qagn""]",3,True
192,"The movie that was the directorial debut of Jonathan Glazer included the musical piece Lujon. Which other movie that has the letter ""B"" in it also includes this piece?",light,lgraph,"[CLS]
Question: The movie that was the directorial debut of Jonathan Glazer included the musical piece Lujon. Which other movie that has the letter ""B"" in it also includes this piece?
Method: light
[SEP]","[CLS]
Question: The movie that was the directorial debut of Jonathan Glazer included the musical piece Lujon. Which other movie that has the letter ""B"" in it also includes this piece?
Method: lgraph
[SEP]",0.0,1.0,0,"[""hippo"", ""lgraph"", ""qagn""]",3,True
192,"The movie that was the directorial debut of Jonathan Glazer included the musical piece Lujon. Which other movie that has the letter ""B"" in it also includes this piece?",qagn,dalk,"[CLS]
Question: The movie that was the directorial debut of Jonathan Glazer included the musical piece Lujon. Which other movie that has the letter ""B"" in it also includes this piece?
Method: qagn
[SEP]","[CLS]
Question: The movie that was the directorial debut of Jonathan Glazer included the musical piece Lujon. Which other movie that has the letter ""B"" in it also includes this piece?
Method: dalk
[SEP]",1.0,0.0,1,"[""hippo"", ""lgraph"", ""qagn""]",3,True
192,"The movie that was the directorial debut of Jonathan Glazer included the musical piece Lujon. Which other movie that has the letter ""B"" in it also includes this piece?",gr,qagn,"[CLS]
Question: The movie that was the directorial debut of Jonathan Glazer included the musical piece Lujon. Which other movie that has the letter ""B"" in it also includes this piece?
Method: gr
[SEP]","[CLS]
Question: The movie that was the directorial debut of Jonathan Glazer included the musical piece Lujon. Which other movie that has the letter ""B"" in it also includes this piece?
Method: qagn
[SEP]",0.0,1.0,0,"[""hippo"", ""lgraph"", ""qagn""]",3,True
192,"The movie that was the directorial debut of Jonathan Glazer included the musical piece Lujon. Which other movie that has the letter ""B"" in it also includes this piece?",light,qagn,"[CLS]
Question: The movie that was the directorial debut of Jonathan Glazer included the musical piece Lujon. Which other movie that has the letter ""B"" in it also includes this piece?
Method: light
[SEP]","[CLS]
Question: The movie that was the directorial debut of Jonathan Glazer included the musical piece Lujon. Which other movie that has the letter ""B"" in it also includes this piece?
Method: qagn
[SEP]",0.0,1.0,0,"[""hippo"", ""lgraph"", ""qagn""]",3,True
194,"Which Austrian and later American chess master who was also a highly influential writer and chess theoretician competed for the first contest  that was defined ""in advance"" as being for the world championship?",dalk,gr,"[CLS]
Question: Which Austrian and later American chess master who was also a highly influential writer and chess theoretician competed for the first contest  that was defined ""in advance"" as being for the world championship?
Method: dalk
[SEP]","[CLS]
Question: Which Austrian and later American chess master who was also a highly influential writer and chess theoretician competed for the first contest  that was defined ""in advance"" as being for the world championship?
Method: gr
[SEP]",0.6666666667,0.0,1,"[""dalk"", ""hippo"", ""light""]",3,True
194,"Which Austrian and later American chess master who was also a highly influential writer and chess theoretician competed for the first contest  that was defined ""in advance"" as being for the world championship?",dalk,lgraph,"[CLS]
Question: Which Austrian and later American chess master who was also a highly influential writer and chess theoretician competed for the first contest  that was defined ""in advance"" as being for the world championship?
Method: dalk
[SEP]","[CLS]
Question: Which Austrian and later American chess master who was also a highly influential writer and chess theoretician competed for the first contest  that was defined ""in advance"" as being for the world championship?
Method: lgraph
[SEP]",0.6666666667,0.0425531915,1,"[""dalk"", ""hippo"", ""light""]",3,True
194,"Which Austrian and later American chess master who was also a highly influential writer and chess theoretician competed for the first contest  that was defined ""in advance"" as being for the world championship?",dalk,qagn,"[CLS]
Question: Which Austrian and later American chess master who was also a highly influential writer and chess theoretician competed for the first contest  that was defined ""in advance"" as being for the world championship?
Method: dalk
[SEP]","[CLS]
Question: Which Austrian and later American chess master who was also a highly influential writer and chess theoretician competed for the first contest  that was defined ""in advance"" as being for the world championship?
Method: qagn
[SEP]",0.6666666667,0.0408163265,1,"[""dalk"", ""hippo"", ""light""]",3,True
194,"Which Austrian and later American chess master who was also a highly influential writer and chess theoretician competed for the first contest  that was defined ""in advance"" as being for the world championship?",hippo,gr,"[CLS]
Question: Which Austrian and later American chess master who was also a highly influential writer and chess theoretician competed for the first contest  that was defined ""in advance"" as being for the world championship?
Method: hippo
[SEP]","[CLS]
Question: Which Austrian and later American chess master who was also a highly influential writer and chess theoretician competed for the first contest  that was defined ""in advance"" as being for the world championship?
Method: gr
[SEP]",0.6666666667,0.0,1,"[""dalk"", ""hippo"", ""light""]",3,True
194,"Which Austrian and later American chess master who was also a highly influential writer and chess theoretician competed for the first contest  that was defined ""in advance"" as being for the world championship?",lgraph,hippo,"[CLS]
Question: Which Austrian and later American chess master who was also a highly influential writer and chess theoretician competed for the first contest  that was defined ""in advance"" as being for the world championship?
Method: lgraph
[SEP]","[CLS]
Question: Which Austrian and later American chess master who was also a highly influential writer and chess theoretician competed for the first contest  that was defined ""in advance"" as being for the world championship?
Method: hippo
[SEP]",0.0425531915,0.6666666667,0,"[""dalk"", ""hippo"", ""light""]",3,True
194,"Which Austrian and later American chess master who was also a highly influential writer and chess theoretician competed for the first contest  that was defined ""in advance"" as being for the world championship?",qagn,hippo,"[CLS]
Question: Which Austrian and later American chess master who was also a highly influential writer and chess theoretician competed for the first contest  that was defined ""in advance"" as being for the world championship?
Method: qagn
[SEP]","[CLS]
Question: Which Austrian and later American chess master who was also a highly influential writer and chess theoretician competed for the first contest  that was defined ""in advance"" as being for the world championship?
Method: hippo
[SEP]",0.0408163265,0.6666666667,0,"[""dalk"", ""hippo"", ""light""]",3,True
194,"Which Austrian and later American chess master who was also a highly influential writer and chess theoretician competed for the first contest  that was defined ""in advance"" as being for the world championship?",light,gr,"[CLS]
Question: Which Austrian and later American chess master who was also a highly influential writer and chess theoretician competed for the first contest  that was defined ""in advance"" as being for the world championship?
Method: light
[SEP]","[CLS]
Question: Which Austrian and later American chess master who was also a highly influential writer and chess theoretician competed for the first contest  that was defined ""in advance"" as being for the world championship?
Method: gr
[SEP]",0.6666666667,0.0,1,"[""dalk"", ""hippo"", ""light""]",3,True
194,"Which Austrian and later American chess master who was also a highly influential writer and chess theoretician competed for the first contest  that was defined ""in advance"" as being for the world championship?",lgraph,light,"[CLS]
Question: Which Austrian and later American chess master who was also a highly influential writer and chess theoretician competed for the first contest  that was defined ""in advance"" as being for the world championship?
Method: lgraph
[SEP]","[CLS]
Question: Which Austrian and later American chess master who was also a highly influential writer and chess theoretician competed for the first contest  that was defined ""in advance"" as being for the world championship?
Method: light
[SEP]",0.0425531915,0.6666666667,0,"[""dalk"", ""hippo"", ""light""]",3,True
194,"Which Austrian and later American chess master who was also a highly influential writer and chess theoretician competed for the first contest  that was defined ""in advance"" as being for the world championship?",light,qagn,"[CLS]
Question: Which Austrian and later American chess master who was also a highly influential writer and chess theoretician competed for the first contest  that was defined ""in advance"" as being for the world championship?
Method: light
[SEP]","[CLS]
Question: Which Austrian and later American chess master who was also a highly influential writer and chess theoretician competed for the first contest  that was defined ""in advance"" as being for the world championship?
Method: qagn
[SEP]",0.6666666667,0.0408163265,1,"[""dalk"", ""hippo"", ""light""]",3,True
195,What was the fort renamed in which the English abandoned to move to a fort located atop State Street Hill?,dalk,hippo,"[CLS]
Question: What was the fort renamed in which the English abandoned to move to a fort located atop State Street Hill?
Method: dalk
[SEP]","[CLS]
Question: What was the fort renamed in which the English abandoned to move to a fort located atop State Street Hill?
Method: hippo
[SEP]",0.0,0.5,0,"[""hippo"", ""lgraph"", ""qagn""]",3,True
195,What was the fort renamed in which the English abandoned to move to a fort located atop State Street Hill?,gr,hippo,"[CLS]
Question: What was the fort renamed in which the English abandoned to move to a fort located atop State Street Hill?
Method: gr
[SEP]","[CLS]
Question: What was the fort renamed in which the English abandoned to move to a fort located atop State Street Hill?
Method: hippo
[SEP]",0.0,0.5,0,"[""hippo"", ""lgraph"", ""qagn""]",3,True
195,What was the fort renamed in which the English abandoned to move to a fort located atop State Street Hill?,light,hippo,"[CLS]
Question: What was the fort renamed in which the English abandoned to move to a fort located atop State Street Hill?
Method: light
[SEP]","[CLS]
Question: What was the fort renamed in which the English abandoned to move to a fort located atop State Street Hill?
Method: hippo
[SEP]",0.0,0.5,0,"[""hippo"", ""lgraph"", ""qagn""]",3,True
195,What was the fort renamed in which the English abandoned to move to a fort located atop State Street Hill?,lgraph,dalk,"[CLS]
Question: What was the fort renamed in which the English abandoned to move to a fort located atop State Street Hill?
Method: lgraph
[SEP]","[CLS]
Question: What was the fort renamed in which the English abandoned to move to a fort located atop State Street Hill?
Method: dalk
[SEP]",0.5,0.0,1,"[""hippo"", ""lgraph"", ""qagn""]",3,True
195,What was the fort renamed in which the English abandoned to move to a fort located atop State Street Hill?,lgraph,gr,"[CLS]
Question: What was the fort renamed in which the English abandoned to move to a fort located atop State Street Hill?
Method: lgraph
[SEP]","[CLS]
Question: What was the fort renamed in which the English abandoned to move to a fort located atop State Street Hill?
Method: gr
[SEP]",0.5,0.0,1,"[""hippo"", ""lgraph"", ""qagn""]",3,True
195,What was the fort renamed in which the English abandoned to move to a fort located atop State Street Hill?,lgraph,light,"[CLS]
Question: What was the fort renamed in which the English abandoned to move to a fort located atop State Street Hill?
Method: lgraph
[SEP]","[CLS]
Question: What was the fort renamed in which the English abandoned to move to a fort located atop State Street Hill?
Method: light
[SEP]",0.5,0.0,1,"[""hippo"", ""lgraph"", ""qagn""]",3,True
195,What was the fort renamed in which the English abandoned to move to a fort located atop State Street Hill?,dalk,qagn,"[CLS]
Question: What was the fort renamed in which the English abandoned to move to a fort located atop State Street Hill?
Method: dalk
[SEP]","[CLS]
Question: What was the fort renamed in which the English abandoned to move to a fort located atop State Street Hill?
Method: qagn
[SEP]",0.0,0.5,0,"[""hippo"", ""lgraph"", ""qagn""]",3,True
195,What was the fort renamed in which the English abandoned to move to a fort located atop State Street Hill?,qagn,gr,"[CLS]
Question: What was the fort renamed in which the English abandoned to move to a fort located atop State Street Hill?
Method: qagn
[SEP]","[CLS]
Question: What was the fort renamed in which the English abandoned to move to a fort located atop State Street Hill?
Method: gr
[SEP]",0.5,0.0,1,"[""hippo"", ""lgraph"", ""qagn""]",3,True
195,What was the fort renamed in which the English abandoned to move to a fort located atop State Street Hill?,light,qagn,"[CLS]
Question: What was the fort renamed in which the English abandoned to move to a fort located atop State Street Hill?
Method: light
[SEP]","[CLS]
Question: What was the fort renamed in which the English abandoned to move to a fort located atop State Street Hill?
Method: qagn
[SEP]",0.0,0.5,0,"[""hippo"", ""lgraph"", ""qagn""]",3,True
196,What was fort orange's initial name?,dalk,hippo,"[CLS]
Question: What was fort orange's initial name?
Method: dalk
[SEP]","[CLS]
Question: What was fort orange's initial name?
Method: hippo
[SEP]",0.0,0.1538461538,0,"[""hippo""]",1,False
196,What was fort orange's initial name?,gr,hippo,"[CLS]
Question: What was fort orange's initial name?
Method: gr
[SEP]","[CLS]
Question: What was fort orange's initial name?
Method: hippo
[SEP]",0.0,0.1538461538,0,"[""hippo""]",1,False
196,What was fort orange's initial name?,lgraph,hippo,"[CLS]
Question: What was fort orange's initial name?
Method: lgraph
[SEP]","[CLS]
Question: What was fort orange's initial name?
Method: hippo
[SEP]",0.08,0.1538461538,0,"[""hippo""]",1,False
196,What was fort orange's initial name?,hippo,light,"[CLS]
Question: What was fort orange's initial name?
Method: hippo
[SEP]","[CLS]
Question: What was fort orange's initial name?
Method: light
[SEP]",0.1538461538,0.0,1,"[""hippo""]",1,False
196,What was fort orange's initial name?,hippo,qagn,"[CLS]
Question: What was fort orange's initial name?
Method: hippo
[SEP]","[CLS]
Question: What was fort orange's initial name?
Method: qagn
[SEP]",0.1538461538,0.0,1,"[""hippo""]",1,False
197,What is the nickname of the county in Northern Ireland where the Tandragee killings took place?,hippo,dalk,"[CLS]
Question: What is the nickname of the county in Northern Ireland where the Tandragee killings took place?
Method: hippo
[SEP]","[CLS]
Question: What is the nickname of the county in Northern Ireland where the Tandragee killings took place?
Method: dalk
[SEP]",0.5,0.1176470588,1,"[""hippo"", ""qagn""]",2,True
197,What is the nickname of the county in Northern Ireland where the Tandragee killings took place?,gr,hippo,"[CLS]
Question: What is the nickname of the county in Northern Ireland where the Tandragee killings took place?
Method: gr
[SEP]","[CLS]
Question: What is the nickname of the county in Northern Ireland where the Tandragee killings took place?
Method: hippo
[SEP]",0.0,0.5,0,"[""hippo"", ""qagn""]",2,True
197,What is the nickname of the county in Northern Ireland where the Tandragee killings took place?,lgraph,hippo,"[CLS]
Question: What is the nickname of the county in Northern Ireland where the Tandragee killings took place?
Method: lgraph
[SEP]","[CLS]
Question: What is the nickname of the county in Northern Ireland where the Tandragee killings took place?
Method: hippo
[SEP]",0.1176470588,0.5,0,"[""hippo"", ""qagn""]",2,True
197,What is the nickname of the county in Northern Ireland where the Tandragee killings took place?,light,hippo,"[CLS]
Question: What is the nickname of the county in Northern Ireland where the Tandragee killings took place?
Method: light
[SEP]","[CLS]
Question: What is the nickname of the county in Northern Ireland where the Tandragee killings took place?
Method: hippo
[SEP]",0.1176470588,0.5,0,"[""hippo"", ""qagn""]",2,True
197,What is the nickname of the county in Northern Ireland where the Tandragee killings took place?,qagn,dalk,"[CLS]
Question: What is the nickname of the county in Northern Ireland where the Tandragee killings took place?
Method: qagn
[SEP]","[CLS]
Question: What is the nickname of the county in Northern Ireland where the Tandragee killings took place?
Method: dalk
[SEP]",0.5,0.1176470588,1,"[""hippo"", ""qagn""]",2,True
197,What is the nickname of the county in Northern Ireland where the Tandragee killings took place?,gr,qagn,"[CLS]
Question: What is the nickname of the county in Northern Ireland where the Tandragee killings took place?
Method: gr
[SEP]","[CLS]
Question: What is the nickname of the county in Northern Ireland where the Tandragee killings took place?
Method: qagn
[SEP]",0.0,0.5,0,"[""hippo"", ""qagn""]",2,True
197,What is the nickname of the county in Northern Ireland where the Tandragee killings took place?,lgraph,qagn,"[CLS]
Question: What is the nickname of the county in Northern Ireland where the Tandragee killings took place?
Method: lgraph
[SEP]","[CLS]
Question: What is the nickname of the county in Northern Ireland where the Tandragee killings took place?
Method: qagn
[SEP]",0.1176470588,0.5,0,"[""hippo"", ""qagn""]",2,True
197,What is the nickname of the county in Northern Ireland where the Tandragee killings took place?,qagn,light,"[CLS]
Question: What is the nickname of the county in Northern Ireland where the Tandragee killings took place?
Method: qagn
[SEP]","[CLS]
Question: What is the nickname of the county in Northern Ireland where the Tandragee killings took place?
Method: light
[SEP]",0.5,0.1176470588,1,"[""hippo"", ""qagn""]",2,True
198,"Lady Elizabeth Delmé and Her Children (1779) is a portrait given to the National Gallery of Art in 1937, which is located in which state?",gr,dalk,"[CLS]
Question: Lady Elizabeth Delmé and Her Children (1779) is a portrait given to the National Gallery of Art in 1937, which is located in which state?
Method: gr
[SEP]","[CLS]
Question: Lady Elizabeth Delmé and Her Children (1779) is a portrait given to the National Gallery of Art in 1937, which is located in which state?
Method: dalk
[SEP]",0.0,1.0,0,"[""dalk"", ""qagn""]",2,True
198,"Lady Elizabeth Delmé and Her Children (1779) is a portrait given to the National Gallery of Art in 1937, which is located in which state?",dalk,hippo,"[CLS]
Question: Lady Elizabeth Delmé and Her Children (1779) is a portrait given to the National Gallery of Art in 1937, which is located in which state?
Method: dalk
[SEP]","[CLS]
Question: Lady Elizabeth Delmé and Her Children (1779) is a portrait given to the National Gallery of Art in 1937, which is located in which state?
Method: hippo
[SEP]",1.0,0.3076923077,1,"[""dalk"", ""qagn""]",2,True
198,"Lady Elizabeth Delmé and Her Children (1779) is a portrait given to the National Gallery of Art in 1937, which is located in which state?",lgraph,dalk,"[CLS]
Question: Lady Elizabeth Delmé and Her Children (1779) is a portrait given to the National Gallery of Art in 1937, which is located in which state?
Method: lgraph
[SEP]","[CLS]
Question: Lady Elizabeth Delmé and Her Children (1779) is a portrait given to the National Gallery of Art in 1937, which is located in which state?
Method: dalk
[SEP]",0.0,1.0,0,"[""dalk"", ""qagn""]",2,True
198,"Lady Elizabeth Delmé and Her Children (1779) is a portrait given to the National Gallery of Art in 1937, which is located in which state?",light,dalk,"[CLS]
Question: Lady Elizabeth Delmé and Her Children (1779) is a portrait given to the National Gallery of Art in 1937, which is located in which state?
Method: light
[SEP]","[CLS]
Question: Lady Elizabeth Delmé and Her Children (1779) is a portrait given to the National Gallery of Art in 1937, which is located in which state?
Method: dalk
[SEP]",0.0,1.0,0,"[""dalk"", ""qagn""]",2,True
198,"Lady Elizabeth Delmé and Her Children (1779) is a portrait given to the National Gallery of Art in 1937, which is located in which state?",qagn,gr,"[CLS]
Question: Lady Elizabeth Delmé and Her Children (1779) is a portrait given to the National Gallery of Art in 1937, which is located in which state?
Method: qagn
[SEP]","[CLS]
Question: Lady Elizabeth Delmé and Her Children (1779) is a portrait given to the National Gallery of Art in 1937, which is located in which state?
Method: gr
[SEP]",1.0,0.0,1,"[""dalk"", ""qagn""]",2,True
198,"Lady Elizabeth Delmé and Her Children (1779) is a portrait given to the National Gallery of Art in 1937, which is located in which state?",qagn,hippo,"[CLS]
Question: Lady Elizabeth Delmé and Her Children (1779) is a portrait given to the National Gallery of Art in 1937, which is located in which state?
Method: qagn
[SEP]","[CLS]
Question: Lady Elizabeth Delmé and Her Children (1779) is a portrait given to the National Gallery of Art in 1937, which is located in which state?
Method: hippo
[SEP]",1.0,0.3076923077,1,"[""dalk"", ""qagn""]",2,True
198,"Lady Elizabeth Delmé and Her Children (1779) is a portrait given to the National Gallery of Art in 1937, which is located in which state?",lgraph,qagn,"[CLS]
Question: Lady Elizabeth Delmé and Her Children (1779) is a portrait given to the National Gallery of Art in 1937, which is located in which state?
Method: lgraph
[SEP]","[CLS]
Question: Lady Elizabeth Delmé and Her Children (1779) is a portrait given to the National Gallery of Art in 1937, which is located in which state?
Method: qagn
[SEP]",0.0,1.0,0,"[""dalk"", ""qagn""]",2,True
198,"Lady Elizabeth Delmé and Her Children (1779) is a portrait given to the National Gallery of Art in 1937, which is located in which state?",light,qagn,"[CLS]
Question: Lady Elizabeth Delmé and Her Children (1779) is a portrait given to the National Gallery of Art in 1937, which is located in which state?
Method: light
[SEP]","[CLS]
Question: Lady Elizabeth Delmé and Her Children (1779) is a portrait given to the National Gallery of Art in 1937, which is located in which state?
Method: qagn
[SEP]",0.0,1.0,0,"[""dalk"", ""qagn""]",2,True
199,What kind of music do The Stone Roses and The Lemonheads play?,lgraph,dalk,"[CLS]
Question: What kind of music do The Stone Roses and The Lemonheads play?
Method: lgraph
[SEP]","[CLS]
Question: What kind of music do The Stone Roses and The Lemonheads play?
Method: dalk
[SEP]",0.2,0.1428571429,1,"[""lgraph"", ""light""]",2,True
199,What kind of music do The Stone Roses and The Lemonheads play?,gr,lgraph,"[CLS]
Question: What kind of music do The Stone Roses and The Lemonheads play?
Method: gr
[SEP]","[CLS]
Question: What kind of music do The Stone Roses and The Lemonheads play?
Method: lgraph
[SEP]",0.0952380952,0.2,0,"[""lgraph"", ""light""]",2,True
199,What kind of music do The Stone Roses and The Lemonheads play?,hippo,lgraph,"[CLS]
Question: What kind of music do The Stone Roses and The Lemonheads play?
Method: hippo
[SEP]","[CLS]
Question: What kind of music do The Stone Roses and The Lemonheads play?
Method: lgraph
[SEP]",0.1818181818,0.2,0,"[""lgraph"", ""light""]",2,True
199,What kind of music do The Stone Roses and The Lemonheads play?,lgraph,qagn,"[CLS]
Question: What kind of music do The Stone Roses and The Lemonheads play?
Method: lgraph
[SEP]","[CLS]
Question: What kind of music do The Stone Roses and The Lemonheads play?
Method: qagn
[SEP]",0.2,0.1666666667,1,"[""lgraph"", ""light""]",2,True
199,What kind of music do The Stone Roses and The Lemonheads play?,light,dalk,"[CLS]
Question: What kind of music do The Stone Roses and The Lemonheads play?
Method: light
[SEP]","[CLS]
Question: What kind of music do The Stone Roses and The Lemonheads play?
Method: dalk
[SEP]",0.2,0.1428571429,1,"[""lgraph"", ""light""]",2,True
199,What kind of music do The Stone Roses and The Lemonheads play?,gr,light,"[CLS]
Question: What kind of music do The Stone Roses and The Lemonheads play?
Method: gr
[SEP]","[CLS]
Question: What kind of music do The Stone Roses and The Lemonheads play?
Method: light
[SEP]",0.0952380952,0.2,0,"[""lgraph"", ""light""]",2,True
199,What kind of music do The Stone Roses and The Lemonheads play?,light,hippo,"[CLS]
Question: What kind of music do The Stone Roses and The Lemonheads play?
Method: light
[SEP]","[CLS]
Question: What kind of music do The Stone Roses and The Lemonheads play?
Method: hippo
[SEP]",0.2,0.1818181818,1,"[""lgraph"", ""light""]",2,True
199,What kind of music do The Stone Roses and The Lemonheads play?,qagn,light,"[CLS]
Question: What kind of music do The Stone Roses and The Lemonheads play?
Method: qagn
[SEP]","[CLS]
Question: What kind of music do The Stone Roses and The Lemonheads play?
Method: light
[SEP]",0.1666666667,0.2,0,"[""lgraph"", ""light""]",2,True
201,Allison Gross is a character in a story which applies what writing technique that introduces characters in threes? ,dalk,lgraph,"[CLS]
Question: Allison Gross is a character in a story which applies what writing technique that introduces characters in threes? 
Method: dalk
[SEP]","[CLS]
Question: Allison Gross is a character in a story which applies what writing technique that introduces characters in threes? 
Method: lgraph
[SEP]",0.3529411765,0.4285714286,0,"[""lgraph"", ""qagn""]",2,True
201,Allison Gross is a character in a story which applies what writing technique that introduces characters in threes? ,lgraph,gr,"[CLS]
Question: Allison Gross is a character in a story which applies what writing technique that introduces characters in threes? 
Method: lgraph
[SEP]","[CLS]
Question: Allison Gross is a character in a story which applies what writing technique that introduces characters in threes? 
Method: gr
[SEP]",0.4285714286,0.1428571429,1,"[""lgraph"", ""qagn""]",2,True
201,Allison Gross is a character in a story which applies what writing technique that introduces characters in threes? ,hippo,lgraph,"[CLS]
Question: Allison Gross is a character in a story which applies what writing technique that introduces characters in threes? 
Method: hippo
[SEP]","[CLS]
Question: Allison Gross is a character in a story which applies what writing technique that introduces characters in threes? 
Method: lgraph
[SEP]",0.064516129,0.4285714286,0,"[""lgraph"", ""qagn""]",2,True
201,Allison Gross is a character in a story which applies what writing technique that introduces characters in threes? ,light,lgraph,"[CLS]
Question: Allison Gross is a character in a story which applies what writing technique that introduces characters in threes? 
Method: light
[SEP]","[CLS]
Question: Allison Gross is a character in a story which applies what writing technique that introduces characters in threes? 
Method: lgraph
[SEP]",0.0,0.4285714286,0,"[""lgraph"", ""qagn""]",2,True
201,Allison Gross is a character in a story which applies what writing technique that introduces characters in threes? ,qagn,dalk,"[CLS]
Question: Allison Gross is a character in a story which applies what writing technique that introduces characters in threes? 
Method: qagn
[SEP]","[CLS]
Question: Allison Gross is a character in a story which applies what writing technique that introduces characters in threes? 
Method: dalk
[SEP]",0.4285714286,0.3529411765,1,"[""lgraph"", ""qagn""]",2,True
201,Allison Gross is a character in a story which applies what writing technique that introduces characters in threes? ,gr,qagn,"[CLS]
Question: Allison Gross is a character in a story which applies what writing technique that introduces characters in threes? 
Method: gr
[SEP]","[CLS]
Question: Allison Gross is a character in a story which applies what writing technique that introduces characters in threes? 
Method: qagn
[SEP]",0.1428571429,0.4285714286,0,"[""lgraph"", ""qagn""]",2,True
201,Allison Gross is a character in a story which applies what writing technique that introduces characters in threes? ,qagn,hippo,"[CLS]
Question: Allison Gross is a character in a story which applies what writing technique that introduces characters in threes? 
Method: qagn
[SEP]","[CLS]
Question: Allison Gross is a character in a story which applies what writing technique that introduces characters in threes? 
Method: hippo
[SEP]",0.4285714286,0.064516129,1,"[""lgraph"", ""qagn""]",2,True
201,Allison Gross is a character in a story which applies what writing technique that introduces characters in threes? ,light,qagn,"[CLS]
Question: Allison Gross is a character in a story which applies what writing technique that introduces characters in threes? 
Method: light
[SEP]","[CLS]
Question: Allison Gross is a character in a story which applies what writing technique that introduces characters in threes? 
Method: qagn
[SEP]",0.0,0.4285714286,0,"[""lgraph"", ""qagn""]",2,True
202,What WB supernatrual drama series was Jawbreaker star Rose Mcgowan best known for being in?,dalk,lgraph,"[CLS]
Question: What WB supernatrual drama series was Jawbreaker star Rose Mcgowan best known for being in?
Method: dalk
[SEP]","[CLS]
Question: What WB supernatrual drama series was Jawbreaker star Rose Mcgowan best known for being in?
Method: lgraph
[SEP]",0.125,1.0,0,"[""lgraph"", ""light"", ""qagn""]",3,True
202,What WB supernatrual drama series was Jawbreaker star Rose Mcgowan best known for being in?,gr,lgraph,"[CLS]
Question: What WB supernatrual drama series was Jawbreaker star Rose Mcgowan best known for being in?
Method: gr
[SEP]","[CLS]
Question: What WB supernatrual drama series was Jawbreaker star Rose Mcgowan best known for being in?
Method: lgraph
[SEP]",0.0,1.0,0,"[""lgraph"", ""light"", ""qagn""]",3,True
202,What WB supernatrual drama series was Jawbreaker star Rose Mcgowan best known for being in?,hippo,lgraph,"[CLS]
Question: What WB supernatrual drama series was Jawbreaker star Rose Mcgowan best known for being in?
Method: hippo
[SEP]","[CLS]
Question: What WB supernatrual drama series was Jawbreaker star Rose Mcgowan best known for being in?
Method: lgraph
[SEP]",0.1818181818,1.0,0,"[""lgraph"", ""light"", ""qagn""]",3,True
202,What WB supernatrual drama series was Jawbreaker star Rose Mcgowan best known for being in?,light,dalk,"[CLS]
Question: What WB supernatrual drama series was Jawbreaker star Rose Mcgowan best known for being in?
Method: light
[SEP]","[CLS]
Question: What WB supernatrual drama series was Jawbreaker star Rose Mcgowan best known for being in?
Method: dalk
[SEP]",1.0,0.125,1,"[""lgraph"", ""light"", ""qagn""]",3,True
202,What WB supernatrual drama series was Jawbreaker star Rose Mcgowan best known for being in?,gr,light,"[CLS]
Question: What WB supernatrual drama series was Jawbreaker star Rose Mcgowan best known for being in?
Method: gr
[SEP]","[CLS]
Question: What WB supernatrual drama series was Jawbreaker star Rose Mcgowan best known for being in?
Method: light
[SEP]",0.0,1.0,0,"[""lgraph"", ""light"", ""qagn""]",3,True
202,What WB supernatrual drama series was Jawbreaker star Rose Mcgowan best known for being in?,light,hippo,"[CLS]
Question: What WB supernatrual drama series was Jawbreaker star Rose Mcgowan best known for being in?
Method: light
[SEP]","[CLS]
Question: What WB supernatrual drama series was Jawbreaker star Rose Mcgowan best known for being in?
Method: hippo
[SEP]",1.0,0.1818181818,1,"[""lgraph"", ""light"", ""qagn""]",3,True
202,What WB supernatrual drama series was Jawbreaker star Rose Mcgowan best known for being in?,dalk,qagn,"[CLS]
Question: What WB supernatrual drama series was Jawbreaker star Rose Mcgowan best known for being in?
Method: dalk
[SEP]","[CLS]
Question: What WB supernatrual drama series was Jawbreaker star Rose Mcgowan best known for being in?
Method: qagn
[SEP]",0.125,1.0,0,"[""lgraph"", ""light"", ""qagn""]",3,True
202,What WB supernatrual drama series was Jawbreaker star Rose Mcgowan best known for being in?,gr,qagn,"[CLS]
Question: What WB supernatrual drama series was Jawbreaker star Rose Mcgowan best known for being in?
Method: gr
[SEP]","[CLS]
Question: What WB supernatrual drama series was Jawbreaker star Rose Mcgowan best known for being in?
Method: qagn
[SEP]",0.0,1.0,0,"[""lgraph"", ""light"", ""qagn""]",3,True
202,What WB supernatrual drama series was Jawbreaker star Rose Mcgowan best known for being in?,hippo,qagn,"[CLS]
Question: What WB supernatrual drama series was Jawbreaker star Rose Mcgowan best known for being in?
Method: hippo
[SEP]","[CLS]
Question: What WB supernatrual drama series was Jawbreaker star Rose Mcgowan best known for being in?
Method: qagn
[SEP]",0.1818181818,1.0,0,"[""lgraph"", ""light"", ""qagn""]",3,True
205,In between Atsushi Ogata and Ralph Smart who graduated from Harvard College?,hippo,dalk,"[CLS]
Question: In between Atsushi Ogata and Ralph Smart who graduated from Harvard College?
Method: hippo
[SEP]","[CLS]
Question: In between Atsushi Ogata and Ralph Smart who graduated from Harvard College?
Method: dalk
[SEP]",0.3333333333,0.2352941176,1,"[""hippo""]",1,False
205,In between Atsushi Ogata and Ralph Smart who graduated from Harvard College?,hippo,gr,"[CLS]
Question: In between Atsushi Ogata and Ralph Smart who graduated from Harvard College?
Method: hippo
[SEP]","[CLS]
Question: In between Atsushi Ogata and Ralph Smart who graduated from Harvard College?
Method: gr
[SEP]",0.3333333333,0.25,1,"[""hippo""]",1,False
205,In between Atsushi Ogata and Ralph Smart who graduated from Harvard College?,lgraph,hippo,"[CLS]
Question: In between Atsushi Ogata and Ralph Smart who graduated from Harvard College?
Method: lgraph
[SEP]","[CLS]
Question: In between Atsushi Ogata and Ralph Smart who graduated from Harvard College?
Method: hippo
[SEP]",0.2105263158,0.3333333333,0,"[""hippo""]",1,False
205,In between Atsushi Ogata and Ralph Smart who graduated from Harvard College?,light,hippo,"[CLS]
Question: In between Atsushi Ogata and Ralph Smart who graduated from Harvard College?
Method: light
[SEP]","[CLS]
Question: In between Atsushi Ogata and Ralph Smart who graduated from Harvard College?
Method: hippo
[SEP]",0.1666666667,0.3333333333,0,"[""hippo""]",1,False
205,In between Atsushi Ogata and Ralph Smart who graduated from Harvard College?,hippo,qagn,"[CLS]
Question: In between Atsushi Ogata and Ralph Smart who graduated from Harvard College?
Method: hippo
[SEP]","[CLS]
Question: In between Atsushi Ogata and Ralph Smart who graduated from Harvard College?
Method: qagn
[SEP]",0.3333333333,0.25,1,"[""hippo""]",1,False
206,Which occupations did Ralph Smart and Trey Parker have in common?,light,dalk,"[CLS]
Question: Which occupations did Ralph Smart and Trey Parker have in common?
Method: light
[SEP]","[CLS]
Question: Which occupations did Ralph Smart and Trey Parker have in common?
Method: dalk
[SEP]",0.125,0.1176470588,1,"[""light""]",1,False
206,Which occupations did Ralph Smart and Trey Parker have in common?,gr,light,"[CLS]
Question: Which occupations did Ralph Smart and Trey Parker have in common?
Method: gr
[SEP]","[CLS]
Question: Which occupations did Ralph Smart and Trey Parker have in common?
Method: light
[SEP]",0.1111111111,0.125,0,"[""light""]",1,False
206,Which occupations did Ralph Smart and Trey Parker have in common?,light,hippo,"[CLS]
Question: Which occupations did Ralph Smart and Trey Parker have in common?
Method: light
[SEP]","[CLS]
Question: Which occupations did Ralph Smart and Trey Parker have in common?
Method: hippo
[SEP]",0.125,0.0,1,"[""light""]",1,False
206,Which occupations did Ralph Smart and Trey Parker have in common?,lgraph,light,"[CLS]
Question: Which occupations did Ralph Smart and Trey Parker have in common?
Method: lgraph
[SEP]","[CLS]
Question: Which occupations did Ralph Smart and Trey Parker have in common?
Method: light
[SEP]",0.0,0.125,0,"[""light""]",1,False
206,Which occupations did Ralph Smart and Trey Parker have in common?,qagn,light,"[CLS]
Question: Which occupations did Ralph Smart and Trey Parker have in common?
Method: qagn
[SEP]","[CLS]
Question: Which occupations did Ralph Smart and Trey Parker have in common?
Method: light
[SEP]",0.0,0.125,0,"[""light""]",1,False
209,Where was the person born who was recognized by MIAL and is an American soprano?,lgraph,dalk,"[CLS]
Question: Where was the person born who was recognized by MIAL and is an American soprano?
Method: lgraph
[SEP]","[CLS]
Question: Where was the person born who was recognized by MIAL and is an American soprano?
Method: dalk
[SEP]",1.0,0.0,1,"[""lgraph"", ""qagn""]",2,True
209,Where was the person born who was recognized by MIAL and is an American soprano?,lgraph,gr,"[CLS]
Question: Where was the person born who was recognized by MIAL and is an American soprano?
Method: lgraph
[SEP]","[CLS]
Question: Where was the person born who was recognized by MIAL and is an American soprano?
Method: gr
[SEP]",1.0,0.0,1,"[""lgraph"", ""qagn""]",2,True
209,Where was the person born who was recognized by MIAL and is an American soprano?,lgraph,hippo,"[CLS]
Question: Where was the person born who was recognized by MIAL and is an American soprano?
Method: lgraph
[SEP]","[CLS]
Question: Where was the person born who was recognized by MIAL and is an American soprano?
Method: hippo
[SEP]",1.0,0.0,1,"[""lgraph"", ""qagn""]",2,True
209,Where was the person born who was recognized by MIAL and is an American soprano?,light,lgraph,"[CLS]
Question: Where was the person born who was recognized by MIAL and is an American soprano?
Method: light
[SEP]","[CLS]
Question: Where was the person born who was recognized by MIAL and is an American soprano?
Method: lgraph
[SEP]",0.0,1.0,0,"[""lgraph"", ""qagn""]",2,True
209,Where was the person born who was recognized by MIAL and is an American soprano?,dalk,qagn,"[CLS]
Question: Where was the person born who was recognized by MIAL and is an American soprano?
Method: dalk
[SEP]","[CLS]
Question: Where was the person born who was recognized by MIAL and is an American soprano?
Method: qagn
[SEP]",0.0,1.0,0,"[""lgraph"", ""qagn""]",2,True
209,Where was the person born who was recognized by MIAL and is an American soprano?,qagn,gr,"[CLS]
Question: Where was the person born who was recognized by MIAL and is an American soprano?
Method: qagn
[SEP]","[CLS]
Question: Where was the person born who was recognized by MIAL and is an American soprano?
Method: gr
[SEP]",1.0,0.0,1,"[""lgraph"", ""qagn""]",2,True
209,Where was the person born who was recognized by MIAL and is an American soprano?,hippo,qagn,"[CLS]
Question: Where was the person born who was recognized by MIAL and is an American soprano?
Method: hippo
[SEP]","[CLS]
Question: Where was the person born who was recognized by MIAL and is an American soprano?
Method: qagn
[SEP]",0.0,1.0,0,"[""lgraph"", ""qagn""]",2,True
209,Where was the person born who was recognized by MIAL and is an American soprano?,qagn,light,"[CLS]
Question: Where was the person born who was recognized by MIAL and is an American soprano?
Method: qagn
[SEP]","[CLS]
Question: Where was the person born who was recognized by MIAL and is an American soprano?
Method: light
[SEP]",1.0,0.0,1,"[""lgraph"", ""qagn""]",2,True
212,Tritonia and Phyteuma are both names for a what of plants?,dalk,gr,"[CLS]
Question: Tritonia and Phyteuma are both names for a what of plants?
Method: dalk
[SEP]","[CLS]
Question: Tritonia and Phyteuma are both names for a what of plants?
Method: gr
[SEP]",0.0,1.0,0,"[""gr"", ""hippo"", ""lgraph"", ""light"", ""qagn""]",5,True
212,Tritonia and Phyteuma are both names for a what of plants?,dalk,hippo,"[CLS]
Question: Tritonia and Phyteuma are both names for a what of plants?
Method: dalk
[SEP]","[CLS]
Question: Tritonia and Phyteuma are both names for a what of plants?
Method: hippo
[SEP]",0.0,1.0,0,"[""gr"", ""hippo"", ""lgraph"", ""light"", ""qagn""]",5,True
212,Tritonia and Phyteuma are both names for a what of plants?,dalk,lgraph,"[CLS]
Question: Tritonia and Phyteuma are both names for a what of plants?
Method: dalk
[SEP]","[CLS]
Question: Tritonia and Phyteuma are both names for a what of plants?
Method: lgraph
[SEP]",0.0,1.0,0,"[""gr"", ""hippo"", ""lgraph"", ""light"", ""qagn""]",5,True
212,Tritonia and Phyteuma are both names for a what of plants?,light,dalk,"[CLS]
Question: Tritonia and Phyteuma are both names for a what of plants?
Method: light
[SEP]","[CLS]
Question: Tritonia and Phyteuma are both names for a what of plants?
Method: dalk
[SEP]",1.0,0.0,1,"[""gr"", ""hippo"", ""lgraph"", ""light"", ""qagn""]",5,True
212,Tritonia and Phyteuma are both names for a what of plants?,dalk,qagn,"[CLS]
Question: Tritonia and Phyteuma are both names for a what of plants?
Method: dalk
[SEP]","[CLS]
Question: Tritonia and Phyteuma are both names for a what of plants?
Method: qagn
[SEP]",0.0,1.0,0,"[""gr"", ""hippo"", ""lgraph"", ""light"", ""qagn""]",5,True
213,Who was the woman whose execution for treason by German firing squad was the reason for Prussian Generalleutnant (Lieutenant General) Traugott von Sauberzweig's replacement as Military Governor of Brussels in 1915?,dalk,hippo,"[CLS]
Question: Who was the woman whose execution for treason by German firing squad was the reason for Prussian Generalleutnant (Lieutenant General) Traugott von Sauberzweig's replacement as Military Governor of Brussels in 1915?
Method: dalk
[SEP]","[CLS]
Question: Who was the woman whose execution for treason by German firing squad was the reason for Prussian Generalleutnant (Lieutenant General) Traugott von Sauberzweig's replacement as Military Governor of Brussels in 1915?
Method: hippo
[SEP]",0.0,0.8,0,"[""hippo"", ""lgraph"", ""light"", ""qagn""]",4,True
213,Who was the woman whose execution for treason by German firing squad was the reason for Prussian Generalleutnant (Lieutenant General) Traugott von Sauberzweig's replacement as Military Governor of Brussels in 1915?,gr,hippo,"[CLS]
Question: Who was the woman whose execution for treason by German firing squad was the reason for Prussian Generalleutnant (Lieutenant General) Traugott von Sauberzweig's replacement as Military Governor of Brussels in 1915?
Method: gr
[SEP]","[CLS]
Question: Who was the woman whose execution for treason by German firing squad was the reason for Prussian Generalleutnant (Lieutenant General) Traugott von Sauberzweig's replacement as Military Governor of Brussels in 1915?
Method: hippo
[SEP]",0.0,0.8,0,"[""hippo"", ""lgraph"", ""light"", ""qagn""]",4,True
213,Who was the woman whose execution for treason by German firing squad was the reason for Prussian Generalleutnant (Lieutenant General) Traugott von Sauberzweig's replacement as Military Governor of Brussels in 1915?,lgraph,dalk,"[CLS]
Question: Who was the woman whose execution for treason by German firing squad was the reason for Prussian Generalleutnant (Lieutenant General) Traugott von Sauberzweig's replacement as Military Governor of Brussels in 1915?
Method: lgraph
[SEP]","[CLS]
Question: Who was the woman whose execution for treason by German firing squad was the reason for Prussian Generalleutnant (Lieutenant General) Traugott von Sauberzweig's replacement as Military Governor of Brussels in 1915?
Method: dalk
[SEP]",0.8,0.0,1,"[""hippo"", ""lgraph"", ""light"", ""qagn""]",4,True
213,Who was the woman whose execution for treason by German firing squad was the reason for Prussian Generalleutnant (Lieutenant General) Traugott von Sauberzweig's replacement as Military Governor of Brussels in 1915?,lgraph,gr,"[CLS]
Question: Who was the woman whose execution for treason by German firing squad was the reason for Prussian Generalleutnant (Lieutenant General) Traugott von Sauberzweig's replacement as Military Governor of Brussels in 1915?
Method: lgraph
[SEP]","[CLS]
Question: Who was the woman whose execution for treason by German firing squad was the reason for Prussian Generalleutnant (Lieutenant General) Traugott von Sauberzweig's replacement as Military Governor of Brussels in 1915?
Method: gr
[SEP]",0.8,0.0,1,"[""hippo"", ""lgraph"", ""light"", ""qagn""]",4,True
213,Who was the woman whose execution for treason by German firing squad was the reason for Prussian Generalleutnant (Lieutenant General) Traugott von Sauberzweig's replacement as Military Governor of Brussels in 1915?,dalk,light,"[CLS]
Question: Who was the woman whose execution for treason by German firing squad was the reason for Prussian Generalleutnant (Lieutenant General) Traugott von Sauberzweig's replacement as Military Governor of Brussels in 1915?
Method: dalk
[SEP]","[CLS]
Question: Who was the woman whose execution for treason by German firing squad was the reason for Prussian Generalleutnant (Lieutenant General) Traugott von Sauberzweig's replacement as Military Governor of Brussels in 1915?
Method: light
[SEP]",0.0,0.8,0,"[""hippo"", ""lgraph"", ""light"", ""qagn""]",4,True
213,Who was the woman whose execution for treason by German firing squad was the reason for Prussian Generalleutnant (Lieutenant General) Traugott von Sauberzweig's replacement as Military Governor of Brussels in 1915?,gr,light,"[CLS]
Question: Who was the woman whose execution for treason by German firing squad was the reason for Prussian Generalleutnant (Lieutenant General) Traugott von Sauberzweig's replacement as Military Governor of Brussels in 1915?
Method: gr
[SEP]","[CLS]
Question: Who was the woman whose execution for treason by German firing squad was the reason for Prussian Generalleutnant (Lieutenant General) Traugott von Sauberzweig's replacement as Military Governor of Brussels in 1915?
Method: light
[SEP]",0.0,0.8,0,"[""hippo"", ""lgraph"", ""light"", ""qagn""]",4,True
213,Who was the woman whose execution for treason by German firing squad was the reason for Prussian Generalleutnant (Lieutenant General) Traugott von Sauberzweig's replacement as Military Governor of Brussels in 1915?,dalk,qagn,"[CLS]
Question: Who was the woman whose execution for treason by German firing squad was the reason for Prussian Generalleutnant (Lieutenant General) Traugott von Sauberzweig's replacement as Military Governor of Brussels in 1915?
Method: dalk
[SEP]","[CLS]
Question: Who was the woman whose execution for treason by German firing squad was the reason for Prussian Generalleutnant (Lieutenant General) Traugott von Sauberzweig's replacement as Military Governor of Brussels in 1915?
Method: qagn
[SEP]",0.0,0.8,0,"[""hippo"", ""lgraph"", ""light"", ""qagn""]",4,True
213,Who was the woman whose execution for treason by German firing squad was the reason for Prussian Generalleutnant (Lieutenant General) Traugott von Sauberzweig's replacement as Military Governor of Brussels in 1915?,gr,qagn,"[CLS]
Question: Who was the woman whose execution for treason by German firing squad was the reason for Prussian Generalleutnant (Lieutenant General) Traugott von Sauberzweig's replacement as Military Governor of Brussels in 1915?
Method: gr
[SEP]","[CLS]
Question: Who was the woman whose execution for treason by German firing squad was the reason for Prussian Generalleutnant (Lieutenant General) Traugott von Sauberzweig's replacement as Military Governor of Brussels in 1915?
Method: qagn
[SEP]",0.0,0.8,0,"[""hippo"", ""lgraph"", ""light"", ""qagn""]",4,True
